AccountID,TransactionAmount,TransactionType,Location,MerchantID,Channel,TransactionDuration,LoginAttempts,AccountBalance,ip_prefix,time_diff_days,age_group,TransactionType_enc,Location_enc,MerchantID_enc,Channel_enc,ip_prefix_enc,age_group_enc,pca1,pca2,fraud_label
AC00128,14.09,Debit,San Diego,M015,ATM,81.0,1.0,5112.21,162.198,572.6520138888889,65+,1,36,14,0,186,4,1.8681122825003784,1.0841208145581076,0
AC00455,376.24,Debit,Houston,M052,ATM,141.0,1.0,13758.91,13.149,495.6425462962963,65+,1,15,51,0,82,4,2.6811874682593664,1.2492002426646402,0
AC00019,126.29,Debit,Mesa,M009,Online,56.0,1.0,1122.35,215.97,482.57703703703703,18-25,1,23,8,2,342,0,-2.3074871157705017,-0.8162818378660607,0
AC00070,184.5,Debit,Raleigh,M002,Online,25.0,1.0,8569.06,200.13,548.650636574074,26-35,1,33,1,2,299,1,-0.883489957738891,-0.8048440464891687,0
AC00411,13.45,Credit,Atlanta,M091,Online,198.0,1.0,7429.4,65.164,384.5939236111111,26-35,0,1,90,2,499,1,-0.7976577531772044,-1.7774907796722934,0
AC00393,92.15,Debit,Oklahoma City,M054,ATM,172.0,1.0,781.68,117.67,580.6191550925926,18-25,1,28,53,0,60,0,-2.3563851671320526,1.1364021249844667,0
AC00199,7.08,Credit,Seattle,M019,ATM,139.0,1.0,13316.71,140.212,627.6481597222222,36-50,0,39,18,0,112,2,0.5979774944182336,-0.5902576243270297,0
AC00069,171.42,Credit,Indianapolis,M020,Branch,291.0,1.0,2796.24,92.214,545.5992592592593,65+,0,16,19,1,569,4,1.540584652296257,-1.0640071399960487,0
AC00135,106.23,Credit,Detroit,M035,Branch,86.0,1.0,9095.14,24.148,593.632962962963,51-65,0,11,34,1,369,3,1.197995314241246,-1.0518334312811193,0
AC00385,815.96,Debit,Nashville,M007,ATM,120.0,1.0,1021.88,32.169,583.6663773148148,51-65,1,26,6,0,392,3,0.28481468949687205,1.0771321642369802,0
AC00150,17.78,Credit,Albuquerque,M073,Online,59.0,1.0,7599.52,213.15,600.6392939814815,51-65,0,0,72,2,336,3,1.15601556798395,-1.5742471234217164,0
AC00459,190.02,Debit,Memphis,M030,Online,173.0,1.0,1528.81,116.175,636.6091666666666,18-25,1,22,29,2,56,0,-2.1837458723811562,-0.56765715998802,0
AC00392,494.52,Credit,Mesa,M057,Branch,111.0,1.0,1620.02,210.98,515.616087962963,18-25,0,23,56,1,331,0,-2.0118504112788154,-1.2825453805314302,0
AC00264,781.76,Debit,Memphis,M025,ATM,123.0,1.0,189.69,193.83,349.64434027777776,26-35,1,22,24,0,276,1,-1.7013387103470927,0.6968174682818767,0
AC00085,166.99,Debit,Louisville,M017,Online,134.0,1.0,299.93,188.124,629.63625,18-25,1,21,16,2,250,0,-2.456460295562944,-0.5683111881979498,0
AC00270,465.45,Debit,Denver,M025,ATM,129.0,1.0,3465.54,221.169,327.6588888888889,36-50,1,10,24,0,360,2,-0.48412181784818786,0.8553677739021028,0
AC00317,555.8,Credit,Austin,M048,Branch,158.0,1.0,1131.26,53.218,370.6352546296296,18-25,0,2,47,1,462,0,-2.2051390544529634,-1.3861179087117816,0
AC00359,492.93,Debit,Columbus,M059,Online,234.0,1.0,5109.97,114.223,325.56917824074077,36-50,1,8,58,2,49,2,-0.12897030811345278,-0.7118039179304475,0
AC00242,18.68,Credit,Albuquerque,M054,Branch,106.0,1.0,7948.37,93.218,621.6355439814815,51-65,0,0,53,1,577,3,1.345387789696841,-0.687010094810301,0
AC00285,71.48,Credit,Columbus,M039,Online,169.0,1.0,6568.59,120.170,514.5767361111111,18-25,0,8,38,2,70,0,-1.5927239677327392,-2.2370925827123065,0
AC00002,59.32,Debit,Los Angeles,M040,Branch,38.0,1.0,5750.89,116.44,614.6475231481481,65+,1,20,39,1,59,4,2.0468804440614976,0.49301082621597453,0
AC00014,85.77,Debit,Las Vegas,M065,Branch,93.0,1.0,9146.19,59.132,450.5671527777778,36-50,1,19,64,1,476,2,0.10973815652115777,0.5305767077956479,0
AC00095,52.2,Debit,Atlanta,M022,Online,120.0,1.0,8974.93,133.63,516.5505324074074,36-50,1,1,21,2,91,2,0.2693063106038892,-0.5736912578325957,0
AC00453,345.84,Debit,Fort Worth,M083,Online,142.0,3.0,1402.5,191.82,551.5703472222223,18-25,1,13,82,2,267,0,-2.14797514756145,-0.3370276186979521,0
AC00241,145.54,Debit,Raleigh,M028,Online,96.0,1.0,1930.96,119.186,612.6411226851852,18-25,1,33,27,2,63,0,-2.1442784885556576,-0.6842057999083787,0
AC00041,7.49,Credit,Houston,M043,Online,276.0,1.0,3634.67,81.248,380.59480324074076,51-65,0,15,42,2,541,3,1.1569980014750607,-2.017378296681117,0
AC00441,246.93,Debit,Miami,M029,ATM,158.0,5.0,673.35,55.154,566.6490393518518,18-25,1,24,28,0,465,0,-2.253322341273763,0.9228723132942208,0
AC00057,40.32,Debit,Milwaukee,M008,Branch,95.0,1.0,2686.52,21.28,585.6453819444445,36-50,1,25,7,1,326,2,-0.5629221286959278,0.24716201686812692,0
AC00390,127.45,Debit,Las Vegas,M092,Online,197.0,1.0,1772.06,152.234,649.6616898148148,36-50,1,19,91,2,151,2,-0.362096696098697,0.030446053226694945,0
AC00313,56.17,Debit,Detroit,M043,Branch,283.0,1.0,1351.69,33.28,410.63388888888886,26-35,1,11,42,1,396,1,-1.515931805918858,0.3131969374478936,0
AC00367,28.31,Credit,Miami,M091,Online,20.0,1.0,8334.47,35.67,475.59716435185186,51-65,0,24,90,2,403,3,1.44862068507439,-1.7383736544402872,0
AC00291,59.12,Debit,Baltimore,M053,ATM,257.0,1.0,9823.64,187.199,636.6545601851852,26-35,1,3,52,0,247,1,-0.6256484295334226,1.5273775280852193,0
AC00060,396.45,Debit,New York,M007,ATM,168.0,3.0,9690.15,133.67,405.65640046296295,36-50,1,27,6,0,92,2,0.6325148794914033,0.5418475626479066,0
AC00359,877.81,Debit,Los Angeles,M094,Online,150.0,1.0,399.0,134.140,601.6141898148148,18-25,1,20,93,2,93,0,-2.3248722591648874,-0.24716739101531746,0
AC00365,255.26,Credit,San Francisco,M002,Branch,50.0,1.0,14815.87,92.214,373.6444675925926,36-50,0,37,1,1,569,2,0.9651339304652508,-1.6945905294356531,0
AC00267,124.76,Debit,Seattle,M002,Branch,45.0,1.0,5764.72,59.145,384.6482291666667,36-50,1,39,1,1,477,2,0.14899771234444906,-0.08895265021846624,0
AC00404,78.13,Debit,Milwaukee,M028,Branch,145.0,1.0,900.61,33.28,348.6344212962963,26-35,1,25,27,1,396,1,-1.5855566740225653,0.011180773850636693,0
AC00202,649.28,Debit,San Jose,M074,ATM,137.0,1.0,4875.86,73.108,612.5956365740741,65+,1,38,73,0,515,4,1.8233129397188779,1.647957863644039,0
AC00478,795.31,Debit,Mesa,M048,ATM,90.0,2.0,7914.88,49.29,388.62751157407405,65+,1,23,47,0,449,4,1.9166669944979462,1.0806726634052517,0
AC00405,335.63,Debit,Oklahoma City,M040,Online,216.0,1.0,1019.39,49.20,649.6181944444445,51-65,1,28,39,2,448,3,0.2967830574842781,-0.17714690614649606,0
AC00421,328.47,Debit,San Antonio,M014,ATM,119.0,1.0,4323.66,6.234,461.5608912037037,51-65,1,35,13,0,480,3,0.946239387307459,1.003630479849339,0
AC00480,34.02,Debit,Philadelphia,M046,Online,19.0,1.0,14214.48,109.105,664.6655555555556,36-50,1,30,45,2,25,2,0.6694383660617015,-0.3981438360439263,0
AC00120,241.42,Credit,Charlotte,M044,Online,116.0,1.0,13357.02,60.89,563.549537037037,51-65,0,5,43,2,486,3,1.796621141610158,-1.7659618025220334,0
AC00117,55.32,Debit,Tucson,M009,ATM,117.0,1.0,241.79,173.135,571.6697453703704,18-25,1,40,8,0,218,0,-2.4385750299810147,0.8391665802866214,0
AC00011,304.31,Debit,Louisville,M005,Branch,33.0,1.0,868.61,77.208,466.6370949074074,26-35,1,21,4,1,521,1,-1.6225068793134192,0.08450655331603246,0
AC00401,435.27,Debit,Chicago,M051,Branch,90.0,1.0,4673.28,197.162,396.59841435185183,65+,1,6,50,1,285,4,2.0246974463451965,0.403129710204068,0
AC00282,164.49,Debit,Baltimore,M070,Branch,75.0,1.0,1509.27,113.115,326.6728587962963,26-35,1,3,69,1,43,1,-1.3422456025943506,0.1659665612922694,0
AC00439,510.24,Debit,Oklahoma City,M090,Online,105.0,1.0,781.7,186.135,391.65410879629627,18-25,1,28,89,2,244,0,-2.3433228612215653,-0.5342068224373125,0
AC00296,626.9,Debit,Denver,M023,Online,138.0,1.0,265.51,93.146,342.63989583333336,26-35,1,10,22,2,572,1,-1.7271880177752772,-0.7453262457597704,0
AC00471,22.01,Credit,Sacramento,M055,Online,175.0,1.0,1335.09,124.6,587.6397337962962,36-50,0,34,54,2,76,2,-0.3688698974515728,-2.066377785952212,0
AC00159,425.34,Credit,Kansas City,M040,Online,121.0,1.0,3907.54,139.23,629.6301851851852,65+,0,18,39,2,109,4,1.84731024055732,-1.942565851776386,0
AC00482,424.56,Debit,Omaha,M015,Online,264.0,1.0,5183.85,179.43,621.5993865740741,51-65,1,29,14,2,230,3,0.5969754546108447,-0.5073323722159194,0
AC00115,85.43,Debit,Virginia Beach,M078,Branch,145.0,1.0,14904.9,194.174,515.6397106481481,65+,1,41,77,1,277,4,2.6682788019759434,0.6110892644876161,0
AC00055,169.5,Debit,San Diego,M036,Branch,142.0,1.0,918.88,42.219,423.6371643518519,26-35,1,36,35,1,427,1,-1.580933417920943,0.12779964287715995,0
AC00419,104.63,Debit,Omaha,M095,ATM,90.0,1.0,4477.78,186.135,585.5996064814815,51-65,1,29,94,0,244,3,1.02606627028358,1.6493820580090333,0
AC00374,316.95,Debit,Mesa,M052,Branch,83.0,1.0,1324.03,81.102,457.5941550925926,18-25,1,23,51,1,538,0,-2.1501418356049933,0.3576731004862371,0
AC00271,60.54,Credit,Columbus,M095,Branch,52.0,1.0,3534.93,1.198,325.59537037037035,51-65,0,8,94,1,0,3,1.1082545327719855,-1.2422105635295513,0
AC00456,292.56,Credit,Dallas,M075,Branch,61.0,1.0,4638.37,198.73,611.6042592592593,65+,0,9,74,1,292,4,1.8870186846901098,-0.7637654528299268,0
AC00143,386.52,Debit,Indianapolis,M064,Branch,28.0,1.0,5630.61,186.54,513.6589583333333,36-50,1,16,63,1,245,2,0.17221507930257246,0.4861756299501897,0
AC00427,112.07,Debit,Kansas City,M064,Branch,51.0,1.0,930.3,198.166,398.6501736111111,18-25,1,18,63,1,289,0,-2.1172158749348706,0.2536464023635165,0
AC00438,568.52,Debit,Indianapolis,M094,ATM,152.0,1.0,5499.91,27.143,394.55680555555557,36-50,1,16,93,0,375,2,0.029712405044808154,1.4004039640388675,0
AC00002,263.99,Debit,Dallas,M087,Branch,227.0,2.0,4175.02,7.146,537.6691319444444,65+,1,9,86,1,509,4,2.051723810331398,0.9470007541258102,0
AC00425,349.64,Debit,Las Vegas,M097,Online,226.0,1.0,6651.62,9.230,362.63872685185186,36-50,1,19,96,2,564,2,0.17735686109952128,-0.16243846936535186,0
AC00325,601.4,Credit,Philadelphia,M001,Branch,104.0,1.0,8458.29,125.225,523.6004166666667,51-65,0,30,0,1,77,3,1.306055461730062,-1.6798985967978945,0
AC00434,5.77,Debit,Charlotte,M071,Online,124.0,1.0,13988.12,155.164,367.6735185185185,36-50,1,5,70,2,156,2,1.1814092605444715,-0.4350265040772704,0
AC00242,201.33,Credit,Nashville,M003,Branch,186.0,1.0,2585.07,145.246,585.6327546296296,36-50,0,26,2,1,126,2,-0.24601642910848848,-1.5238809994275289,0
AC00319,298.42,Debit,Indianapolis,M005,Branch,225.0,1.0,3014.75,92.214,558.6658333333334,51-65,1,16,4,1,569,3,0.5383237071713554,0.42359029859798,0
AC00460,521.06,Debit,Albuquerque,M063,Branch,128.0,1.0,1951.42,131.41,565.5634606481482,18-25,1,0,62,1,88,0,-1.9601481450225637,0.4722958776642772,0
AC00461,117.28,Credit,Austin,M057,Online,16.0,1.0,3665.77,46.150,633.6474305555555,51-65,0,2,56,2,439,3,1.0170353394597524,-1.5933699031137054,0
AC00395,189.12,Credit,Indianapolis,M040,Branch,103.0,1.0,977.01,125.89,356.6432175925926,26-35,0,16,39,1,78,1,-1.1139074634285056,-1.6620060338675258,0
AC00217,133.55,Debit,Atlanta,M091,ATM,220.0,1.0,3846.28,40.226,474.66548611111114,36-50,1,1,90,0,421,2,-0.16204795082938517,1.6633851992006934,0
AC00053,143.21,Debit,Dallas,M066,Online,135.0,1.0,6374.82,65.164,660.6313657407408,26-35,1,9,65,2,499,1,-0.809470882207249,0.06437915453181556,0
AC00282,24.77,Debit,Boston,M070,ATM,55.0,1.0,5866.01,9.230,488.57756944444446,51-65,1,4,69,0,564,3,1.1689437184776466,1.6461930481732405,0
AC00110,233.92,Credit,Jacksonville,M046,Online,280.0,1.0,6537.62,152.140,380.63491898148146,26-35,0,17,45,2,150,1,-0.8725432011463337,-2.3586617556892704,0
AC00265,1212.51,Debit,Indianapolis,M036,Branch,24.0,1.0,605.95,193.83,396.64608796296295,18-25,1,16,35,1,276,0,-2.390658782715787,-0.05643210989529039,0
AC00239,232.12,Debit,Omaha,M066,ATM,51.0,1.0,6689.87,156.173,311.6098842592593,36-50,1,29,65,0,160,2,-0.06315215330176426,0.9047678307528723,0
AC00007,162.63,Debit,Kansas City,M060,Online,113.0,1.0,634.17,60.153,510.5934027777778,18-25,1,18,59,2,482,0,-2.2930634379375627,-0.3250337473759783,0
AC00022,91.53,Debit,Milwaukee,M095,Branch,69.0,1.0,14676.05,94.37,601.6523611111111,36-50,1,25,94,1,580,2,0.7785193019952396,0.9924915117761861,0
AC00464,120.29,Debit,Miami,M045,Branch,77.0,1.0,1362.39,162.198,321.55582175925923,18-25,1,24,44,1,186,0,-2.1928633993940654,-0.07906430961076681,0
AC00014,174.25,Debit,Seattle,M032,Online,67.0,1.0,10528.34,130.92,475.55275462962965,36-50,1,39,31,2,87,2,0.7346733188883177,-0.7820988891775792,0
AC00406,183.71,Debit,Denver,M074,ATM,102.0,1.0,552.52,86.103,503.5747800925926,36-50,1,10,73,0,554,2,-0.7519478222230181,1.5728744351957584,0
AC00445,345.39,Credit,Phoenix,M081,Online,80.0,1.0,6451.96,131.41,377.62105324074076,51-65,0,31,80,2,88,3,1.2816070593859565,-2.183780990999645,0
AC00236,922.55,Debit,Detroit,M004,ATM,87.0,1.0,4715.84,21.97,650.6516087962963,51-65,1,11,3,0,327,3,0.9641613882364545,1.2098956533369003,0
AC00220,259.91,Debit,Denver,M028,Online,170.0,1.0,7176.86,36.13,363.64962962962966,36-50,1,10,27,2,405,2,0.34910579365035044,-0.6468457004322662,0
AC00140,154.71,Debit,San Diego,M030,Online,157.0,1.0,1523.72,167.104,489.6453472222222,26-35,1,36,29,2,200,1,-1.2520935917831815,-0.743266057990787,0
AC00098,1340.19,Credit,Austin,M012,Online,30.0,1.0,8654.28,165.114,401.61438657407405,51-65,0,2,11,2,193,3,1.2521767360800926,-2.5049917838805458,0
AC00303,24.56,Debit,Mesa,M033,Branch,69.0,1.0,9869.93,16.131,380.6142361111111,51-65,1,23,32,1,171,3,1.7263027678918537,0.10829461574255914,0
AC00373,568.07,Debit,Washington,M054,ATM,115.0,1.0,10556.81,8.243,433.6275347222222,36-50,1,42,53,0,530,2,0.46506249177639886,1.138663989098847,0
AC00438,9.61,Credit,San Diego,M043,Online,179.0,1.0,12883.91,132.127,500.5636689814815,51-65,0,36,42,2,89,3,1.8640471232519402,-2.2101129464237044,0
AC00437,392.96,Debit,Kansas City,M022,Online,100.0,1.0,791.65,186.54,349.65311342592594,18-25,1,18,21,2,245,0,-2.117464676862548,-0.9679251099743188,0
AC00106,716.93,Credit,Milwaukee,M052,Online,34.0,1.0,4064.02,101.223,416.6379513888889,51-65,0,25,51,2,12,3,1.109126888468946,-2.3684454539064506,0
AC00310,223.85,Debit,Kansas City,M009,ATM,55.0,4.0,2929.91,133.223,398.64711805555555,51-65,1,18,8,0,90,3,0.7048839944529753,0.5498171166260198,0
AC00149,230.66,Debit,Houston,M049,Branch,135.0,1.0,618.05,60.43,587.5796296296296,18-25,1,15,48,1,485,0,-2.3679274168831763,0.5635305681199965,0
AC00373,442.12,Debit,Los Angeles,M047,Online,260.0,1.0,1375.8,168.36,318.6467361111111,18-25,1,20,46,2,205,0,-2.267669034096414,-0.8661052233723135,0
AC00425,644.17,Debit,San Antonio,M093,ATM,72.0,1.0,1143.52,165.38,612.6686921296297,26-35,1,35,92,0,196,1,-1.5454039697610937,1.4426057692531262,0
AC00010,508.68,Credit,Mesa,M048,Branch,127.0,1.0,7708.41,193.108,496.6615972222222,51-65,0,23,47,1,271,3,1.0327367672723353,-1.2682633537716088,0
AC00348,858.63,Credit,San Francisco,M002,Branch,185.0,1.0,1872.96,175.230,565.6134722222222,26-35,0,37,1,1,224,1,-1.485767238291569,-1.6935958988414777,0
AC00011,25.36,Debit,Louisville,M007,ATM,78.0,1.0,201.04,62.152,475.62686342592593,51-65,1,21,6,0,488,3,0.40806007190965704,1.0681143405347968,0
AC00453,147.62,Debit,Charlotte,M028,Branch,133.0,1.0,2115.8,149.84,429.61203703703706,65+,1,5,27,1,144,4,1.7283555637334258,0.26407222041428197,0
AC00178,115.02,Debit,San Antonio,M004,Branch,175.0,1.0,7643.66,134.222,419.6594212962963,36-50,1,35,3,1,94,2,-0.019995320851243288,-0.19657583479997442,0
AC00265,383.37,Debit,Fort Worth,M066,Branch,24.0,1.0,8901.93,18.72,649.616099537037,26-35,1,13,65,1,231,1,-0.682271860470841,0.66017561312962,0
AC00018,98.54,Credit,El Paso,M095,Online,167.0,1.0,9383.43,34.125,450.6606018518519,18-25,0,12,94,2,397,0,-1.3336750864201312,-1.8134102409762978,0
AC00075,83.24,Credit,Fort Worth,M009,Branch,164.0,1.0,1181.31,21.28,384.56644675925924,51-65,0,13,8,1,326,3,0.6327009822078059,-1.5588744012781752,0
AC00464,196.16,Debit,Virginia Beach,M099,Branch,146.0,1.0,9418.86,204.34,618.6521875,26-35,1,41,98,1,314,1,-0.8291297270360339,0.7576143321093805,0
AC00170,129.94,Debit,Las Vegas,M045,ATM,235.0,1.0,7954.92,111.226,671.6462152777777,26-35,1,19,44,0,36,1,-0.6881000054197296,1.321185244920813,0
AC00235,306.9,Debit,Colorado Springs,M047,Online,51.0,1.0,9418.08,96.115,339.65260416666666,36-50,1,7,46,2,582,2,0.441618912225205,-0.48080753199562376,0
AC00013,114.98,Debit,Seattle,M032,Online,80.0,1.0,6144.68,115.218,368.63707175925924,51-65,1,39,31,2,51,3,1.17443769874626,-0.9187086925231244,0
AC00397,756.59,Debit,Sacramento,M012,Branch,17.0,1.0,420.65,174.61,608.6421064814815,26-35,1,34,11,1,221,1,-1.7033855222177094,0.06662875180339034,0
AC00423,503.76,Debit,Los Angeles,M083,Online,35.0,1.0,447.82,216.151,342.5670486111111,18-25,1,20,82,2,343,0,-2.244752826531703,-0.5666728339505739,0
AC00154,143.03,Debit,San Antonio,M055,ATM,147.0,1.0,7981.45,197.162,461.64787037037036,51-65,1,35,54,0,285,3,1.3831120899202762,1.1991361820775852,0
AC00068,1045.22,Debit,Columbus,M077,ATM,73.0,1.0,1829.9,77.7,347.6624537037037,51-65,1,8,76,0,523,3,0.3600539505418482,1.3072440597503574,0
AC00318,245.54,Debit,New York,M089,ATM,180.0,1.0,985.06,44.197,593.6534143518519,18-25,1,27,88,0,431,0,-2.212697819180746,1.5859969478321438,0
AC00396,254.37,Credit,Dallas,M012,Online,174.0,1.0,8849.26,143.212,563.5695138888889,51-65,0,9,11,2,121,3,1.224550866336264,-2.196672720045664,0
AC00121,213.76,Credit,Dallas,M009,ATM,282.0,1.0,3528.72,51.250,613.5953935185186,65+,0,9,8,0,456,4,2.03513071988446,-0.20766687213114218,0
AC00336,327.86,Debit,Fresno,M051,Online,104.0,1.0,480.16,188.124,632.6345138888889,36-50,1,14,50,2,250,2,-0.656067409306216,-0.23348222626632584,0
AC00468,2.5,Debit,San Diego,M042,Online,107.0,1.0,12145.27,44.73,471.6435416666667,36-50,1,36,41,2,433,2,0.6978599211504449,-0.501747862750214,0
AC00282,300.08,Credit,Austin,M040,Online,47.0,1.0,13546.75,85.240,391.6316550925926,65+,0,2,39,2,553,4,2.748631498107501,-1.9770150442520786,0
AC00498,56.98,Credit,Oklahoma City,M086,ATM,122.0,2.0,5688.37,101.90,307.64828703703705,36-50,0,28,85,0,13,2,0.2625010308200976,-0.7004488628119714,0
AC00085,407.65,Debit,Boston,M041,Online,62.0,1.0,8346.64,98.255,485.6631018518519,26-35,1,4,40,2,587,1,-0.9313277893213191,-0.3506125409207237,0
AC00092,115.83,Debit,Fresno,M086,Branch,167.0,1.0,6481.04,124.6,531.6251157407407,36-50,1,14,85,1,76,2,-0.01665545477940493,0.6193639217004712,0
AC00295,53.57,Debit,Houston,M025,ATM,121.0,1.0,1651.33,45.64,445.660775462963,65+,1,15,24,0,438,4,1.4999821250931622,1.2017637647843638,0
AC00358,63.34,Credit,Detroit,M028,Online,165.0,1.0,11174.94,69.82,352.67234953703706,36-50,0,11,27,2,507,2,0.7497864444334763,-2.234842174985098,0
AC00311,317.87,Debit,Detroit,M076,Online,91.0,1.0,145.5,79.227,531.6124652777778,26-35,1,11,75,2,527,1,-1.6865105067553816,-0.11289639254598868,0
AC00066,331.65,Debit,Portland,M006,Online,61.0,1.0,4172.57,26.240,436.61450231481484,36-50,1,32,5,2,374,2,-0.28791881996620067,-0.8647356201373922,0
AC00340,5.04,Debit,Washington,M001,ATM,41.0,1.0,5558.36,63.67,342.64738425925924,51-65,1,42,0,0,492,3,0.8824315496742575,0.7110565319060799,0
AC00284,214.54,Credit,Detroit,M026,Online,247.0,1.0,11151.53,195.226,457.60083333333336,65+,0,11,25,2,281,4,2.5925016427805825,-2.111246570188074,0
AC00208,598.81,Debit,Philadelphia,M081,Branch,158.0,1.0,1415.52,92.214,426.64002314814815,51-65,1,30,80,1,569,3,0.4148257493137359,0.5987150487788451,0
AC00176,841.28,Debit,Tucson,M083,Online,80.0,1.0,1103.64,101.223,452.60800925925923,26-35,1,40,82,2,12,1,-1.5876684958977731,-0.6766519579028837,0
AC00053,38.15,Debit,Mesa,M005,Online,108.0,1.0,303.68,77.21,423.6666898148148,26-35,1,23,4,2,522,1,-1.6847588921701875,-0.7811736682958416,0
AC00320,1036.66,Debit,San Antonio,M062,Branch,144.0,1.0,5541.57,53.218,481.6454976851852,51-65,1,35,61,1,462,3,0.7947271332613457,0.43189205336690134,0
AC00382,124.72,Debit,Oklahoma City,M004,Branch,105.0,1.0,6309.8,147.234,489.6203472222222,26-35,1,28,3,1,136,1,-0.7802188018496748,-0.07747920350382878,0
AC00384,302.45,Credit,San Antonio,M059,Branch,40.0,1.0,5133.61,203.99,405.6238310185185,65+,0,35,58,1,312,4,2.2893494131484458,-1.3012526583067345,0
AC00203,208.04,Debit,Louisville,M055,Online,273.0,1.0,9344.98,65.27,349.6241087962963,36-50,1,21,54,2,500,2,0.4183455438705802,-0.477327119199952,0
AC00498,5.77,Credit,Los Angeles,M098,Branch,254.0,1.0,1117.97,85.240,352.6137268518519,18-25,0,20,97,1,553,0,-2.0715156894905045,-1.0521109260850134,0
AC00349,381.33,Debit,Albuquerque,M034,ATM,75.0,1.0,11835.35,62.251,440.6412847222222,51-65,1,0,33,0,489,3,1.5144382070295435,1.2806440844369746,0
AC00177,16.16,Debit,Milwaukee,M065,ATM,124.0,1.0,14401.17,161.177,384.633599537037,36-50,1,25,64,0,181,2,1.145860589198949,1.1136761878029067,0
AC00284,486.08,Debit,Oklahoma City,M060,Online,68.0,1.0,1748.69,138.87,502.6147337962963,18-25,1,28,59,2,108,0,-2.271440182268403,-0.6386493118775275,0
AC00272,336.39,Debit,San Antonio,M003,Branch,18.0,1.0,1000.46,203.99,657.6363310185185,18-25,1,35,2,1,312,0,-2.344139900579728,0.1340153056129162,0
AC00405,997.43,Debit,Seattle,M067,Online,118.0,1.0,6810.05,100.4,347.66743055555554,65+,1,39,66,2,10,4,1.989377358826064,-0.783816109166798,0
AC00385,234.57,Debit,Chicago,M045,Online,120.0,1.0,263.98,45.182,429.6664236111111,18-25,1,6,44,2,435,0,-2.236398937534475,-0.5105841633317211,0
AC00403,6.0,Debit,Chicago,M090,Online,246.0,1.0,5442.76,18.72,377.5635185185185,26-35,1,6,89,2,231,1,-0.9109791423355299,-0.3098713469307748,0
AC00114,1049.92,Debit,Detroit,M052,ATM,21.0,1.0,2037.85,121.67,377.63890046296297,65+,1,11,51,0,72,4,1.980334942864508,1.0011031136321447,0
AC00163,227.14,Debit,Charlotte,M057,ATM,294.0,1.0,341.94,197.162,489.60377314814815,18-25,1,5,56,0,285,0,-2.4280420195502357,1.2712278899677874,0
AC00108,233.74,Credit,Oklahoma City,M030,Online,17.0,1.0,1066.59,96.115,376.6460300925926,65+,0,28,29,2,582,4,1.4173366579249984,-2.2098432992251507,0
AC00397,113.02,Credit,Jacksonville,M019,Branch,166.0,1.0,6077.96,33.212,405.6340162037037,65+,0,17,18,1,395,4,2.0599243557574978,-1.3925410828877958,0
AC00434,45.85,Debit,Los Angeles,M085,ATM,92.0,1.0,1659.15,163.129,626.5904398148148,18-25,1,20,84,0,189,0,-2.2011008250812005,1.5159487290603335,0
AC00385,973.39,Debit,Sacramento,M026,Branch,296.0,1.0,2042.22,202.194,431.61694444444447,65+,1,34,25,1,306,4,1.6676461398811786,0.13640442252128668,0
AC00161,514.95,Debit,New York,M056,Online,142.0,5.0,421.93,23.92,570.5640393518519,36-50,1,27,55,2,367,2,-0.6461355023362017,-0.5697456035351599,0
AC00333,415.5,Debit,Memphis,M077,ATM,141.0,1.0,10113.66,140.212,464.6534722222222,65+,1,22,76,0,112,4,2.2387366748445126,1.331100518486865,0
AC00279,265.76,Debit,Philadelphia,M049,Online,92.0,1.0,4446.17,3.157,636.5995717592592,51-65,1,30,48,2,383,3,0.649451419774318,-0.19837589053685176,0
AC00072,69.4,Debit,Virginia Beach,M073,Online,113.0,1.0,6452.77,216.151,468.5835763888889,65+,1,41,72,2,343,4,2.3361833880810288,-0.27753932326466885,0
AC00242,332.93,Credit,Albuquerque,M039,Branch,293.0,1.0,2788.2,113.115,349.6516898148148,26-35,0,0,38,1,43,1,-0.8408220868987752,-1.5797066572792073,0
AC00303,267.9,Debit,San Antonio,M078,Online,160.0,1.0,596.16,216.32,391.63596064814817,18-25,1,35,77,2,345,0,-2.3573902922912633,-0.5601517209609806,0
AC00442,496.03,Debit,San Francisco,M009,Branch,265.0,1.0,12904.66,210.160,366.64153935185186,51-65,1,37,8,1,329,3,1.7154497956452663,-0.07783521532848471,0
AC00087,376.26,Debit,Tucson,M081,ATM,245.0,1.0,9062.4,82.88,627.6449884259259,36-50,1,40,80,0,546,2,-0.1395077444136652,1.6546061554928055,0
AC00174,83.02,Credit,Seattle,M058,Online,171.0,1.0,9009.56,34.92,426.59108796296294,36-50,0,39,57,2,400,2,0.1166219819712795,-2.1579988231492635,0
AC00421,93.26,Credit,New York,M092,Online,72.0,1.0,1152.2,182.225,465.6591666666667,18-25,0,27,91,2,235,0,-2.09610676889394,-2.005251631066068,0
AC00111,803.37,Credit,Memphis,M030,Branch,129.0,1.0,12168.37,191.91,566.6667361111112,65+,0,22,29,1,268,4,2.5080754738921516,-1.2438747617406567,0
AC00275,35.76,Debit,Charlotte,M057,Branch,122.0,1.0,611.86,111.78,411.6065046296296,18-25,1,5,56,1,37,0,-2.049126995995567,0.18791608451528108,0
AC00492,28.53,Debit,Washington,M035,Online,99.0,1.0,8670.53,215.97,522.6450347222222,51-65,1,42,34,2,342,3,1.3908236955338469,-0.505412348447816,0
AC00380,139.53,Credit,Louisville,M002,Online,177.0,1.0,10098.86,167.104,391.6162268518519,51-65,0,21,1,2,200,3,1.426788060102677,-2.5314879120464315,0
AC00227,307.57,Debit,Detroit,M049,Branch,285.0,1.0,5307.74,128.16,664.6628703703703,26-35,1,11,48,1,79,1,-0.9271888102874389,0.5636944493482494,0
AC00257,60.65,Credit,Tucson,M085,Branch,53.0,1.0,1047.28,10.144,527.5793287037037,51-65,0,40,84,1,4,3,0.6862739418270385,-1.1774638799025747,0
AC00062,74.86,Debit,Nashville,M028,Branch,125.0,1.0,6921.48,161.168,447.6002546296296,65+,1,26,27,1,180,4,2.0954457319506314,0.20457523161792793,0
AC00383,117.97,Debit,Kansas City,M100,Branch,137.0,1.0,1475.46,198.39,345.5540393518518,51-65,1,18,99,1,291,3,0.4137236845081212,0.5540151093174791,0
AC00182,231.91,Debit,Memphis,M044,ATM,165.0,1.0,112.76,161.71,642.5700578703704,26-35,1,22,43,0,184,1,-1.4111624250803405,1.3022784587782734,0
AC00478,126.21,Debit,Baltimore,M001,Branch,268.0,1.0,5669.66,141.121,628.6678356481482,65+,1,3,0,1,114,4,2.136575566157339,0.42684684171055054,0
AC00332,506.28,Credit,Chicago,M010,Online,162.0,2.0,1309.95,110.150,551.6289351851852,51-65,0,6,9,2,31,3,0.5960552223504471,-2.3558852785618907,1
AC00202,304.35,Debit,Houston,M007,Branch,36.0,1.0,4057.1,183.39,335.6258217592593,26-35,1,15,6,1,237,1,-1.0279016251086572,-0.207348504344227,0
AC00331,281.85,Debit,Detroit,M013,ATM,109.0,1.0,1585.98,219.193,537.6118171296297,18-25,1,11,12,0,352,0,-2.1832782237733674,1.0252212764714723,0
AC00474,777.88,Debit,Houston,M018,Branch,17.0,1.0,6825.55,139.23,594.6326736111112,26-35,1,15,17,1,109,1,-0.8551977402429597,0.14265331342590384,0
AC00268,119.18,Debit,Los Angeles,M093,Branch,96.0,1.0,5516.5,7.105,436.5874537037037,51-65,1,20,92,1,508,3,0.89434042515651,0.7564923945488068,0
AC00247,177.19,Debit,Chicago,M088,Online,43.0,1.0,5343.3,130.92,538.6118287037037,65+,1,6,87,2,87,4,2.2365065429007602,-0.048612728085625306,0
AC00298,260.88,Debit,Denver,M094,Branch,36.0,1.0,903.05,184.59,524.6365972222222,18-25,1,10,93,1,242,0,-2.169653899263317,0.6416247802002141,0
AC00106,169.47,Debit,Chicago,M046,Online,19.0,1.0,1806.16,120.170,592.6648495370371,18-25,1,6,45,2,70,0,-1.9550580509676707,-0.4565239963626622,0
AC00035,73.23,Debit,Portland,M022,Branch,14.0,1.0,787.74,155.37,534.6377199074074,26-35,1,32,21,1,158,1,-1.5658831034721616,0.06687023387969954,0
AC00363,1362.55,Debit,El Paso,M001,ATM,106.0,1.0,2429.68,93.52,632.586087962963,26-35,1,12,0,0,578,1,-1.6046055523411582,1.1295711071886034,0
AC00273,792.57,Debit,Baltimore,M059,ATM,164.0,1.0,770.37,110.235,531.6583680555556,18-25,1,3,58,0,32,0,-2.3223180078414223,1.1435833319673223,0
AC00156,237.06,Debit,Phoenix,M049,Online,46.0,1.0,1182.77,61.95,321.63927083333334,65+,1,31,48,2,487,4,1.515896628800809,-0.5828229868720165,0
AC00010,34.17,Credit,Philadelphia,M091,Online,54.0,1.0,726.55,177.116,348.63108796296297,51-65,0,30,90,2,226,3,0.6021249631007831,-2.0706922254568805,0
AC00036,740.25,Debit,Philadelphia,M010,Online,123.0,1.0,14464.3,1.198,473.6281134259259,36-50,1,30,9,2,0,2,0.7441396358070683,-0.9873739837065324,0
AC00149,453.54,Debit,Albuquerque,M017,ATM,82.0,1.0,12046.3,223.32,564.6500347222222,51-65,1,0,16,0,364,3,1.5948363782162183,1.2906654338576766,0
AC00225,300.47,Debit,Jacksonville,M065,Branch,100.0,1.0,7885.64,156.173,356.66398148148147,65+,1,17,64,1,160,4,2.3373228318586894,0.32543403771869617,0
AC00077,110.93,Credit,Virginia Beach,M036,Branch,201.0,1.0,1952.35,101.223,576.6476620370371,18-25,0,41,35,1,12,0,-2.1038361161913293,-1.5451814561652384,0
AC00440,201.69,Debit,Las Vegas,M019,ATM,299.0,1.0,7328.52,193.108,670.6414351851852,51-65,1,19,18,0,271,3,1.1064033569415628,1.3782299117721133,0
AC00321,399.21,Debit,Portland,M062,ATM,109.0,1.0,3210.39,30.229,643.6614814814815,51-65,1,32,61,0,387,3,0.6764951613318747,1.5459407733318897,0
AC00099,1041.88,Debit,Jacksonville,M032,Online,57.0,1.0,5726.2,32.240,424.6407638888889,65+,1,17,31,2,393,4,2.1316257502156475,-0.5735776230117818,0
AC00258,630.36,Debit,Mesa,M084,ATM,52.0,1.0,1363.65,200.22,612.6669212962963,51-65,1,23,83,0,302,3,0.654148145798267,1.6157669831609656,0
AC00132,10.94,Credit,Philadelphia,M083,ATM,245.0,1.0,1241.99,10.191,377.6165046296296,51-65,0,30,82,0,5,3,0.8769682958477313,-0.4835397410230306,0
AC00113,215.9,Debit,Los Angeles,M083,ATM,235.0,1.0,7873.28,147.119,669.6723842592593,36-50,1,20,82,0,133,2,-0.02785179961389162,1.6399242335309567,0
AC00396,1422.55,Debit,Washington,M072,Branch,165.0,1.0,5674.32,188.124,482.59550925925925,65+,1,42,71,1,250,4,2.052488597557263,0.37738591839934443,0
AC00099,226.37,Credit,Louisville,M041,Branch,141.0,1.0,9840.04,206.62,412.62694444444446,36-50,0,21,40,1,318,2,0.7276449775381447,-1.4002776580229086,0
AC00265,444.89,Credit,Las Vegas,M060,Branch,101.0,1.0,10328.23,42.61,419.65568287037036,36-50,0,19,59,1,429,2,0.5089564443260195,-1.2373794334016426,0
AC00047,280.57,Credit,Virginia Beach,M017,Online,24.0,1.0,293.24,170.225,646.6078587962963,18-25,0,41,16,2,211,0,-2.1054883452645203,-2.330811741236901,0
AC00005,488.54,Debit,Jacksonville,M036,Branch,132.0,1.0,7486.63,198.24,489.59695601851854,51-65,1,17,35,1,290,3,0.9297942395521904,0.3278484924474577,0
AC00363,3.3,Credit,Los Angeles,M085,Branch,131.0,1.0,11385.37,116.44,587.644386574074,36-50,0,20,84,1,59,2,0.9820582643735037,-0.9498786515129771,0
AC00426,199.39,Debit,Colorado Springs,M023,Branch,165.0,1.0,7264.79,194.88,440.6616203703704,65+,1,7,22,1,279,4,2.0856127501267445,0.3109705379720445,0
AC00107,20.36,Debit,Tucson,M069,Branch,75.0,1.0,2762.48,96.115,468.63121527777776,51-65,1,40,68,1,582,3,0.7781579778641332,0.5918550184476026,0
AC00237,113.64,Debit,Detroit,M038,Online,32.0,1.0,6675.03,31.127,376.62377314814813,51-65,1,11,37,2,389,3,1.3132254510670647,-0.5380653039552242,0
AC00358,493.11,Debit,Colorado Springs,M022,Branch,236.0,1.0,7432.99,35.220,461.6545717592593,51-65,1,7,21,1,401,3,0.9329387404930816,0.3285939979212051,0
AC00113,307.41,Debit,Los Angeles,M007,ATM,14.0,1.0,1057.0,1.7,510.60898148148146,18-25,1,20,6,0,2,0,-2.2325240125989976,0.6829878123777049,0
AC00010,11.18,Debit,Atlanta,M017,Online,161.0,1.0,5956.89,16.51,339.63724537037035,36-50,1,1,16,2,173,2,0.14723678254935646,-0.8169206527993033,0
AC00499,313.82,Debit,Tucson,M097,Branch,151.0,1.0,7261.59,179.43,354.54935185185184,51-65,1,40,96,1,230,3,1.1925929635263295,0.3989843093384266,0
AC00380,51.0,Debit,Seattle,M063,Branch,107.0,1.0,4943.16,193.217,643.6720486111111,51-65,1,39,62,1,274,3,1.0931087815524199,0.6726234873265474,0
AC00452,140.98,Debit,Memphis,M059,Branch,100.0,1.0,8127.48,192.95,528.6512847222223,51-65,1,22,58,1,270,3,1.3222471157083986,0.5469084332438204,0
AC00020,288.04,Debit,Denver,M092,ATM,63.0,1.0,1748.02,205.69,437.6407291666667,65+,1,10,91,0,316,4,1.5207524131349965,1.554312268284763,0
AC00181,800.55,Debit,Oklahoma City,M062,ATM,108.0,1.0,9660.22,8.244,549.6564583333334,26-35,1,28,61,0,531,1,-0.7535340924327248,1.3618141205975842,0
AC00370,485.54,Debit,Houston,M061,ATM,143.0,1.0,6371.51,140.212,636.6005439814815,36-50,1,15,60,0,112,2,0.1316656870497045,1.4287520491777808,0
AC00453,521.15,Debit,Kansas City,M084,ATM,214.0,1.0,9442.47,166.7,625.5773842592592,51-65,1,18,83,0,198,3,1.1561519745182072,1.6451079207763681,0
AC00339,321.79,Credit,Raleigh,M056,ATM,61.0,1.0,5959.2,86.103,454.61074074074077,51-65,0,33,55,0,554,3,1.2394543755805874,-0.32821516532248224,0
AC00249,304.93,Debit,Portland,M098,ATM,158.0,1.0,13531.22,21.190,618.6561689814815,51-65,1,32,97,0,325,3,1.9223508492862884,1.753872951593303,0
AC00479,432.08,Debit,El Paso,M044,ATM,145.0,1.0,11500.62,40.192,461.6714236111111,36-50,1,12,43,0,419,2,0.3756081256874128,1.2282317766850503,0
AC00301,694.2,Debit,Milwaukee,M035,ATM,72.0,1.0,1389.37,27.143,332.6578125,51-65,1,25,34,0,375,3,0.6546739303159692,0.8891346332458457,0
AC00380,116.86,Debit,Louisville,M088,ATM,171.0,1.0,6706.56,184.146,594.5718402777778,51-65,1,21,87,0,238,3,0.982551098223516,1.6615940254322548,0
AC00130,386.81,Credit,Detroit,M039,Online,149.0,1.0,7175.29,34.169,611.5888657407407,51-65,0,11,38,2,398,3,1.1710373837156398,-1.8203990201308093,0
AC00006,74.88,Debit,Atlanta,M026,ATM,202.0,1.0,420.67,161.161,529.6541203703704,18-25,1,1,25,0,179,0,-2.09761801896935,1.106802728411951,0
AC00096,195.76,Debit,Philadelphia,M056,Branch,99.0,1.0,7323.53,119.163,531.6614467592592,65+,1,30,55,1,62,4,2.3128123485114624,0.424828268573869,0
AC00108,134.7,Debit,Fort Worth,M074,ATM,106.0,1.0,8395.85,155.19,440.6720949074074,36-50,1,13,73,0,157,2,0.5796531550671801,1.2889827649039918,0
AC00070,890.24,Credit,Las Vegas,M029,Online,161.0,1.0,5140.93,28.149,485.5859837962963,26-35,0,19,28,2,379,1,-0.9189609846010933,-2.2807821665833203,0
AC00417,361.27,Debit,Omaha,M088,ATM,180.0,1.0,7945.57,78.100,667.6307175925926,51-65,1,29,87,0,525,3,1.228768865281396,1.8732757232966297,0
AC00391,131.56,Debit,Charlotte,M014,Branch,42.0,1.0,5873.54,27.215,381.64207175925924,36-50,1,5,13,1,376,2,0.09830673427784117,0.10806662865442913,0
AC00414,485.51,Credit,Milwaukee,M097,Online,37.0,1.0,3074.45,91.204,341.6379050925926,65+,0,25,96,2,567,4,1.9724486942497905,-1.816287266773988,1
AC00004,547.87,Debit,Columbus,M064,ATM,131.0,1.0,6155.76,188.205,482.6215740740741,51-65,1,8,63,0,251,3,1.269862605702745,1.374847088132113,0
AC00047,457.3,Debit,Virginia Beach,M042,Online,15.0,1.0,8318.29,62.27,496.5712037037037,26-35,1,41,41,2,490,1,-0.9245534323791434,-0.5925532497796077,0
AC00198,506.24,Debit,Chicago,M077,ATM,64.0,1.0,230.09,136.104,660.643912037037,51-65,1,6,76,0,98,3,0.5032603571023126,1.6356411181165287,0
AC00314,486.59,Debit,Indianapolis,M017,Branch,119.0,1.0,2513.56,129.102,320.6352430555556,51-65,1,16,16,1,80,3,0.7514785800415971,-0.15836164227948682,0
AC00212,163.68,Debit,San Diego,M087,Branch,292.0,1.0,10090.05,35.67,402.65976851851855,36-50,1,36,86,1,403,2,0.24909610326716156,0.5075225941811603,0
AC00115,581.65,Debit,Boston,M009,ATM,176.0,1.0,480.19,80.92,664.6351967592593,18-25,1,4,8,0,537,0,-2.422832893059333,1.309386507363649,0
AC00055,52.01,Debit,Mesa,M019,ATM,85.0,1.0,1120.88,178.34,362.64262731481483,36-50,1,23,18,0,228,2,-0.21156847483714886,0.7839752022647866,0
AC00427,630.24,Debit,Boston,M054,ATM,62.0,1.0,370.81,12.246,340.5842824074074,18-25,1,4,53,0,67,0,-2.1989345866471344,0.8321744119524958,0
AC00401,523.74,Debit,Oklahoma City,M099,ATM,159.0,1.0,13498.55,216.151,367.6460069444444,36-50,1,28,98,0,343,2,0.6822852935554327,1.3184395743565005,0
AC00430,705.6,Debit,Phoenix,M071,Branch,124.0,3.0,14804.7,205.45,622.5606597222222,36-50,1,31,70,1,315,2,0.6382547258088775,0.5059344930417732,0
AC00299,217.5,Credit,Denver,M043,Branch,35.0,1.0,3057.4,101.90,377.55011574074075,36-50,0,10,42,1,13,2,0.12499422906608837,-1.5741904199509964,0
AC00345,91.48,Debit,Fort Worth,M081,ATM,141.0,1.0,14942.78,160.74,650.6380324074074,51-65,1,13,80,0,178,3,1.6608220258947362,1.7119497355751185,0
AC00430,5.25,Debit,San Jose,M010,ATM,49.0,1.0,14143.32,93.170,356.57358796296296,36-50,1,38,9,0,576,2,0.5828108541190635,0.8114408164051853,0
AC00175,54.03,Credit,Milwaukee,M087,ATM,161.0,1.0,6736.3,161.25,411.61863425925924,51-65,0,25,86,0,183,3,1.2229656694740223,-0.30675926949086857,0
AC00177,736.73,Debit,Memphis,M037,Branch,10.0,1.0,3313.07,107.247,342.67045138888886,36-50,1,22,36,1,23,2,0.0070665034754272965,-0.14523699620989056,0
AC00225,368.91,Debit,Virginia Beach,M082,Branch,14.0,1.0,829.71,218.238,604.5975810185186,51-65,1,41,81,1,349,3,0.2999254356372191,0.6903611670172637,0
AC00394,33.06,Credit,Fort Worth,M045,Online,170.0,1.0,1540.87,63.67,656.6687731481481,51-65,0,13,44,2,492,3,0.47748389769050753,-1.6461925362232601,0
AC00026,66.5,Credit,Louisville,M098,Online,144.0,1.0,6820.23,13.88,549.641087962963,26-35,0,21,97,2,85,1,-0.603541495949693,-1.8126609472115827,0
AC00076,177.08,Debit,Las Vegas,M014,Online,85.0,1.0,13475.14,176.96,667.6219560185185,26-35,1,19,13,2,225,1,-0.07115648088477373,-0.47087948254785955,0
AC00215,588.54,Debit,Portland,M031,Branch,130.0,1.0,714.45,211.97,636.5924652777778,26-35,1,32,30,1,334,1,-1.5324896488537605,0.3544293298798869,0
AC00202,173.5,Debit,Nashville,M052,ATM,282.0,1.0,1306.91,32.13,377.62189814814815,18-25,1,26,51,0,391,0,-2.269646388458069,1.0178204654885465,0
AC00400,78.33,Credit,Memphis,M069,Online,189.0,1.0,7255.33,85.240,461.6632638888889,51-65,0,22,68,2,553,3,1.1473541781712424,-1.79301902639579,0
AC00004,40.66,Debit,Louisville,M061,Branch,156.0,1.0,1153.84,148.25,307.66850694444446,51-65,1,21,60,1,141,3,0.7231323228299411,0.17174638827981414,0
AC00260,97.22,Credit,Atlanta,M063,Branch,55.0,1.0,6647.73,188.205,622.6117824074074,65+,0,1,62,1,251,4,2.463563095288546,-0.7642406215410765,0
AC00415,34.07,Debit,Philadelphia,M080,Branch,81.0,1.0,8709.77,29.168,363.61415509259257,18-25,1,30,79,1,380,0,-1.4474081736266822,0.30785975089997475,0
AC00337,492.06,Debit,Fresno,M012,Online,74.0,1.0,857.9,60.166,381.66366898148146,18-25,1,14,11,2,483,0,-2.228652305099499,-0.8546641241794634,0
AC00253,842.01,Credit,Virginia Beach,M015,Online,185.0,1.0,509.45,62.152,418.64243055555556,51-65,0,41,14,2,488,3,0.26413174840362047,-2.4463140736951923,0
AC00126,73.55,Debit,Atlanta,M086,ATM,158.0,1.0,2812.06,196.121,664.6677430555555,51-65,1,1,85,0,283,3,0.48667588467225337,1.8792217248787912,0
AC00304,760.53,Debit,Phoenix,M005,Online,118.0,1.0,6179.91,177.116,426.5806712962963,51-65,1,31,4,2,226,3,0.9557398130592938,-0.9355195199123496,0
AC00470,273.08,Credit,Houston,M007,Branch,134.0,1.0,6609.3,150.231,643.6658449074074,26-35,0,15,6,1,146,1,-0.919502180004801,-1.4065933339976668,0
AC00041,371.69,Debit,San Francisco,M020,Branch,143.0,1.0,3484.32,124.180,317.6542824074074,65+,1,37,19,1,75,4,1.6536042213306772,-0.1996644275312444,0
AC00442,218.96,Debit,Seattle,M021,ATM,13.0,1.0,754.21,52.196,431.66583333333335,18-25,1,39,20,0,459,0,-2.449628151326807,0.7972965443537192,0
AC00430,227.39,Debit,Atlanta,M010,Online,65.0,1.0,751.09,96.115,314.634224537037,18-25,1,1,9,2,582,0,-2.36190071062348,-0.8302460765163897,0
AC00258,237.99,Credit,Kansas City,M043,Branch,86.0,1.0,8510.09,168.55,545.6433449074074,36-50,0,18,42,1,206,2,0.24907300180912537,-1.259203715195384,0
AC00073,186.6,Debit,Washington,M037,Online,13.0,1.0,1508.72,52.1,488.6520949074074,51-65,1,42,36,2,457,3,0.5306861959778995,-0.5329357293545217,0
AC00430,341.15,Debit,San Jose,M042,Online,148.0,1.0,511.37,6.44,629.619375,18-25,1,38,41,2,481,0,-2.5725856254543,-0.39149822874120194,0
AC00363,434.58,Debit,Memphis,M091,ATM,215.0,1.0,12648.32,80.92,424.6525115740741,51-65,1,22,90,0,537,3,1.6051638693168295,1.5630729969217965,0
AC00307,312.88,Credit,Portland,M040,Branch,44.0,1.0,233.21,201.114,527.5795486111111,51-65,0,32,39,1,304,3,0.4243195849497381,-1.3037892193321676,0
AC00085,75.15,Debit,Boston,M094,ATM,154.0,1.0,1092.92,135.29,412.6108449074074,18-25,1,4,93,0,96,0,-2.02935810753272,1.3012127165919967,0
AC00448,23.3,Debit,Los Angeles,M061,ATM,161.0,1.0,6711.15,111.226,447.57949074074077,51-65,1,20,60,0,36,3,1.2476435507198926,1.174545079689196,0
AC00194,47.38,Credit,Seattle,M061,Online,61.0,1.0,459.37,150.231,634.5756712962963,18-25,0,39,60,2,146,0,-2.031310471341892,-2.0517533215998185,0
AC00319,512.81,Debit,Sacramento,M004,Branch,30.0,1.0,6994.34,82.75,473.6353819444444,65+,1,34,3,1,545,4,2.2514236162205616,0.18781311517221105,0
AC00366,488.15,Debit,Louisville,M098,Branch,168.0,1.0,7071.09,81.102,461.6737615740741,36-50,1,21,97,1,538,2,7.037686710328238e-05,0.7653737155515034,0
AC00338,12.82,Debit,Fort Worth,M055,ATM,156.0,1.0,9045.19,152.234,578.5633680555555,36-50,1,13,54,0,151,2,0.3842517689703123,1.3837354504739647,0
AC00178,66.9,Credit,Charlotte,M021,Online,129.0,4.0,5238.71,138.210,566.6388194444445,65+,0,5,20,2,106,4,2.4820712856535874,-2.2238989129739206,1
AC00424,535.91,Debit,Las Vegas,M097,Online,22.0,1.0,9642.12,104.80,485.647650462963,36-50,1,19,96,2,17,2,0.4388666156964007,-0.328657933618636,0
AC00147,270.72,Credit,Washington,M094,Online,53.0,1.0,6263.96,26.240,489.59033564814814,26-35,0,42,93,2,374,1,-1.0064475569538773,-1.9455438409101362,0
AC00171,97.98,Debit,Denver,M033,Branch,18.0,1.0,7460.33,211.42,636.6659143518518,65+,1,10,32,1,332,4,2.1814658556441375,0.6753487411230029,0
AC00023,196.08,Debit,San Francisco,M088,Online,98.0,1.0,4233.82,198.73,436.63475694444446,51-65,1,37,87,2,292,3,0.969058089676571,-0.3127509527623706,0
AC00263,251.18,Debit,San Jose,M058,ATM,246.0,1.0,8303.9,134.222,521.6366203703703,36-50,1,38,57,0,94,2,0.15803401891210198,1.1368150404792237,0
AC00423,44.52,Debit,El Paso,M081,Online,205.0,1.0,314.28,89.21,586.5694791666666,26-35,1,12,80,2,561,1,-1.6540429535708248,0.06966227836969377,0
AC00455,178.87,Debit,Baltimore,M001,Online,180.0,1.0,5241.23,134.247,530.6710879629629,26-35,1,3,0,2,95,1,-0.7668618964796644,-0.7366355378057984,0
AC00454,1176.28,Credit,Kansas City,M074,ATM,174.0,5.0,323.69,50.202,319.6692361111111,51-65,0,18,73,0,454,3,0.40518293964074603,-0.7320553706280499,1
AC00055,386.68,Debit,New York,M019,Branch,128.0,1.0,6863.06,207.157,369.6378125,36-50,1,27,18,1,320,2,0.1776803585587902,-0.03295839814598047,0
AC00403,167.14,Debit,Denver,M049,Online,20.0,1.0,3877.73,125.89,559.5645486111111,65+,1,10,48,2,78,4,2.0815740991109264,-0.30426076271751806,0
AC00220,345.22,Debit,Fresno,M025,Branch,253.0,1.0,4046.58,164.75,425.63320601851854,65+,1,14,24,1,192,4,1.7492775299658636,0.21515966593092764,0
AC00009,74.85,Debit,Raleigh,M091,ATM,117.0,1.0,2409.73,191.82,314.6199189814815,65+,1,33,90,0,267,4,1.7380521870843317,1.2490260519558494,0
AC00445,671.73,Debit,Washington,M071,Branch,54.0,1.0,5211.88,112.56,384.66400462962963,51-65,1,42,70,1,40,3,0.97498740827221,0.10234937629050672,0
AC00133,255.04,Debit,Seattle,M084,ATM,152.0,1.0,6217.86,98.39,346.6636458333333,36-50,1,39,83,0,588,2,-0.008688210765186055,1.279261772204378,0
AC00362,45.77,Debit,Philadelphia,M066,Online,109.0,1.0,5978.12,85.239,633.5955787037037,18-25,1,30,65,2,552,0,-1.741186857285862,-0.10352114395931342,0
AC00026,329.69,Credit,San Antonio,M088,Online,66.0,1.0,1671.66,146.69,664.635636574074,26-35,0,35,87,2,131,1,-1.4201141582954024,-1.8156593259581557,0
AC00387,362.04,Credit,Philadelphia,M059,Branch,198.0,2.0,8421.88,52.1,482.64694444444444,51-65,0,30,58,1,457,3,1.3055243341607394,-1.1777888016477125,0
AC00451,11.92,Debit,San Diego,M063,Branch,52.0,1.0,14611.9,192.95,391.5989236111111,51-65,1,36,62,1,270,3,1.725252549934292,0.2845714904008782,0
AC00033,47.42,Debit,San Diego,M012,ATM,28.0,1.0,8253.52,41.0,320.6408333333333,51-65,1,36,11,0,424,3,1.476229400860737,0.7581815002904045,0
AC00087,35.99,Debit,Miami,M023,Branch,129.0,1.0,4489.79,162.207,654.6632523148148,51-65,1,24,22,1,187,3,1.0645630119499052,0.467136006616648,0
AC00159,151.19,Credit,New York,M061,Branch,96.0,1.0,11903.82,217.233,548.6712962962963,36-50,0,27,60,1,347,2,0.44747309699525106,-1.1006785181361112,0
AC00177,242.62,Credit,San Francisco,M094,Online,234.0,1.0,483.02,138.87,482.64368055555553,18-25,0,37,93,2,108,0,-2.137369477722555,-2.0688234543342334,0
AC00093,48.72,Debit,Virginia Beach,M063,Branch,17.0,1.0,816.08,158.135,401.5506828703704,18-25,1,41,62,1,168,0,-2.207605912245751,0.057327272626828574,0
AC00427,43.46,Debit,Boston,M020,ATM,80.0,1.0,578.06,21.190,471.6305902777778,18-25,1,4,19,0,325,0,-2.085325546630197,1.0186712475734427,0
AC00284,1036.21,Debit,Omaha,M067,Online,126.0,1.0,477.3,93.218,471.55425925925925,18-25,1,29,66,2,577,0,-2.3606847974924654,-0.4331383755919607,0
AC00189,443.79,Debit,Las Vegas,M099,ATM,87.0,1.0,3133.85,198.39,391.57166666666666,51-65,1,19,98,0,291,3,0.5947877019127134,1.4035985507705455,0
AC00495,365.14,Debit,Dallas,M002,Online,57.0,1.0,5894.09,173.232,338.55621527777777,65+,1,9,1,2,219,4,1.966063027551445,-0.8973971512672797,0
AC00148,757.41,Debit,Los Angeles,M048,ATM,37.0,1.0,9532.42,125.89,548.6508101851852,18-25,1,20,47,0,78,0,-1.3992382045108247,1.0224255424096456,0
AC00272,20.54,Debit,Fort Worth,M055,Branch,72.0,1.0,5327.03,171.101,440.58199074074076,51-65,1,13,54,1,214,3,0.812859082744286,0.3927480312102926,0
AC00381,475.36,Debit,Phoenix,M018,ATM,105.0,1.0,2000.6,132.127,398.6693287037037,26-35,1,31,17,0,89,1,-1.172212325731623,0.6240681785361709,0
AC00110,34.74,Debit,San Francisco,M072,ATM,24.0,1.0,6827.57,82.88,496.64631944444443,51-65,1,37,71,0,546,3,0.9674208627410342,1.4630554816779016,0
AC00495,689.54,Debit,Oklahoma City,M038,Branch,93.0,1.0,1633.76,89.6,608.6402314814815,26-35,1,28,37,1,563,1,-1.6813514871700572,0.4736875869464165,0
AC00035,211.18,Debit,Washington,M059,ATM,90.0,1.0,4069.17,64.89,384.66809027777776,65+,1,42,58,0,496,4,1.8026170132072967,1.2013947398498614,0
AC00119,211.36,Credit,Fort Worth,M041,Branch,286.0,1.0,7943.47,63.67,348.65797453703703,51-65,0,13,40,1,492,3,1.0568735037273973,-1.3061146229341112,0
AC00488,744.41,Credit,Houston,M095,Online,107.0,1.0,8842.47,24.181,461.64962962962966,36-50,0,15,94,2,370,2,0.2057658279480316,-1.822244855735609,0
AC00466,61.43,Debit,Phoenix,M035,Online,170.0,1.0,1882.77,14.200,493.6608912037037,18-25,1,31,34,2,111,0,-2.0189299755838084,-0.7546838677545548,0
AC00489,167.44,Debit,Mesa,M087,Branch,82.0,1.0,12526.71,166.7,405.6663310185185,36-50,1,23,86,1,198,2,0.48324851563219207,0.4289024208905402,0
AC00306,361.46,Debit,Nashville,M093,Online,83.0,1.0,4737.84,171.150,576.6164004629629,18-25,1,26,92,2,215,0,-1.9057001314810735,-0.21650251664960082,0
AC00431,378.85,Debit,Virginia Beach,M089,Branch,126.0,1.0,2300.53,192.95,506.6165740740741,65+,1,41,88,1,270,4,1.8294611208287304,0.638334237905803,0
AC00233,241.11,Debit,Columbus,M063,Branch,55.0,1.0,12385.05,195.164,506.64543981481484,26-35,1,8,62,1,280,1,-0.2957317098683157,0.5002596845871222,0
AC00389,131.93,Credit,Fort Worth,M049,Branch,13.0,1.0,4547.06,216.32,419.60810185185187,26-35,0,13,48,1,345,1,-0.8694191148457768,-1.3592291251372697,0
AC00067,20.28,Debit,Oklahoma City,M047,Online,213.0,1.0,2047.83,150.83,473.6023611111111,36-50,1,28,46,2,148,2,-0.5946496732908654,-0.5855989764410291,0
AC00300,415.88,Debit,San Diego,M005,Branch,170.0,1.0,10008.33,152.140,556.6095486111111,65+,1,36,4,1,150,4,2.2838683040120937,0.12583843521236696,0
AC00386,49.99,Debit,Omaha,M062,ATM,139.0,1.0,2299.64,155.140,633.5932407407407,51-65,1,29,61,0,155,3,0.8189234718315426,1.4723416342932885,0
AC00285,1221.65,Debit,Denver,M091,Online,153.0,1.0,243.92,83.207,403.6354861111111,26-35,1,10,90,2,548,1,-1.7730580406618535,-0.27650611127614283,0
AC00219,100.66,Debit,Dallas,M024,Branch,144.0,1.0,14473.33,86.220,506.55074074074076,36-50,1,9,23,1,555,2,1.0234324152368643,0.48133159896395344,0
AC00445,485.54,Debit,Louisville,M080,Online,148.0,1.0,1533.32,121.67,331.6412152777778,18-25,1,21,79,2,72,0,-2.190936954245238,-0.7317440972598336,0
AC00371,321.15,Debit,Los Angeles,M037,Branch,179.0,1.0,7005.05,200.164,632.6249189814815,36-50,1,20,36,1,301,2,0.13578491349172653,0.5326256039278675,0
AC00164,711.3,Debit,San Jose,M076,Branch,51.0,1.0,955.4,109.42,496.54994212962964,18-25,1,38,75,1,27,0,-2.264173622712179,0.16700780550724753,0
AC00200,12.23,Debit,Houston,M065,ATM,139.0,1.0,7844.88,23.92,388.6703240740741,36-50,1,15,64,0,367,2,0.18703667799783083,1.2534214641244068,0
AC00310,350.94,Debit,Colorado Springs,M013,ATM,64.0,1.0,221.56,100.137,370.6199537037037,18-25,1,7,12,0,8,0,-2.2195552273115164,0.5892831430237683,0
AC00106,301.85,Debit,Columbus,M062,Online,25.0,1.0,6586.19,55.154,565.6015625,51-65,1,8,61,2,465,3,0.9216932019894177,-0.07204901376340508,0
AC00444,29.34,Debit,Louisville,M087,Online,30.0,1.0,3944.82,40.198,605.607337962963,51-65,1,21,86,2,420,3,1.076195890183608,0.10593971856121367,0
AC00441,231.71,Debit,Raleigh,M060,Branch,148.0,1.0,1127.98,26.105,559.6290972222222,26-35,1,33,59,1,372,1,-1.6187854567903002,0.4735264648206117,0
AC00300,179.43,Debit,Oklahoma City,M004,ATM,244.0,1.0,2626.63,189.198,450.5758333333333,51-65,1,28,3,0,256,3,0.678350059657669,0.8704844398863845,0
AC00194,36.71,Debit,Jacksonville,M095,Branch,55.0,1.0,6459.38,166.7,643.6248958333333,36-50,1,17,94,1,198,2,0.2696830220976882,0.9010231992380594,0
AC00248,138.12,Credit,Los Angeles,M067,Branch,281.0,1.0,1649.69,45.182,572.6198263888889,51-65,0,20,66,1,435,3,0.4718457036373519,-0.8581763911496804,0
AC00286,233.24,Debit,Louisville,M070,ATM,72.0,1.0,6939.23,45.241,566.6330208333334,26-35,1,21,69,0,436,1,-0.8160077395771539,1.482255138104591,0
AC00049,609.14,Debit,Tucson,M086,ATM,177.0,1.0,9033.87,201.113,346.66798611111113,36-50,1,40,85,0,303,2,0.07657112267256512,1.0958934242265737,0
AC00471,436.64,Debit,Los Angeles,M033,Branch,111.0,1.0,14365.18,38.210,314.59859953703705,26-35,1,20,32,1,412,1,-0.12686492256777873,0.008032018938611706,0
AC00434,870.43,Debit,Los Angeles,M037,Branch,55.0,1.0,10115.18,178.34,522.6343981481482,26-35,1,20,36,1,228,1,-0.6572885958299726,0.18996091331087087,0
AC00264,354.4,Debit,Chicago,M046,ATM,128.0,1.0,7358.65,87.234,363.6158796296296,65+,1,6,45,0,557,4,2.2055424636520256,1.3119679582474313,0
AC00316,22.63,Debit,Kansas City,M052,Online,112.0,1.0,4438.03,165.114,622.6129745370371,51-65,1,18,51,2,193,3,0.7332188945699153,-0.2065505303252256,0
AC00087,182.19,Debit,Mesa,M007,Branch,53.0,1.0,1176.1,157.130,503.6458564814815,26-35,1,23,6,1,164,1,-1.5242340491468873,-0.029638970312711826,0
AC00140,126.81,Debit,Philadelphia,M036,Branch,290.0,1.0,5427.98,57.232,370.6349652777778,26-35,1,30,35,1,471,1,-1.2321310982126619,0.13771620833750578,0
AC00418,288.17,Debit,Virginia Beach,M012,Online,50.0,1.0,3653.11,143.212,422.6398726851852,36-50,1,41,11,2,121,2,-0.41552918585544363,-1.0353666825302164,0
AC00187,118.77,Debit,Atlanta,M066,Branch,123.0,1.0,2104.82,104.80,398.6016666666667,51-65,1,1,65,1,17,3,0.7295617522967588,0.36677529500733363,0
AC00077,651.82,Debit,Indianapolis,M094,ATM,166.0,1.0,1802.77,138.181,569.5884143518518,18-25,1,16,93,0,105,0,-2.193055596948504,1.4183758109825078,0
AC00141,66.65,Debit,Detroit,M100,ATM,33.0,1.0,3559.96,120.170,383.63334490740743,36-50,1,11,99,0,70,2,-0.2800628258892959,1.2998708870109452,0
AC00332,98.53,Debit,Denver,M085,Branch,166.0,1.0,3564.8,119.163,657.6524421296297,65+,1,10,84,1,62,4,1.7474355115890163,0.9252446102483921,0
AC00439,138.95,Debit,Washington,M090,Online,30.0,1.0,6752.92,104.155,520.6388194444445,65+,1,42,89,2,15,4,2.1333080927168,-0.30543700130298274,0
AC00055,33.89,Debit,Nashville,M079,Branch,177.0,1.0,1444.75,14.105,359.6673842592593,26-35,1,26,78,1,110,1,-1.4438845899118726,0.21802203137460205,0
AC00299,23.71,Debit,Atlanta,M005,Branch,164.0,1.0,10788.89,2.61,412.6697222222222,51-65,1,1,4,1,297,3,1.5762302350436754,0.16913510549316288,0
AC00107,1830.0,Debit,San Antonio,M082,Online,238.0,1.0,2235.7,62.27,613.6527893518519,51-65,1,35,81,2,490,3,0.20033569611208568,-0.12482157312401096,0
AC00171,26.06,Debit,San Diego,M096,ATM,283.0,1.0,12893.63,140.212,318.6323611111111,51-65,1,36,95,0,112,3,2.0123669674653026,1.2013033282231766,0
AC00493,17.07,Debit,Los Angeles,M023,Branch,44.0,1.0,2798.15,47.82,552.6209837962963,26-35,1,20,22,1,441,1,-1.397250164765075,0.33194927801672014,0
AC00232,703.89,Debit,San Antonio,M074,Online,62.0,1.0,3583.67,48.19,408.6420023148148,36-50,1,35,73,2,442,2,-0.21928017994097304,-0.47211931011828534,0
AC00156,1271.9,Debit,Houston,M073,ATM,155.0,1.0,2120.8,210.136,433.6431944444444,36-50,1,15,72,0,328,2,-0.3502347840718656,1.227727851043238,0
AC00442,26.55,Debit,Houston,M099,ATM,228.0,1.0,3085.38,91.204,410.6124652777778,65+,1,15,98,0,567,4,1.8916853705496883,1.7425344373972964,0
AC00375,147.4,Debit,San Jose,M067,Branch,259.0,1.0,6797.71,92.214,513.6642013888888,36-50,1,38,66,1,569,2,-0.11432349724540974,0.6159116164072064,0
AC00034,202.11,Debit,Memphis,M005,ATM,18.0,1.0,746.47,59.208,584.6670717592592,26-35,1,22,4,0,478,1,-1.6463899053254678,1.0742216976806311,0
AC00376,308.42,Debit,Nashville,M077,Branch,39.0,1.0,5427.81,76.0,551.66125,65+,1,26,76,1,519,4,1.9973762463784877,0.8300879729898519,0
AC00029,11.18,Debit,Miami,M035,ATM,144.0,1.0,7467.3,176.96,615.646863425926,51-65,1,24,34,0,225,3,0.9836784950136858,1.3255904928728703,0
AC00040,294.15,Debit,Fresno,M020,Online,136.0,1.0,6362.16,112.86,640.6582060185185,36-50,1,14,19,2,42,2,-0.11007392358070585,-0.5216215504071808,0
AC00482,29.58,Debit,Colorado Springs,M066,Branch,121.0,1.0,8345.26,173.252,370.59493055555555,51-65,1,7,65,1,220,3,1.2363845720885176,0.41193030300646566,0
AC00365,139.45,Debit,Boston,M004,Online,31.0,1.0,1305.76,77.7,482.6437847222222,26-35,1,4,3,2,523,1,-1.5159416763169442,-0.6153810693364511,0
AC00340,432.63,Debit,Colorado Springs,M024,ATM,137.0,1.0,13648.36,116.237,492.62483796296294,26-35,1,7,23,0,57,1,-0.19128265790448107,0.9362150529315542,0
AC00349,131.43,Debit,Charlotte,M053,Online,65.0,1.0,1337.5,77.7,641.5589351851852,36-50,1,5,52,2,523,2,-0.49222692226012155,0.006351164569580544,0
AC00374,516.72,Debit,Mesa,M025,ATM,128.0,1.0,2015.69,197.187,391.5614699074074,36-50,1,23,24,0,286,2,-0.44099340991033886,0.8469516708145175,0
AC00261,121.82,Debit,Colorado Springs,M094,Online,123.0,3.0,8354.54,186.54,635.6164699074075,65+,1,7,93,2,245,4,2.2109748689488895,0.10114089018986053,0
AC00459,374.5,Credit,San Francisco,M002,Branch,178.0,1.0,1671.51,9.230,468.6410416666667,26-35,0,37,1,1,564,1,-1.5521559219470187,-1.6151986479617684,0
AC00331,166.13,Debit,Omaha,M013,ATM,227.0,1.0,11822.53,29.168,424.6321527777778,65+,1,29,12,0,380,4,2.3883332557622747,1.0017349105619036,0
AC00165,626.9,Debit,Chicago,M017,ATM,146.0,1.0,587.11,59.12,390.64538194444447,18-25,1,6,16,0,474,0,-2.2768871476605828,0.8903233106375869,0
AC00397,466.85,Debit,Austin,M007,Branch,165.0,1.0,5422.53,136.104,475.6335763888889,51-65,1,2,6,1,98,3,0.9686461454471507,0.11180990248519604,0
AC00192,788.84,Debit,Phoenix,M055,Online,231.0,1.0,1913.73,4.105,536.6313425925925,51-65,1,31,54,2,416,3,0.4681172691895859,-0.32281688128355573,0
AC00063,873.65,Credit,Oklahoma City,M050,Online,59.0,1.0,12139.83,214.247,591.646724537037,36-50,0,28,49,2,339,2,0.37394553357020793,-2.0298388997882606,0
AC00478,525.28,Debit,Colorado Springs,M011,ATM,134.0,1.0,4693.6,70.130,580.6473958333333,65+,1,7,10,0,511,4,1.6830403545957016,1.3548711539528997,0
AC00272,110.17,Debit,Raleigh,M054,ATM,137.0,1.0,464.2,156.235,423.6694328703704,26-35,1,33,53,0,162,1,-1.4546616123159795,0.9612541353956404,0
AC00092,632.69,Debit,Denver,M047,ATM,76.0,1.0,4363.74,211.97,418.6533333333333,65+,1,10,46,0,334,4,2.1543216974541424,1.2318806142711527,0
AC00332,124.35,Debit,Oklahoma City,M015,ATM,90.0,1.0,3319.76,49.20,331.6474537037037,65+,1,28,14,0,448,4,1.7641879322871894,0.8897977850359077,0
AC00087,43.85,Debit,Fresno,M013,ATM,122.0,1.0,4356.98,117.67,601.6539814814815,51-65,1,14,12,0,60,3,1.0904835976989626,1.1341074625019867,0
AC00327,283.81,Debit,San Diego,M046,Branch,29.0,1.0,1519.35,64.57,605.6519907407408,26-35,1,36,45,1,495,1,-1.584692108139848,0.4737915269981085,0
AC00269,168.53,Debit,San Francisco,M100,ATM,112.0,1.0,5962.58,157.164,508.6537847222222,65+,1,37,99,0,165,4,1.9969732311886548,1.5200511065550897,0
AC00177,218.59,Credit,Denver,M088,Branch,123.0,1.0,6699.23,72.192,342.6414814814815,36-50,0,10,87,1,514,2,0.09955565467611102,-1.0587881776239783,0
AC00322,132.84,Debit,Oklahoma City,M060,ATM,143.0,1.0,822.73,147.114,440.65304398148146,18-25,1,28,59,0,132,0,-2.2204227351788215,0.9956241188455323,0
AC00069,157.37,Credit,Dallas,M014,Branch,289.0,1.0,13964.31,66.23,354.63594907407406,36-50,0,9,13,1,502,2,0.8294301336116499,-1.4756874632785149,0
AC00264,144.77,Debit,Albuquerque,M007,Online,159.0,1.0,867.32,57.166,475.64063657407405,18-25,1,0,6,2,470,0,-2.3013191963185897,-0.6261673664560874,0
AC00014,643.22,Debit,Atlanta,M073,ATM,93.0,1.0,1035.86,175.166,550.6272453703704,51-65,1,1,72,0,222,3,0.7818264110285678,1.5378153114618012,0
AC00316,1392.54,Debit,El Paso,M013,Branch,297.0,1.0,13347.69,63.67,349.6375115740741,36-50,1,12,12,1,492,2,0.43764267668294,-0.005072308202345733,0
AC00131,208.07,Debit,Oklahoma City,M100,Online,36.0,1.0,8478.9,157.164,482.6392476851852,26-35,1,28,99,2,165,1,-0.5876726651461395,-0.2947653981839135,0
AC00232,94.3,Debit,Phoenix,M042,Branch,57.0,1.0,11088.95,198.39,314.5932638888889,51-65,1,31,41,1,291,3,1.545892738308517,0.06378007280590686,0
AC00410,295.5,Debit,Mesa,M095,ATM,36.0,1.0,6280.66,137.135,346.58828703703705,51-65,1,23,94,0,103,3,1.2086461952432859,1.2082829821831809,0
AC00488,30.23,Debit,Austin,M049,ATM,99.0,1.0,481.13,134.247,363.59630787037037,36-50,1,2,48,0,95,2,-0.31970162878366154,1.024251259010017,0
AC00329,112.05,Credit,Phoenix,M078,ATM,159.0,1.0,1122.88,116.44,374.6613310185185,26-35,0,31,77,0,59,1,-1.3578803330948492,-0.6401694735858771,0
AC00021,180.24,Debit,Phoenix,M098,Branch,144.0,1.0,8431.23,169.67,489.6288078703704,51-65,1,31,97,1,207,3,1.2776944500724885,0.6614326149530291,0
AC00188,13.71,Credit,Denver,M084,Online,148.0,1.0,8342.79,189.20,523.5950810185185,36-50,0,10,83,2,257,2,0.23403693658674782,-1.7491544587428838,0
AC00341,96.54,Debit,New York,M020,Branch,95.0,1.0,7182.22,69.61,601.6140509259259,51-65,1,27,19,1,506,3,1.051011682253806,0.49818328246414234,0
AC00090,79.35,Debit,Los Angeles,M051,Online,70.0,1.0,1692.15,161.161,524.6300462962963,65+,1,20,50,2,179,4,1.4963429213685686,-0.3470403005760736,0
AC00456,101.04,Debit,San Antonio,M067,ATM,160.0,1.0,1695.57,143.212,482.57680555555555,26-35,1,35,66,0,121,1,-1.4578262113204599,1.1050312300827057,0
AC00322,74.42,Debit,El Paso,M003,Online,68.0,1.0,6264.21,76.136,346.6167476851852,36-50,1,12,2,2,520,2,0.2701994884809705,-0.7888172638544257,0
AC00135,39.66,Debit,Virginia Beach,M045,Branch,169.0,1.0,8497.34,200.136,535.6600347222222,51-65,1,41,44,1,300,3,0.9999814472274641,0.3863234376452424,0
AC00279,99.36,Debit,Seattle,M004,ATM,46.0,1.0,1272.12,93.151,544.6342708333333,36-50,1,39,3,0,573,2,-0.6902888855918354,1.029524641294383,0
AC00210,123.85,Debit,Las Vegas,M047,Online,244.0,1.0,3959.62,105.136,436.5549537037037,51-65,1,19,46,2,18,3,0.8578831301185614,-0.6008368414238935,0
AC00251,426.93,Debit,Omaha,M054,ATM,248.0,1.0,476.19,3.70,314.6279166666667,18-25,1,29,53,0,385,0,-2.4341790150518996,0.8768193551746739,0
AC00116,133.73,Credit,San Jose,M001,Online,123.0,1.0,1872.22,83.80,537.6581018518518,18-25,0,38,0,2,549,0,-2.0245720128275555,-2.371043930146217,0
AC00131,222.39,Debit,Virginia Beach,M088,Online,73.0,1.0,3117.39,180.224,438.6513078703704,36-50,1,41,87,2,233,2,-0.05192582194436932,-0.41929032210222833,0
AC00265,215.94,Credit,Virginia Beach,M021,Online,140.0,1.0,1841.69,53.218,517.6694675925926,18-25,0,41,20,2,462,0,-2.1232042669845828,-2.3438656501757693,0
AC00326,6.3,Debit,Columbus,M017,Branch,283.0,5.0,7697.68,210.160,325.55508101851854,65+,1,8,16,1,329,4,2.6036294282952057,-0.07214772086172425,1
AC00411,826.23,Debit,Colorado Springs,M042,ATM,209.0,1.0,7580.59,153.178,522.6543171296296,26-35,1,7,41,0,152,1,-0.8791825838188719,1.116146752325542,0
AC00039,416.37,Debit,Columbus,M015,Online,67.0,1.0,7936.91,198.24,389.6627546296296,26-35,1,8,14,2,290,1,-0.5393851511872648,-0.8293368584989816,0
AC00293,131.46,Debit,Charlotte,M006,Branch,258.0,1.0,6642.33,146.69,538.6488194444445,65+,1,5,5,1,131,4,1.9575263618390524,0.3031361211806834,0
AC00306,202.86,Credit,Memphis,M088,Branch,149.0,1.0,7642.25,93.169,531.6139814814815,51-65,0,22,87,1,575,3,1.331612550604263,-0.7310005689924729,0
AC00285,268.39,Debit,Miami,M017,ATM,171.0,1.0,136.74,65.164,496.5704398148148,26-35,1,24,16,0,499,1,-1.7700623091910626,1.0388575083820506,0
AC00145,194.85,Debit,Jacksonville,M096,Online,130.0,4.0,319.84,148.234,418.6372685185185,18-25,1,17,95,2,140,0,-2.1064036223670786,-0.5930053691001446,0
AC00128,137.35,Credit,Sacramento,M028,Online,220.0,1.0,12662.66,37.213,585.5820138888889,36-50,0,34,27,2,408,2,0.552654667172128,-2.064411440387743,0
AC00292,712.75,Debit,Philadelphia,M074,Branch,25.0,1.0,8126.06,57.166,527.6263425925926,36-50,1,30,73,1,470,2,0.11685003687504418,0.5747314061503829,0
AC00020,353.82,Debit,Milwaukee,M035,ATM,143.0,1.0,705.75,72.128,573.589363425926,36-50,1,25,34,0,513,2,-0.6772022173760798,1.31799106852657,0
AC00229,507.25,Debit,Washington,M063,Branch,143.0,1.0,5331.57,112.196,370.6177314814815,65+,1,42,62,1,38,4,2.0228865918784122,0.11573718044922933,0
AC00053,212.74,Debit,Seattle,M050,Branch,128.0,1.0,7645.47,220.179,325.5515625,26-35,1,39,49,1,358,1,-0.926832381900877,0.01513211808463816,0
AC00401,364.42,Debit,Colorado Springs,M078,ATM,146.0,1.0,8119.73,120.32,390.6262615740741,51-65,1,7,77,0,71,3,1.0929958184677186,1.2361364532977468,0
AC00208,195.12,Debit,Louisville,M043,ATM,144.0,1.0,6101.15,199.103,467.6027199074074,36-50,1,21,42,0,293,2,0.11979749799236285,1.1452540276051897,0
AC00177,230.61,Debit,Raleigh,M076,Branch,204.0,1.0,2561.42,97.4,426.64475694444445,65+,1,33,75,1,586,4,1.8731729580853722,0.6763880454647322,0
AC00136,739.28,Credit,Tucson,M026,Branch,47.0,1.0,11905.64,20.147,503.64238425925925,51-65,0,40,25,1,298,3,1.6232242501045362,-1.503017051330809,0
AC00029,390.35,Credit,Omaha,M019,ATM,61.0,1.0,7095.88,101.223,404.56475694444447,51-65,0,29,18,0,12,3,1.561912673403809,-0.914961043115492,0
AC00210,242.03,Debit,Dallas,M014,Online,124.0,1.0,4382.73,219.98,601.665636574074,51-65,1,9,13,2,356,3,0.8512294501425655,-0.36367927147061396,0
AC00421,242.39,Credit,San Antonio,M008,ATM,271.0,1.0,1328.73,26.105,349.65092592592595,18-25,0,35,7,0,372,0,-2.2710032305420205,-1.026102349285379,0
AC00400,135.03,Debit,San Francisco,M097,ATM,180.0,1.0,1278.0,74.58,618.630462962963,18-25,1,37,96,0,518,0,-2.3015529178717453,1.6756088230880086,0
AC00495,83.5,Debit,Dallas,M100,Branch,91.0,5.0,1749.79,34.92,538.5554050925925,51-65,1,9,99,1,400,3,0.8148127378051573,0.7161235917038176,0
AC00301,193.54,Debit,Oklahoma City,M088,Branch,267.0,1.0,2929.51,196.244,376.64262731481483,65+,1,28,87,1,284,4,2.0212315610451306,0.5638097516867923,0
AC00434,617.36,Debit,Kansas City,M035,Branch,61.0,1.0,8926.38,42.219,348.6278472222222,26-35,1,18,34,1,427,1,-0.7442954112554154,0.05326061238450717,0
AC00274,775.23,Credit,Albuquerque,M036,Online,38.0,1.0,5977.59,112.222,454.6437384259259,51-65,0,0,35,2,39,3,1.28988906883214,-2.268809037703333,0
AC00365,266.57,Debit,El Paso,M031,ATM,100.0,1.0,7676.92,91.204,404.6265162037037,65+,1,12,30,0,567,4,2.1479677832218016,1.2487662638005799,0
AC00480,153.4,Debit,Mesa,M057,ATM,144.0,1.0,4657.7,162.58,583.604988425926,36-50,1,23,56,0,188,2,-0.05530175115835039,1.3489405255481433,0
AC00318,946.94,Debit,Charlotte,M018,Branch,251.0,1.0,5579.11,30.92,328.61671296296294,51-65,1,5,17,1,388,3,0.7398437103225374,0.05622019230714073,0
AC00235,5.12,Debit,New York,M002,Branch,90.0,1.0,3293.01,188.205,387.6681134259259,26-35,1,27,1,1,251,1,-1.0174332281810137,-0.17210449369921824,0
AC00333,119.11,Debit,Detroit,M070,ATM,131.0,1.0,7998.25,200.13,492.65141203703706,51-65,1,11,69,0,299,3,1.223469950025854,1.4720556940242522,0
AC00262,1096.7,Debit,Colorado Springs,M005,Online,147.0,1.0,1093.89,167.164,587.6389814814814,18-25,1,7,4,2,201,0,-2.224394678002623,-0.7430407304271288,0
AC00267,119.72,Debit,Tucson,M011,Branch,123.0,1.0,3435.34,147.227,639.5799189814815,26-35,1,40,10,1,135,1,-1.2442899367669418,0.1261974047408934,0
AC00490,107.4,Debit,Virginia Beach,M079,Online,32.0,1.0,344.07,146.69,500.6390740740741,51-65,1,41,78,2,131,3,0.5311507296505524,-0.3945217328895059,0
AC00229,115.92,Debit,Raleigh,M033,ATM,57.0,1.0,3897.17,204.34,656.5601157407407,51-65,1,33,32,0,314,3,0.5841204336415979,1.34027490950234,0
AC00196,438.04,Debit,Philadelphia,M025,ATM,247.0,1.0,5358.95,80.92,437.5503125,65+,1,30,24,0,537,4,1.6366919823136437,1.1435466760056234,0
AC00182,677.29,Debit,Houston,M015,Online,287.0,1.0,627.79,49.172,552.5689351851852,26-35,1,15,14,2,446,1,-1.7367106732232427,-0.5445078628668789,0
AC00357,296.0,Debit,Las Vegas,M085,Branch,248.0,1.0,7418.82,32.71,538.6537615740741,26-35,1,19,84,1,394,1,-0.7139103209755989,0.7293708414109725,0
AC00443,299.09,Credit,Boston,M034,Branch,84.0,1.0,5615.26,113.115,657.6619907407407,36-50,0,4,33,1,43,2,-0.09561670453020009,-1.171778918640462,0
AC00499,461.52,Credit,Denver,M068,Branch,44.0,1.0,1995.18,59.127,538.6447800925926,18-25,0,10,67,1,475,0,-1.971199665735224,-1.0371401092656123,0
AC00285,100.52,Debit,Las Vegas,M038,ATM,110.0,1.0,453.39,113.115,643.6135185185185,36-50,1,19,37,0,43,2,-0.2289048810682205,1.2654974329594153,0
AC00475,85.35,Debit,Washington,M074,ATM,166.0,1.0,2173.76,100.4,487.66527777777776,65+,1,42,73,0,10,4,1.4842987870929114,1.213791026066152,0
AC00217,79.76,Debit,Raleigh,M055,Branch,170.0,1.0,6452.14,157.130,636.6549189814815,36-50,1,33,54,1,164,2,-0.1283397620388043,0.5227684205302929,0
AC00452,778.49,Credit,Omaha,M054,Online,107.0,1.0,7713.67,161.71,489.63958333333335,65+,0,29,53,2,184,4,2.38288347908502,-2.1098102244904617,0
AC00357,386.38,Debit,Phoenix,M058,Online,135.0,1.0,5528.36,203.197,649.6735185185186,36-50,1,31,57,2,310,2,-0.178309186719231,-0.21398115170827334,0
AC00080,165.25,Debit,Sacramento,M025,Online,106.0,1.0,9939.94,70.130,345.6250925925926,26-35,1,34,24,2,511,1,-0.44291757741687177,-0.8212097373949284,0
AC00493,14.29,Debit,Los Angeles,M070,ATM,150.0,1.0,7016.99,90.111,614.6530902777778,26-35,1,20,69,0,565,1,-0.8136740091620667,1.6695330865222855,0
AC00420,232.79,Credit,Indianapolis,M019,Branch,145.0,1.0,2661.3,6.234,410.6080324074074,51-65,0,16,18,1,480,3,0.69900605682473,-1.4067062321513144,0
AC00040,1237.56,Credit,Austin,M060,Branch,159.0,1.0,9410.17,219.96,356.59908564814816,51-65,0,2,59,1,355,3,1.4940886397647173,-1.295166964174633,0
AC00351,92.29,Debit,Albuquerque,M015,Branch,115.0,1.0,2026.32,210.136,627.6621064814815,51-65,1,0,14,1,328,3,0.5199774709671078,0.5508029512805729,0
AC00070,293.97,Debit,Phoenix,M047,Branch,153.0,1.0,7371.85,56.89,356.60743055555554,65+,1,31,46,1,468,4,1.9595992335333672,0.29340649915037503,0
AC00273,136.32,Debit,Miami,M060,Online,113.0,1.0,264.83,217.233,389.5548611111111,18-25,1,24,59,2,347,0,-2.3721838746923236,-0.6175509259109205,0
AC00280,251.06,Debit,Colorado Springs,M003,Online,34.0,1.0,10001.66,195.237,333.6131828703704,36-50,1,7,2,2,282,2,0.23062679447015394,-0.9528299660660372,0
AC00480,50.17,Credit,Sacramento,M039,ATM,35.0,1.0,7752.14,25.188,412.63420138888887,65+,0,34,38,0,371,4,2.513505999314795,-0.5287832370611509,0
AC00122,21.4,Debit,Fresno,M027,Branch,258.0,1.0,9594.11,198.166,313.6695833333333,26-35,1,14,26,1,289,1,-0.40513271305601867,0.008624390573364353,0
AC00072,73.28,Debit,Boston,M096,Branch,21.0,1.0,1329.41,206.84,604.6095486111111,18-25,1,4,95,1,319,0,-2.168873748629745,0.8658884873827492,0
AC00093,70.23,Debit,Memphis,M066,ATM,260.0,1.0,11624.93,146.47,417.6591319444444,36-50,1,22,65,0,129,2,0.41498465204654056,1.154588664268941,0
AC00407,689.29,Debit,El Paso,M034,ATM,100.0,1.0,168.84,166.41,667.6095138888888,18-25,1,12,33,0,197,0,-2.360972984108084,1.2282163278206555,0
AC00495,745.03,Debit,Fort Worth,M075,Online,231.0,1.0,160.57,30.92,458.6022337962963,26-35,1,13,74,2,388,1,-1.6787606571339788,-0.3308091491739576,0
AC00119,54.61,Debit,Milwaukee,M043,ATM,160.0,1.0,7135.64,39.163,335.66475694444443,51-65,1,25,42,0,414,3,1.149351847047683,1.0520839368287977,0
AC00271,54.05,Debit,Louisville,M008,Branch,146.0,1.0,469.14,167.104,558.6376388888889,26-35,1,21,7,1,200,1,-1.5836428074944997,0.12386800787498375,0
AC00235,107.47,Debit,Austin,M037,Online,144.0,1.0,7517.5,59.208,571.6060185185186,65+,1,2,36,2,478,4,1.9731945413130247,-0.09255806219935778,0
AC00264,611.11,Debit,Detroit,M045,ATM,282.0,4.0,919.84,141.201,382.5685300925926,18-25,1,11,44,0,116,0,-2.233301848064804,0.6781028255470776,1
AC00307,219.63,Debit,Charlotte,M002,ATM,44.0,1.0,8013.63,146.47,359.6673842592593,36-50,1,5,1,0,129,2,0.5143617091077199,0.6966568588591594,0
AC00434,188.7,Debit,New York,M099,Branch,123.0,1.0,5077.06,55.139,632.6728587962963,51-65,1,27,98,1,464,3,0.7012755069210342,1.0274975913153643,0
AC00290,93.52,Debit,Philadelphia,M011,Online,97.0,1.0,2791.2,190.251,447.60185185185185,51-65,1,30,10,2,264,3,0.4886127507050104,-0.7876845842178708,0
AC00021,275.92,Credit,Nashville,M042,Branch,107.0,1.0,1777.38,112.196,412.5554050925926,51-65,0,26,41,1,38,3,0.9866950450020621,-1.5401318045935792,0
AC00499,376.79,Debit,Milwaukee,M039,Branch,265.0,1.0,7749.14,143.212,643.5982175925926,65+,1,25,38,1,121,4,1.9928367321228302,0.5434589746424167,0
AC00148,8.98,Debit,Detroit,M063,Online,56.0,1.0,4516.76,188.225,440.66921296296294,65+,1,11,62,2,252,4,1.772269104240481,-0.30282644690618665,0
AC00200,697.32,Debit,Atlanta,M080,Online,91.0,1.0,2016.02,163.58,542.6536342592592,65+,1,1,79,2,190,4,1.5232400107900894,-0.07772141035384714,0
AC00074,17.45,Debit,Omaha,M059,ATM,88.0,1.0,1959.52,28.149,417.6446759259259,18-25,1,29,58,0,379,0,-2.264013748712918,1.0753269681625592,0
AC00417,302.16,Debit,Kansas City,M014,Online,138.0,5.0,3876.61,84.237,382.59706018518517,65+,1,18,13,2,550,4,2.1250012719650493,-0.8369618465507629,1
AC00182,442.74,Debit,San Diego,M019,Branch,136.0,1.0,1790.27,141.241,384.5986574074074,18-25,1,36,18,1,117,0,-2.095223549895025,-0.2697915240292708,0
AC00177,623.9,Debit,San Jose,M005,ATM,249.0,1.0,711.47,206.84,453.60131944444447,26-35,1,38,4,0,319,1,-1.7133318807238895,0.7031055959651273,0
AC00063,445.41,Debit,Fresno,M015,ATM,235.0,3.0,12154.66,185.23,349.6532060185185,26-35,1,14,14,0,243,1,-0.14400235587661167,0.6190242185522534,0
AC00300,63.41,Debit,Fort Worth,M035,ATM,36.0,1.0,1546.22,141.241,345.6098263888889,26-35,1,13,34,0,117,1,-1.3808047523193216,0.7821176723466403,0
AC00218,346.85,Debit,Kansas City,M025,ATM,88.0,1.0,7208.15,13.149,366.56707175925925,36-50,1,18,24,0,82,2,0.24673843563848094,0.7484679487607748,0
AC00036,71.95,Credit,Omaha,M100,Online,53.0,1.0,9267.32,162.58,629.6434143518519,51-65,0,29,99,2,188,3,1.5334746057254354,-1.5817167422686549,0
AC00371,7.5,Debit,Dallas,M054,Online,36.0,1.0,6485.78,203.197,625.668449074074,51-65,1,9,53,2,310,3,1.3020029007151117,-0.06940310700280469,0
AC00398,206.46,Debit,Virginia Beach,M013,ATM,279.0,1.0,3984.38,110.150,342.5699305555556,51-65,1,41,12,0,31,3,1.1223665737883703,0.593528509062406,0
AC00213,423.11,Debit,Columbus,M055,ATM,47.0,1.0,412.78,64.57,467.5624537037037,51-65,1,8,54,0,495,3,0.5354848042846894,1.4038388052386208,0
AC00464,35.84,Credit,Colorado Springs,M013,Online,172.0,1.0,4795.65,35.73,586.6160069444444,51-65,0,7,12,2,404,3,0.8842340831528337,-1.970891780212389,0
AC00219,88.6,Credit,Raleigh,M054,Branch,105.0,1.0,246.57,170.54,628.6298958333333,26-35,0,33,53,1,212,1,-1.4815170956068922,-1.174916064266362,0
AC00464,1431.3,Debit,Oklahoma City,M082,ATM,168.0,1.0,1058.13,7.105,426.5587962962963,18-25,1,28,81,0,508,0,-2.59076399927893,1.1789521658872115,0
AC00442,53.81,Credit,Raleigh,M079,ATM,37.0,2.0,2564.62,34.86,384.63635416666665,51-65,0,33,78,0,399,3,0.7500753581151326,-0.42510938430900386,0
AC00054,22.46,Debit,New York,M087,Online,78.0,1.0,6631.5,147.119,536.6693865740741,51-65,1,27,86,2,133,3,1.0163760840891056,-0.19168140844537193,0
AC00392,334.89,Debit,Fort Worth,M040,Online,260.0,1.0,1661.68,32.13,472.57327546296295,18-25,1,13,39,2,391,0,-2.2398322192765354,-0.5248290024791599,0
AC00350,319.27,Credit,Omaha,M068,Online,59.0,1.0,5504.01,214.67,472.6309027777778,51-65,0,29,67,2,341,3,0.9493332610668539,-1.989750742704276,0
AC00306,144.3,Debit,Oklahoma City,M049,ATM,88.0,1.0,312.19,93.170,331.6152199074074,18-25,1,28,48,0,576,0,-2.473200617100645,0.9723074407621208,0
AC00229,348.7,Credit,Fresno,M067,Branch,149.0,1.0,2445.58,142.184,551.6202893518519,65+,0,14,66,1,120,4,1.7406178886198806,-1.015132946848533,0
AC00148,366.21,Debit,Oklahoma City,M052,ATM,181.0,1.0,10862.99,210.160,661.5934027777778,51-65,1,28,51,0,329,3,1.5305090973007272,1.5311295645158618,0
AC00305,99.11,Debit,Philadelphia,M015,Online,12.0,1.0,5414.87,42.219,552.6325694444445,51-65,1,30,14,2,427,3,0.8258334498560359,-0.5217237678126049,0
AC00329,539.35,Debit,Milwaukee,M002,ATM,127.0,1.0,3919.44,216.32,531.6090162037037,51-65,1,25,1,0,345,3,0.6299886999768153,0.9792735822267884,0
AC00400,188.99,Debit,Oklahoma City,M065,Branch,92.0,1.0,7315.34,200.136,514.6419675925926,51-65,1,28,64,1,300,3,1.1473639753896308,0.5362703858999835,0
AC00148,1416.69,Debit,Nashville,M015,ATM,58.0,1.0,3740.73,219.98,657.6329166666667,36-50,1,26,14,0,356,2,-0.34080423844245084,1.109368836782225,0
AC00128,710.14,Debit,El Paso,M059,ATM,227.0,1.0,465.63,83.207,606.6608449074074,26-35,1,12,58,0,548,1,-1.8195121667590066,1.539228867563213,0
AC00463,308.68,Debit,Milwaukee,M064,Online,170.0,1.0,9992.36,86.220,615.6222916666667,51-65,1,25,63,2,555,3,1.091279369855934,0.0011061426715932876,0
AC00256,166.68,Debit,Mesa,M008,ATM,139.0,1.0,5141.19,187.52,587.558599537037,51-65,1,23,7,0,249,3,0.8854112327671194,1.1114429827138785,0
AC00166,0.99,Debit,Los Angeles,M029,ATM,133.0,1.0,4317.85,187.199,417.6346990740741,36-50,1,20,28,0,247,2,-0.031052912571178752,0.972702130391575,0
AC00318,505.19,Debit,Kansas City,M023,ATM,128.0,5.0,5326.68,60.89,600.6564236111111,26-35,1,18,22,0,486,1,-1.0934142980188937,0.9895450224356536,0
AC00213,66.58,Debit,Raleigh,M040,Branch,79.0,1.0,1636.32,20.147,335.62644675925924,18-25,1,33,39,1,298,0,-2.0766905192660343,-0.06676125584985998,0
AC00075,223.43,Debit,Dallas,M091,Branch,178.0,1.0,7932.41,198.73,634.5902314814815,65+,1,9,90,1,292,4,2.3802659767633125,1.0655112191038982,0
AC00498,659.95,Debit,Detroit,M044,Online,114.0,1.0,3927.69,94.227,410.6296412037037,51-65,1,11,43,2,579,3,0.8169889423468173,-0.3950410015429809,0
AC00039,634.86,Debit,Chicago,M009,ATM,45.0,1.0,588.5,122.94,451.6521412037037,26-35,1,6,8,0,74,1,-1.518663732169056,0.7318486255613238,0
AC00114,286.5,Credit,Boston,M097,Branch,60.0,1.0,8517.95,16.128,377.63278935185184,26-35,0,4,96,1,170,1,-0.4571410815558976,-1.1557622909080358,0
AC00326,322.96,Credit,Philadelphia,M033,Branch,168.0,1.0,2401.59,135.29,342.65976851851855,65+,0,30,32,1,96,4,2.013552547385557,-1.6382242185455982,0
AC00450,654.48,Debit,Columbus,M047,Branch,114.0,1.0,6776.41,148.112,454.64804398148146,18-25,1,8,46,1,138,0,-1.7342704451181212,0.15712850253374924,0
AC00325,157.97,Debit,Philadelphia,M009,Branch,140.0,1.0,5529.92,89.237,501.67309027777776,36-50,1,30,8,1,562,2,0.02581270719588403,0.24306325526445338,0
AC00433,120.9,Debit,Tucson,M074,Branch,52.0,1.0,9009.42,200.136,480.6603240740741,36-50,1,40,73,1,300,2,0.16761066218603202,0.4193857246269321,0
AC00284,254.77,Debit,Denver,M031,Branch,57.0,1.0,5994.87,16.128,655.6386342592592,51-65,1,10,30,1,170,3,1.021491247931402,0.5419871938883524,0
AC00103,795.96,Debit,Raleigh,M014,Online,119.0,1.0,5468.58,54.252,402.59355324074073,51-65,1,33,13,2,463,3,1.1050225381439345,-0.7881720815984837,0
AC00080,149.25,Debit,Omaha,M067,ATM,142.0,1.0,5677.52,3.77,573.6450925925926,36-50,1,29,66,0,386,2,-0.24664138357835694,1.4602143864496842,0
AC00052,3.42,Credit,San Antonio,M092,Online,158.0,1.0,14180.21,151.247,405.662650462963,36-50,0,35,91,2,149,2,0.9831089718671979,-2.052053528969323,0
AC00095,68.19,Credit,Fresno,M026,Online,189.0,1.0,9895.1,134.140,600.666875,36-50,0,14,25,2,93,2,0.4462195074635359,-2.1123208853324407,0
AC00327,493.42,Debit,Baltimore,M039,Branch,111.0,1.0,2232.84,28.149,508.61700231481484,36-50,1,3,38,1,379,2,-0.527945678999463,0.44041500679655265,0
AC00491,37.57,Debit,El Paso,M048,ATM,42.0,1.0,7739.54,173.135,557.5649421296297,51-65,1,12,47,0,218,3,1.2296170016548569,1.3695849264800752,0
AC00353,127.0,Credit,Nashville,M015,Branch,68.0,5.0,431.16,154.138,415.62535879629627,18-25,0,26,14,1,153,0,-2.1181087257262465,-2.0558007011402597,1
AC00266,96.89,Debit,Sacramento,M005,ATM,53.0,1.0,6044.93,136.105,598.672974537037,51-65,1,34,4,0,99,3,1.089229543060947,0.9645719639579222,0
AC00167,448.33,Debit,Atlanta,M031,ATM,161.0,1.0,922.19,142.148,552.6651388888889,18-25,1,1,30,0,118,0,-2.0756047266850657,1.0957634432614873,0
AC00153,1116.48,Debit,San Diego,M057,ATM,55.0,1.0,447.53,164.75,412.6019097222222,51-65,1,36,56,0,192,3,0.15594503160389916,0.9305350907737224,0
AC00012,8.65,Debit,Las Vegas,M037,Online,273.0,1.0,10778.35,200.136,517.6253009259259,36-50,1,19,36,2,300,2,0.6319854503569788,-0.408455839562451,0
AC00469,65.57,Debit,Miami,M039,Online,82.0,1.0,7513.79,1.198,577.6126157407407,36-50,1,24,38,2,0,2,0.16266475226625726,-0.5498828061673519,0
AC00127,539.81,Debit,San Francisco,M064,Online,177.0,1.0,2051.25,51.196,621.6630671296297,36-50,1,37,63,2,455,2,-0.44777449875297154,-0.17809691292295712,0
AC00480,363.53,Debit,Kansas City,M068,ATM,142.0,1.0,1038.91,134.140,655.6298958333333,51-65,1,18,67,0,93,3,0.7341020278111201,1.5412669674179862,0
AC00092,64.9,Credit,Detroit,M043,Branch,72.0,1.0,6854.61,45.246,628.6573958333333,51-65,0,11,42,1,437,3,0.9611009999315224,-0.9108927441891285,0
AC00122,358.18,Debit,Boston,M028,ATM,157.0,1.0,619.86,100.198,573.6410416666666,18-25,1,4,27,0,9,0,-2.3283510932629667,1.0290906196353788,0
AC00067,167.2,Debit,San Antonio,M036,Branch,84.0,1.0,11320.83,56.67,655.5925347222222,26-35,1,35,35,1,467,1,-0.5718490360227743,0.5131373060058194,0
AC00014,121.91,Debit,Chicago,M015,Branch,133.0,1.0,14510.8,135.29,496.5618865740741,51-65,1,6,14,1,96,3,2.027673227904554,0.2211366291521371,0
AC00098,137.57,Debit,Louisville,M067,Online,70.0,1.0,5103.67,40.10,328.6145833333333,51-65,1,21,66,2,418,3,0.842743182366981,-0.4731533774010376,0
AC00345,534.62,Debit,Oklahoma City,M007,Online,45.0,1.0,13793.53,178.34,334.59383101851853,51-65,1,28,6,2,228,3,1.6977358970298904,-1.0313708489461488,0
AC00360,463.92,Debit,Mesa,M010,Online,199.0,1.0,2403.39,199.103,601.6444675925926,36-50,1,23,9,2,293,2,-0.18104429517742776,-0.5508500406597292,0
AC00043,320.14,Debit,Milwaukee,M021,Online,96.0,1.0,3075.97,83.182,642.6312268518518,51-65,1,25,20,2,547,3,0.6840101045238218,-0.25384322762235373,0
AC00295,214.93,Debit,Albuquerque,M038,Online,52.0,1.0,7835.4,23.255,538.6295833333334,26-35,1,0,37,2,366,1,-0.8180614582837599,-0.36211503819276053,0
AC00313,660.02,Debit,Nashville,M053,Branch,84.0,1.0,414.43,77.7,388.63262731481484,18-25,1,26,52,1,523,0,-2.447496661931331,0.18780003560881783,0
AC00173,345.81,Debit,Raleigh,M099,Branch,135.0,1.0,6116.8,191.82,496.6675578703704,36-50,1,33,98,1,267,2,-0.13242142181373323,0.6183500034679756,0
AC00364,143.54,Debit,Philadelphia,M096,ATM,80.0,1.0,6067.62,83.207,384.6682523148148,65+,1,30,95,0,548,4,1.954634975033007,1.5410113491842012,0
AC00339,42.55,Debit,Seattle,M013,Branch,29.0,1.0,7341.43,40.192,583.5509375,51-65,1,39,12,1,419,3,0.9069542498936453,0.2960834034441778,0
AC00265,1063.25,Credit,Omaha,M070,Online,128.0,1.0,1240.71,87.50,656.6385300925926,18-25,0,29,69,2,558,0,-2.3572586889974207,-1.7877753111488077,0
AC00369,541.79,Debit,Mesa,M098,ATM,125.0,1.0,1454.08,93.169,450.6442592592593,18-25,1,23,97,0,575,0,-2.292112107956676,1.476996940721184,0
AC00033,40.57,Debit,Columbus,M096,Branch,63.0,1.0,1476.91,173.252,629.6278935185185,26-35,1,8,95,1,220,1,-1.479852689957011,0.8759526141846425,0
AC00077,120.24,Debit,Milwaukee,M087,Branch,131.0,2.0,1943.13,49.29,433.63608796296296,18-25,1,25,86,1,449,0,-2.280474834266307,0.44663619015468375,0
AC00437,498.67,Debit,Miami,M036,Online,244.0,1.0,1719.97,89.6,334.65903935185185,26-35,1,24,35,2,563,1,-1.551406265527172,-0.7141135049941821,0
AC00152,227.22,Debit,El Paso,M074,ATM,220.0,1.0,832.82,197.187,587.5554629629629,51-65,1,12,73,0,286,3,0.32596119834168197,1.6214019770662873,0
AC00161,1182.86,Debit,Tucson,M050,Online,34.0,1.0,7696.16,96.24,328.6681365740741,26-35,1,40,49,2,584,1,-0.9855470334559822,-0.8112552405113218,0
AC00125,56.94,Credit,Charlotte,M043,Online,74.0,1.0,7004.63,69.82,328.6353587962963,65+,0,5,42,2,507,4,2.4620739270203145,-2.0552165848442465,0
AC00311,629.82,Debit,Colorado Springs,M056,ATM,159.0,1.0,6385.69,17.87,475.65944444444443,65+,1,7,55,0,209,4,1.9221622016606135,1.324388200517016,0
AC00183,59.44,Debit,Chicago,M002,Online,176.0,1.0,5472.03,64.15,509.5928009259259,26-35,1,6,1,2,494,1,-0.8520638062066885,-0.556551334188705,0
AC00407,186.69,Debit,New York,M015,Branch,54.0,1.0,8602.22,162.151,310.6457291666667,26-35,1,27,14,1,185,1,-0.6217519616905187,-0.26734728739184593,0
AC00093,230.46,Debit,Mesa,M003,Online,179.0,1.0,162.53,59.132,558.6079050925925,18-25,1,23,2,2,476,0,-2.5081923543523565,-0.656721813656422,0
AC00314,65.09,Credit,Seattle,M066,Online,159.0,1.0,9370.9,144.91,614.5914236111112,36-50,0,39,65,2,123,2,0.4788167512084269,-1.9487164141482316,0
AC00467,457.09,Credit,Nashville,M033,Online,63.0,1.0,8570.82,21.97,528.6359722222222,51-65,0,26,32,2,327,3,1.2510040194913647,-2.133041879437701,0
AC00316,552.02,Credit,Chicago,M048,ATM,100.0,1.0,522.08,156.173,339.63725694444446,36-50,0,6,47,0,160,2,-0.27848610908362625,-0.6992899818060039,0
AC00145,377.12,Debit,Houston,M049,ATM,61.0,1.0,836.67,112.56,447.6244560185185,26-35,1,15,48,0,40,1,-1.21381166466277,0.9648211323264382,0
AC00045,204.56,Credit,San Diego,M013,Branch,179.0,1.0,364.72,44.197,419.5966319444444,18-25,0,36,12,1,431,0,-2.3731825971764264,-1.7057846177059053,0
AC00005,420.28,Debit,Washington,M002,Branch,144.0,1.0,8557.32,110.150,536.6115277777777,26-35,1,42,1,1,31,1,-0.557067909051104,-0.1681930196952941,0
AC00456,97.09,Debit,Fort Worth,M052,ATM,202.0,4.0,1579.57,221.206,573.5691782407407,18-25,1,13,51,0,361,0,-2.073946537706134,1.1809103020411134,0
AC00041,124.59,Debit,Charlotte,M025,Branch,171.0,1.0,129.29,85.239,548.6090625,26-35,1,5,24,1,552,1,-1.6928099603240032,0.4905497140135676,0
AC00257,73.88,Debit,Charlotte,M015,Online,34.0,1.0,6474.41,142.148,671.6540625,36-50,1,5,14,2,118,2,-0.019893128669311644,-0.41231282497853494,0
AC00356,77.43,Debit,Raleigh,M047,Online,169.0,1.0,1380.21,100.137,654.6634375,18-25,1,33,46,2,8,0,-2.1982309699552673,-0.5033883649646745,0
AC00465,106.16,Debit,Phoenix,M098,ATM,277.0,4.0,7487.79,48.89,569.6160069444444,51-65,1,31,97,0,444,3,1.0372448170447373,1.5768788613306015,0
AC00158,245.93,Debit,Fresno,M054,Branch,172.0,1.0,7986.63,219.98,516.5544328703704,51-65,1,14,53,1,356,3,1.0555323093274112,0.57625253512891,0
AC00086,622.41,Debit,Indianapolis,M100,ATM,125.0,1.0,7322.01,134.222,328.632025462963,51-65,1,16,99,0,94,3,1.4541668920985904,1.2412397966285007,0
AC00322,43.73,Debit,Omaha,M011,ATM,145.0,1.0,9929.43,194.88,580.6437962962963,26-35,1,29,10,0,279,1,-0.4713650038744868,1.0295289271691035,0
AC00433,1282.86,Debit,Austin,M070,Branch,68.0,1.0,1830.98,62.251,538.6353240740741,18-25,1,2,69,1,489,0,-2.395182427978612,0.5734534877817052,0
AC00083,2.03,Credit,Detroit,M012,ATM,28.0,1.0,3012.31,112.86,307.66788194444445,26-35,0,11,11,0,42,1,-0.8097223367278369,-1.0730524809990472,0
AC00402,770.65,Debit,Jacksonville,M016,Online,137.0,1.0,7198.8,161.161,487.5969328703704,26-35,1,17,15,2,179,1,-0.8377365009080776,-0.8131880901868948,0
AC00317,260.31,Debit,Austin,M065,Branch,113.0,1.0,10980.38,195.226,614.6424537037037,51-65,1,2,64,1,281,3,1.710817284372738,0.8323921240576095,0
AC00030,356.1,Credit,Fort Worth,M043,Branch,187.0,1.0,868.35,167.164,375.664849537037,26-35,0,13,42,1,201,1,-1.420673029229482,-1.5447676358273918,0
AC00114,27.07,Credit,Virginia Beach,M004,Branch,39.0,1.0,3773.29,52.169,608.6048148148149,65+,0,41,3,1,458,4,2.1366649445609025,-1.2767364784231912,0
AC00301,119.89,Debit,Tucson,M004,ATM,60.0,1.0,6697.77,166.79,320.62327546296297,65+,1,40,3,0,199,4,1.9618434931206985,0.5923192046140786,0
AC00216,106.39,Debit,Virginia Beach,M003,Online,281.0,1.0,9410.99,211.42,629.5613773148148,36-50,1,41,2,2,332,2,-0.02169429806313341,-0.5960302394233289,0
AC00223,12.04,Debit,Fort Worth,M053,Online,58.0,1.0,6213.32,31.127,354.6663541666667,36-50,1,13,52,2,389,2,-0.11778561082818005,-0.541638754352594,0
AC00413,365.7,Debit,Houston,M045,Branch,115.0,2.0,368.78,81.248,646.6490393518518,18-25,1,15,44,1,541,0,-2.4248123557031454,0.5751256830291107,0
AC00086,29.38,Credit,Baltimore,M064,Branch,63.0,1.0,1663.31,139.23,627.6534606481481,26-35,0,3,63,1,109,1,-1.2164813054165116,-1.0005568839462302,0
AC00216,319.85,Debit,Denver,M083,ATM,148.0,1.0,711.66,219.31,466.6412384259259,51-65,1,10,82,0,354,3,0.5969921196266558,1.531925893890487,0
AC00240,350.14,Credit,Los Angeles,M048,Online,38.0,1.0,2403.25,161.168,590.5541435185186,65+,0,20,47,2,180,4,1.9374056649089912,-1.9218788754174418,0
AC00298,163.94,Credit,Virginia Beach,M041,Branch,73.0,1.0,5957.37,154.48,458.5557175925926,51-65,0,41,40,1,154,3,0.9587517341720706,-1.5073078046154096,0
AC00460,170.53,Debit,Oklahoma City,M089,Branch,58.0,1.0,801.01,158.135,636.5486689814815,18-25,1,28,88,1,168,0,-2.1578836072470606,0.6595163997217062,0
AC00424,262.22,Credit,Baltimore,M080,ATM,136.0,1.0,5711.71,177.116,479.5998611111111,36-50,0,3,79,0,226,2,0.05541769472469645,-0.1885233844148024,0
AC00434,41.49,Debit,Albuquerque,M027,Online,13.0,1.0,928.33,32.71,559.6421643518519,18-25,1,0,26,2,394,0,-2.0991338534430564,-0.41664372934500155,0
AC00471,121.43,Credit,Sacramento,M062,Branch,243.0,1.0,7365.28,171.101,593.6575810185185,51-65,0,34,61,1,214,3,1.0216661270135592,-1.0534984245736694,0
AC00461,350.46,Debit,Nashville,M023,Branch,165.0,1.0,5839.38,152.234,331.66006944444445,51-65,1,26,22,1,151,3,0.8096333906138542,-0.10422879356100923,0
AC00188,220.41,Credit,El Paso,M059,Online,155.0,1.0,5116.98,133.223,426.6439236111111,26-35,0,12,58,2,90,1,-0.9576469335266496,-2.2319138356460213,0
AC00013,33.46,Debit,Seattle,M003,ATM,111.0,1.0,3641.07,189.248,622.6369097222222,65+,1,39,2,0,258,4,1.7427519838154129,1.1093081434276286,0
AC00345,104.79,Debit,Denver,M039,ATM,223.0,1.0,1352.19,80.247,454.6691550925926,65+,1,10,38,0,533,4,1.459840255583883,1.4011612824407254,0
AC00013,246.27,Debit,Fresno,M058,Online,141.0,1.0,7299.86,144.91,312.6405902777778,26-35,1,14,57,2,123,1,-0.7484341959131359,-0.7657364488726183,0
AC00296,48.85,Debit,Dallas,M049,ATM,176.0,1.0,1503.56,68.254,331.6403125,18-25,1,9,48,0,504,0,-2.259751142398755,1.0695096997969629,0
AC00192,332.0,Debit,Charlotte,M038,ATM,17.0,1.0,5943.13,197.23,556.652337962963,65+,1,5,37,0,287,4,1.9428041261264168,1.3870863477025375,0
AC00378,118.1,Debit,Memphis,M071,Online,167.0,1.0,895.66,110.243,369.63890046296297,51-65,1,22,70,2,33,3,0.5212761727546015,-0.5760627628365752,0
AC00205,84.59,Credit,Las Vegas,M004,Branch,10.0,1.0,5669.1,152.140,564.6336342592592,65+,0,19,3,1,150,4,2.008721096134934,-1.4199869973837937,0
AC00475,295.64,Debit,Jacksonville,M021,Online,82.0,1.0,1061.96,170.225,325.6106828703704,18-25,1,17,20,2,211,0,-2.1637817602522,-1.0224147892880604,0
AC00022,514.33,Debit,Philadelphia,M017,Branch,160.0,1.0,1592.94,218.54,520.6563541666667,18-25,1,30,16,1,350,0,-2.1538537358626813,0.08156441353542687,0
AC00150,992.17,Debit,San Antonio,M007,ATM,169.0,1.0,6215.96,90.111,615.575787037037,36-50,1,35,6,0,565,2,-0.25940238058589016,1.1167584922454394,0
AC00362,94.59,Debit,Washington,M085,Online,34.0,1.0,6171.89,47.82,338.6295949074074,36-50,1,42,84,2,441,2,-0.13382792061798587,-0.49788631555948204,0
AC00170,80.43,Debit,Columbus,M014,Branch,157.0,1.0,5987.67,157.47,669.6656828703703,51-65,1,8,13,1,166,3,1.0916925109099067,0.5026925142154676,0
AC00429,54.25,Debit,Virginia Beach,M042,Online,37.0,1.0,14783.33,51.250,461.63684027777776,65+,1,41,41,2,456,4,2.682192063058219,-0.45926102353547654,0
AC00418,178.88,Credit,Dallas,M026,Branch,93.0,4.0,4708.29,38.210,503.6118287037037,65+,0,9,25,1,412,4,2.226530050663149,-1.3437149685139422,1
AC00144,518.85,Debit,Kansas City,M038,Online,82.0,1.0,1806.0,73.54,377.5616898148148,18-25,1,18,37,2,517,0,-2.194206906271285,-0.696582584950596,0
AC00449,10.65,Debit,Louisville,M081,Online,161.0,1.0,13240.72,38.166,559.6566203703703,51-65,1,21,80,2,411,3,1.5559960383529947,0.008430603521356968,0
AC00057,198.62,Credit,Tucson,M079,Branch,84.0,1.0,1196.07,97.4,538.6579166666667,26-35,0,40,78,1,586,1,-1.5376230705465481,-1.0065078941656311,0
AC00426,107.03,Debit,Miami,M038,Branch,73.0,1.0,1408.07,221.23,608.5729166666666,26-35,1,24,37,1,362,1,-1.549874232341029,0.4469300029410689,0
AC00039,139.57,Debit,Fort Worth,M030,ATM,263.0,3.0,271.78,13.30,352.5890277777778,18-25,1,13,29,0,84,0,-2.270485146700948,0.6128475101787801,0
AC00051,312.47,Debit,Milwaukee,M033,ATM,148.0,4.0,9419.27,207.157,551.6136458333333,36-50,1,25,32,0,320,2,0.5336712961131718,1.0077012203346631,0
AC00471,346.11,Debit,Dallas,M007,Branch,213.0,1.0,9551.64,130.92,669.6303935185185,36-50,1,9,6,1,87,2,0.2647000295702864,0.3373628158566051,0
AC00039,138.06,Debit,Charlotte,M099,Branch,159.0,1.0,1070.47,113.21,467.61457175925926,36-50,1,5,98,1,47,2,-0.3024123518033083,0.6407496694716298,0
AC00274,158.02,Debit,New York,M026,ATM,120.0,1.0,9374.24,60.153,410.62549768518517,36-50,1,27,25,0,482,2,0.4954210041185856,1.0218458835602018,0
AC00095,830.01,Credit,Chicago,M071,Online,96.0,1.0,4253.18,5.252,471.64407407407407,65+,0,6,70,2,451,4,1.7026267705275449,-1.7875203260571102,0
AC00211,435.5,Debit,Oklahoma City,M008,ATM,112.0,1.0,6981.03,10.191,538.5615162037037,51-65,1,28,7,0,5,3,1.037784775198667,0.8450752426767464,0
AC00184,110.49,Debit,Raleigh,M068,Online,48.0,1.0,10483.93,187.52,369.62885416666666,51-65,1,33,67,2,249,3,1.4879616867848817,-0.5486015827042016,0
AC00436,329.4,Debit,Denver,M017,Online,68.0,1.0,9588.07,104.155,314.65122685185185,26-35,1,10,16,2,15,1,-0.3034453431597336,-1.0774394876420141,0
AC00107,635.4,Debit,Denver,M018,ATM,106.0,1.0,1238.11,215.97,411.63663194444445,36-50,1,10,17,0,342,2,-0.33474404215830766,0.9246418991140165,0
AC00203,769.97,Debit,San Diego,M058,Branch,23.0,1.0,1244.93,24.129,626.550775462963,18-25,1,36,57,1,368,0,-2.34277802177755,0.42878756251012984,0
AC00398,175.07,Debit,Colorado Springs,M091,Branch,169.0,1.0,1040.25,147.125,426.5985532407407,26-35,1,7,90,1,134,1,-1.4759052898554863,0.49923547371446714,0
AC00312,7.31,Debit,Las Vegas,M028,Branch,282.0,1.0,5757.67,160.160,496.6687962962963,65+,1,19,27,1,175,4,2.2512332674556923,0.3675750689719181,0
AC00225,175.15,Debit,Detroit,M090,ATM,32.0,1.0,1712.65,16.51,360.6299074074074,26-35,1,11,89,0,173,1,-1.3487978222734478,1.195922622875027,0
AC00150,32.54,Debit,Oklahoma City,M022,Online,183.0,4.0,1544.88,4.101,488.65377314814816,18-25,1,28,21,2,415,0,-2.05405351222513,-0.8543105341642185,0
AC00413,121.82,Debit,Dallas,M032,Online,119.0,1.0,13293.83,40.198,422.5744907407407,51-65,1,9,31,2,420,3,1.8360695655596726,-0.4601304959367261,0
AC00479,56.12,Debit,El Paso,M049,ATM,102.0,1.0,8839.67,11.167,417.5552662037037,26-35,1,12,48,0,28,1,-0.5369005439005281,0.972116940481473,0
AC00078,424.7,Credit,Miami,M032,Online,178.0,1.0,6239.89,56.116,643.604988425926,51-65,0,24,31,2,466,3,0.9674164671382451,-1.8543104704682452,0
AC00242,35.16,Debit,Chicago,M029,Branch,130.0,1.0,8459.18,195.237,375.597349537037,26-35,1,6,28,1,282,1,-0.55389802534593,0.12494158293737845,0
AC00149,35.73,Debit,Miami,M028,Branch,87.0,1.0,9073.17,205.69,510.6410416666667,51-65,1,24,27,1,316,3,1.5932192142491428,0.34850394930325757,0
AC00084,3.44,Debit,Fort Worth,M004,ATM,108.0,1.0,7561.33,45.64,654.6165509259259,65+,1,13,3,0,438,4,2.345628697931019,1.4210351096994558,0
AC00466,1342.25,Credit,Fort Worth,M032,Branch,235.0,1.0,694.03,28.149,555.5806134259259,18-25,0,13,31,1,379,0,-2.3567161780641452,-1.377018743568189,0
AC00359,139.03,Credit,Los Angeles,M076,Online,81.0,1.0,2276.57,147.125,431.5912037037037,36-50,0,20,75,2,134,2,0.12608789562302872,-2.071970686878682,0
AC00023,254.92,Credit,San Antonio,M064,ATM,169.0,1.0,2791.12,198.24,412.6688888888889,26-35,0,35,63,0,290,1,-1.2406947044890881,-0.5816149985557908,0
AC00366,115.11,Debit,Albuquerque,M011,Online,139.0,1.0,9808.97,190.164,548.608287037037,26-35,1,0,10,2,263,1,-0.6120428779552052,-0.5484155828362066,0
AC00170,171.11,Debit,San Francisco,M084,ATM,171.0,1.0,6324.09,55.154,538.6362962962963,51-65,1,37,83,0,465,3,0.9167251673376551,1.5791854964933048,0
AC00130,168.54,Debit,Oklahoma City,M064,ATM,142.0,2.0,13406.0,119.105,640.6632060185185,65+,1,28,63,0,61,4,2.694473287012149,1.4290937369611323,0
AC00183,420.76,Debit,Miami,M054,Branch,76.0,1.0,6581.55,76.0,619.6694791666666,51-65,1,24,53,1,519,3,0.7042349570117379,0.7200556312009555,0
AC00219,408.46,Debit,Raleigh,M058,Branch,28.0,1.0,3140.79,201.95,613.6601157407407,51-65,1,33,57,1,305,3,0.9058271996799544,0.5880482979045785,0
AC00354,1162.42,Credit,Detroit,M009,Online,45.0,1.0,10357.26,62.152,438.6482291666667,26-35,0,11,8,2,488,1,-0.536554068424045,-2.4338192005031125,0
AC00290,342.17,Credit,New York,M033,Branch,247.0,1.0,461.83,91.204,325.66585648148146,18-25,0,27,32,1,567,0,-2.27573496020037,-1.5922505149014836,0
AC00425,580.71,Debit,Philadelphia,M046,ATM,95.0,1.0,5670.0,115.30,410.6479861111111,51-65,1,30,45,0,53,3,0.8489153853124065,0.8891807024798233,0
AC00370,821.54,Credit,Atlanta,M044,Branch,36.0,1.0,4040.32,19.111,439.5838078703704,65+,0,1,43,1,259,4,2.244427061769943,-1.2435288106512399,0
AC00454,253.47,Debit,Atlanta,M077,Branch,238.0,1.0,220.51,81.248,508.62574074074075,18-25,1,1,76,1,541,0,-2.4230444449036237,0.7484947570430577,0
AC00403,22.81,Debit,New York,M083,Online,75.0,1.0,3634.76,81.102,524.5937037037037,51-65,1,27,82,2,538,3,0.898787446411803,-0.011550831672803545,0
AC00358,266.57,Credit,Boston,M026,Online,96.0,1.0,7180.48,140.94,489.5904050925926,36-50,0,4,25,2,113,2,0.19769730501092056,-2.2607172251199392,0
AC00296,374.61,Credit,Mesa,M079,Online,37.0,1.0,1389.71,34.125,432.57,65+,0,23,78,2,397,4,1.8152982713785841,-1.866059842526939,0
AC00393,339.35,Credit,Boston,M084,ATM,70.0,1.0,5002.7,197.23,639.6663194444444,65+,0,4,83,0,287,4,2.281886065521117,0.20936642927699547,0
AC00223,810.36,Debit,Columbus,M081,ATM,67.0,1.0,9239.12,139.23,656.6307407407407,18-25,1,8,80,0,109,0,-1.5198436473289811,1.4823711181061745,0
AC00487,9.83,Debit,Memphis,M004,ATM,86.0,1.0,666.42,210.98,468.62831018518517,18-25,1,22,3,0,331,0,-2.160371768781076,0.8162063383135135,0
AC00215,135.57,Credit,Boston,M073,Branch,116.0,1.0,11351.64,147.119,508.6209490740741,51-65,0,4,72,1,133,3,1.5270008163135818,-1.0129843068069013,0
AC00275,340.05,Debit,Detroit,M038,ATM,37.0,1.0,7234.15,163.58,373.61168981481484,36-50,1,11,37,0,190,2,0.21083726667646513,0.9286768393910958,0
AC00482,283.45,Debit,Colorado Springs,M039,Branch,127.0,1.0,2049.51,128.16,383.6139351851852,26-35,1,7,38,1,79,1,-1.3257698260949655,0.04681390134586055,0
AC00357,100.99,Debit,New York,M078,ATM,114.0,1.0,8865.27,109.105,524.6588310185185,65+,1,27,77,0,25,4,2.2353167629940742,1.386373702836451,0
AC00026,90.88,Debit,Albuquerque,M071,Branch,176.0,1.0,3908.47,196.244,622.6377777777777,18-25,1,0,70,1,284,0,-2.0584730264185453,0.7586925135839973,0
AC00416,655.15,Debit,Seattle,M083,ATM,264.0,1.0,5587.44,11.167,671.6557986111111,26-35,1,39,82,0,28,1,-1.2527768123958818,1.3924143570726912,0
AC00058,320.55,Debit,Milwaukee,M041,Online,118.0,1.0,438.75,199.6,552.6225347222222,36-50,1,25,40,2,296,2,-0.3177545310376317,-0.4348218852888387,0
AC00170,41.51,Debit,Phoenix,M084,Online,48.0,1.0,609.6,16.51,396.64190972222224,26-35,1,31,83,2,173,1,-1.4593492771220222,-0.5399971392694931,0
AC00262,71.53,Credit,Jacksonville,M030,Branch,39.0,1.0,2393.73,11.188,370.64068287037037,65+,0,17,29,1,29,4,1.829886890493226,-1.5932782522171387,0
AC00032,467.13,Credit,Kansas City,M096,Branch,45.0,1.0,3914.84,162.151,402.61703703703705,51-65,0,18,95,1,185,3,0.8782711397532352,-1.1250854700388337,0
AC00131,235.4,Debit,Detroit,M038,Branch,70.0,1.0,818.36,73.108,404.6304166666667,26-35,1,11,37,1,515,1,-1.538736789683778,0.2744619514295617,0
AC00176,159.32,Debit,Seattle,M033,Branch,100.0,1.0,304.44,37.227,657.5509143518518,18-25,1,39,32,1,409,0,-2.551916187325878,0.38801301837785845,0
AC00139,50.83,Credit,Philadelphia,M076,Online,48.0,1.0,9553.42,190.164,321.66935185185184,26-35,0,30,75,2,263,1,-0.40173021512941226,-2.279168774688991,0
AC00056,56.89,Credit,Houston,M062,Branch,56.0,1.0,3034.67,31.127,639.5874537037037,51-65,0,15,61,1,389,3,0.8948298046969543,-0.8079189137103567,0
AC00276,20.22,Debit,Jacksonville,M003,ATM,138.0,1.0,5515.32,170.225,604.5695949074075,36-50,1,17,2,0,211,2,-0.03440688001805449,1.0817911139545626,0
AC00447,50.4,Debit,San Antonio,M079,Branch,84.0,1.0,1677.01,44.197,587.6281597222222,36-50,1,35,78,1,431,2,-0.7412423616100503,0.7100059287107342,0
AC00143,73.88,Debit,Los Angeles,M009,Branch,131.0,1.0,4055.55,134.140,545.601099537037,51-65,1,20,8,1,93,3,0.7218776034802408,0.15769025576435547,0
AC00139,119.61,Debit,San Diego,M017,ATM,53.0,1.0,9899.94,99.205,600.6572569444445,26-35,1,36,16,0,589,1,-0.6168354676774109,1.1962250086971833,0
AC00208,1241.05,Debit,Miami,M089,Branch,129.0,1.0,756.74,156.96,348.65633101851853,18-25,1,24,88,1,163,0,-2.440062505482848,0.12834481633958872,0
AC00426,116.58,Debit,Raleigh,M038,Branch,247.0,1.0,2620.74,20.147,430.6448148148148,36-50,1,33,37,1,298,2,-0.35694326155240846,0.18170762768488133,0
AC00423,1919.11,Debit,Portland,M033,ATM,161.0,1.0,11090.24,207.157,495.59863425925926,26-35,1,32,32,0,320,1,-0.7457755334753661,0.8479715486098938,0
AC00381,391.96,Debit,Nashville,M032,ATM,79.0,1.0,2174.16,121.67,503.6561226851852,51-65,1,26,31,0,72,3,0.9164026381862661,1.0056004302126806,0
AC00458,156.26,Credit,Virginia Beach,M059,Branch,160.0,1.0,7854.1,51.196,671.5970486111111,36-50,0,41,58,1,455,2,0.26360129398799936,-0.9210826377042793,0
AC00014,427.0,Credit,Oklahoma City,M065,Branch,163.0,1.0,8253.65,183.39,461.6270949074074,36-50,0,28,64,1,237,2,0.5399189045533428,-1.2676910204697802,0
AC00071,443.68,Debit,Tucson,M012,ATM,137.0,1.0,874.15,16.94,558.5499305555555,18-25,1,40,11,0,174,0,-2.4518212376036583,0.7773794941348134,0
AC00054,101.76,Debit,Philadelphia,M071,Branch,26.0,1.0,6043.25,78.69,622.6137037037037,26-35,1,30,70,1,526,1,-1.010030060308123,0.7424642275492017,0
AC00182,67.57,Debit,Charlotte,M093,Branch,107.0,1.0,2766.12,165.35,444.6434837962963,36-50,1,5,92,1,195,2,-0.41262640262975875,0.6298102036319049,0
AC00257,326.29,Debit,Denver,M025,Online,179.0,1.0,8171.26,6.44,333.6251041666667,51-65,1,10,24,2,481,3,1.159979086838536,-0.6385423305951837,0
AC00006,158.56,Debit,Sacramento,M087,ATM,100.0,1.0,5401.21,218.238,614.6129050925925,26-35,1,34,86,0,349,1,-0.9789918672246646,1.561471016802478,0
AC00424,56.02,Debit,Memphis,M003,Online,142.0,1.0,3548.02,81.248,503.59547453703703,26-35,1,22,2,2,541,1,-1.37412705055144,-0.6462894708909965,0
AC00131,288.28,Debit,Portland,M087,Online,36.0,1.0,160.83,191.25,656.6216319444444,26-35,1,32,86,2,266,1,-1.6771006315328383,-0.11030286102483741,0
AC00133,245.67,Credit,Portland,M088,Branch,107.0,1.0,752.25,3.77,671.5643287037037,18-25,0,32,87,1,386,0,-2.1431725501045586,-0.8368724686467496,0
AC00393,152.18,Credit,Los Angeles,M093,Online,176.0,4.0,2459.84,40.244,454.6343518518519,36-50,0,20,92,2,422,2,-0.32782744682063875,-1.967755468131087,1
AC00361,114.35,Credit,El Paso,M025,Branch,21.0,1.0,469.12,193.221,342.66243055555555,36-50,0,12,24,1,275,2,-0.36821378761672263,-1.622995642783425,0
AC00092,373.27,Credit,Miami,M053,Online,79.0,1.0,8441.61,35.67,474.5857986111111,51-65,0,24,52,2,403,3,1.4661375857018961,-2.009986845865823,0
AC00049,504.63,Debit,Portland,M068,Online,168.0,1.0,3806.16,77.21,356.62546296296296,51-65,1,32,67,2,522,3,0.7967038331579592,-0.4387618972779142,0
AC00023,126.22,Debit,Atlanta,M081,ATM,77.0,4.0,6133.41,9.230,549.6544675925926,36-50,1,1,80,0,564,2,0.14503949182414302,1.576299174830413,0
AC00323,820.15,Debit,Kansas City,M093,Branch,181.0,1.0,8802.97,13.188,321.6510763888889,36-50,1,18,92,1,83,2,0.4550131028132202,0.27260651027319016,0
AC00372,986.81,Credit,Houston,M039,Online,127.0,1.0,14881.77,145.76,583.6365046296296,65+,0,15,38,2,127,4,2.8079624575522137,-2.0411849342181205,0
AC00497,8.37,Debit,Colorado Springs,M011,ATM,135.0,1.0,1106.34,143.212,661.659675925926,51-65,1,7,10,0,121,3,0.796461675766732,1.2879274904402325,0
AC00130,197.49,Credit,Fresno,M007,Online,30.0,1.0,5005.33,167.67,489.64577546296294,51-65,0,14,6,2,202,3,0.953129134069944,-2.3500077916979274,0
AC00034,637.97,Debit,New York,M066,Branch,90.0,1.0,7949.03,104.165,377.6184953703704,51-65,1,27,65,1,16,3,1.2813441598516622,0.14229415249368682,0
AC00286,13.52,Debit,Seattle,M001,ATM,65.0,1.0,259.77,167.67,538.6354398148148,26-35,1,39,0,0,202,1,-1.6619605819088004,0.7654311320174141,0
AC00232,432.1,Debit,San Francisco,M048,ATM,240.0,1.0,2114.3,182.84,594.6541550925926,36-50,1,37,47,0,236,2,-0.26934902908193536,1.2494891210617713,0
AC00182,375.17,Debit,Fort Worth,M053,ATM,66.0,2.0,5495.3,112.196,514.6184375,51-65,1,13,52,0,38,3,0.826965285192201,1.1279861782898268,0
AC00136,642.68,Debit,Fresno,M034,Branch,94.0,1.0,8461.46,56.116,625.6329513888888,36-50,1,14,33,1,466,2,0.36647013686175167,0.5808953515957168,0
AC00101,78.44,Credit,San Jose,M033,Online,292.0,1.0,6870.84,35.246,348.6146875,51-65,0,38,32,2,402,3,0.9725162861093016,-2.35737810939169,0
AC00328,139.72,Debit,Memphis,M033,Branch,201.0,1.0,5058.83,219.98,657.5940277777778,36-50,1,22,32,1,356,2,0.046115525415568674,0.5896052013730693,0
AC00356,499.99,Debit,San Jose,M046,Branch,296.0,1.0,8885.0,9.230,459.6720833333333,26-35,1,38,45,1,564,1,-0.8413354578714938,0.3197356486599018,0
AC00312,10.07,Debit,Albuquerque,M029,Online,49.0,1.0,530.81,23.92,656.6397685185185,18-25,1,0,28,2,367,0,-2.1623740949044232,-0.25955294996749073,0
AC00242,120.62,Debit,Raleigh,M087,ATM,85.0,1.0,9379.53,134.222,615.6454629629629,18-25,1,33,86,0,94,0,-1.3571575929885917,1.3959456849024212,0
AC00123,578.49,Debit,Nashville,M032,Branch,180.0,1.0,6475.13,194.88,384.5972106481481,51-65,1,26,31,1,279,3,1.0756083202048372,0.09821012537906737,0
AC00071,119.3,Debit,Mesa,M058,Branch,22.0,5.0,319.04,90.111,433.66667824074074,26-35,1,23,57,1,565,1,-1.3299411953086477,0.170267481222247,0
AC00370,280.92,Debit,Phoenix,M048,Online,168.0,1.0,5298.85,120.170,307.5728125,36-50,1,31,47,2,70,2,-0.056293009068374,-0.9134190390603765,0
AC00330,42.42,Debit,Sacramento,M042,Online,102.0,1.0,490.57,61.95,521.6175231481482,18-25,1,34,41,2,487,0,-2.3741365371933094,-0.5031854533477551,0
AC00218,77.03,Debit,Fresno,M030,ATM,259.0,1.0,11310.27,121.67,503.6320949074074,65+,1,14,29,0,72,4,2.419147614421477,1.1674132861563895,0
AC00437,22.59,Debit,Seattle,M060,ATM,45.0,1.0,3988.75,113.115,587.6637268518518,51-65,1,39,59,0,43,3,1.0298964546067637,1.261331846208789,0
AC00287,568.76,Debit,Baltimore,M097,ATM,155.0,1.0,7484.32,63.191,391.64119212962964,51-65,1,3,96,0,491,3,0.8870071933323926,1.5850757862571745,0
AC00418,25.94,Credit,San Jose,M003,Online,211.0,5.0,4815.11,42.219,384.550775462963,51-65,0,38,2,2,427,3,1.0586856270411757,-2.7411482142355688,1
AC00465,105.94,Debit,Oklahoma City,M074,Branch,207.0,1.0,5963.1,160.212,454.6715740740741,51-65,1,28,73,1,176,3,0.8027631230196264,0.4546849187837815,0
AC00011,733.29,Debit,Virginia Beach,M032,ATM,94.0,5.0,10427.0,16.51,599.5589814814815,51-65,1,41,31,0,173,3,1.1887722066708124,0.8218919637841919,0
AC00432,350.15,Credit,Fresno,M052,ATM,195.0,1.0,296.47,11.167,342.6598611111111,18-25,0,14,51,0,28,0,-2.0869977957727595,-0.8355398312761609,0
AC00240,1151.18,Debit,Kansas City,M055,ATM,105.0,1.0,1100.06,72.192,436.61151620370373,51-65,1,18,54,0,514,3,0.6526062719393884,1.256632098019746,0
AC00497,183.67,Debit,San Diego,M085,Online,238.0,1.0,910.26,77.7,496.6663888888889,18-25,1,36,84,2,523,0,-2.4589971488578524,-0.24281268833985623,0
AC00026,278.27,Debit,Tucson,M027,Branch,123.0,1.0,6684.34,87.234,573.6403125,26-35,1,40,26,1,557,1,-1.0960690723203834,0.33763514391852223,0
AC00277,470.3,Debit,Austin,M091,ATM,88.0,1.0,8524.09,41.110,418.5564236111111,36-50,1,2,90,0,425,2,0.14293591296536784,1.5102572560843146,0
AC00116,261.69,Debit,Philadelphia,M042,ATM,84.0,1.0,5126.65,197.52,342.6109259259259,51-65,1,30,41,0,288,3,0.7883865922056357,0.9136094780553248,0
AC00367,365.04,Debit,Virginia Beach,M003,Branch,94.0,1.0,873.89,86.220,608.6542939814815,18-25,1,41,2,1,555,0,-2.4173603004569153,0.16788076349166778,0
AC00030,211.1,Debit,Miami,M070,Branch,136.0,1.0,7059.77,19.228,416.63070601851854,51-65,1,24,69,1,261,3,1.125374907524311,0.4248335856943705,0
AC00111,21.49,Debit,Denver,M050,ATM,240.0,1.0,11991.24,60.43,549.6367013888889,51-65,1,10,49,0,485,3,1.5555315284532296,1.569516280571607,0
AC00220,63.58,Debit,Columbus,M093,ATM,199.0,1.0,8086.04,163.129,419.6032638888889,18-25,1,8,92,0,189,0,-1.589188088477024,1.3405208823125008,0
AC00295,321.86,Debit,San Antonio,M005,ATM,167.0,1.0,12626.49,141.241,468.65328703703705,51-65,1,35,4,0,117,3,1.842715677382184,0.783589165120985,0
AC00137,12.11,Debit,Jacksonville,M038,Branch,127.0,1.0,1730.28,57.141,327.65952546296296,65+,1,17,37,1,469,4,1.75789419335765,0.2994764506636197,0
AC00004,642.54,Debit,Milwaukee,M025,Branch,28.0,1.0,3143.17,166.79,543.5564467592593,36-50,1,25,24,1,199,2,-0.27151796276492224,0.16482609169184545,0
AC00442,210.45,Debit,Las Vegas,M011,ATM,146.0,1.0,1242.49,144.91,328.63841435185185,26-35,1,19,10,0,123,1,-1.435666209621579,0.5766315907903696,0
AC00201,313.65,Credit,Chicago,M017,Branch,173.0,1.0,1886.36,57.232,643.6685416666667,51-65,0,6,16,1,471,3,0.5652819070209615,-1.0172755448990964,0
AC00462,99.76,Debit,Sacramento,M039,Branch,131.0,1.0,416.89,38.164,454.6561226851852,26-35,1,34,38,1,410,1,-1.68886104429486,0.19769619126718235,0
AC00390,115.32,Debit,Denver,M075,Branch,113.0,1.0,5929.08,211.45,467.61422453703705,51-65,1,10,74,1,333,3,0.8880448530867986,0.6470441290119785,0
AC00297,33.61,Debit,Milwaukee,M014,Online,72.0,1.0,479.08,142.184,440.6136574074074,18-25,1,25,13,2,120,0,-2.1384962290661904,-0.9556199311415017,0
AC00173,498.59,Credit,Oklahoma City,M032,Online,32.0,1.0,5862.99,93.169,643.6573148148149,26-35,0,28,31,2,575,1,-0.8975264241989014,-1.9490335177541651,0
AC00382,98.81,Debit,San Francisco,M047,Branch,91.0,1.0,797.1,38.210,426.63886574074075,26-35,1,37,46,1,412,1,-1.6045308104792995,0.18650565457119045,0
AC00175,1.87,Debit,Washington,M014,ATM,147.0,1.0,7287.94,30.229,380.56605324074076,51-65,1,42,13,0,387,3,1.3754858996549693,0.8394684115648221,0
AC00035,78.92,Credit,Jacksonville,M075,Online,95.0,1.0,5624.86,149.84,507.5491435185185,51-65,0,17,74,2,144,3,1.2484321632570388,-1.8860431880318318,0
AC00219,194.29,Credit,Seattle,M059,Branch,10.0,1.0,2988.41,160.65,650.6689236111112,36-50,0,39,58,1,177,2,-0.33208440958850644,-1.140945270321115,0
AC00416,28.73,Debit,Kansas City,M016,ATM,185.0,1.0,2712.96,93.52,369.66435185185185,51-65,1,18,15,0,578,3,0.4911069635550739,1.044864687201981,0
AC00467,105.53,Debit,Colorado Springs,M026,Online,88.0,1.0,1433.66,53.131,506.6485416666667,18-25,1,7,25,2,461,0,-2.099786984347634,-0.498831552033385,0
AC00465,737.34,Debit,Miami,M006,Online,34.0,1.0,7336.56,93.146,594.5991203703703,26-35,1,24,5,2,572,1,-1.0046594018990995,-0.5652528113171343,0
AC00102,237.86,Debit,Philadelphia,M044,ATM,210.0,1.0,475.63,135.73,636.5983912037037,18-25,1,30,43,0,97,0,-2.449142839477381,1.1566186873915638,0
AC00119,409.61,Debit,Kansas City,M024,Branch,89.0,1.0,11698.15,197.23,466.66976851851854,51-65,1,18,23,1,287,3,1.8332831182842753,0.2366702510036369,0
AC00418,75.53,Credit,Fresno,M009,Online,157.0,1.0,1034.35,54.252,440.60493055555554,18-25,0,14,8,2,463,0,-2.1330787696979425,-2.37607186673751,0
AC00237,72.75,Debit,Phoenix,M067,ATM,15.0,1.0,12042.79,105.136,552.6508796296297,51-65,1,31,66,0,18,3,1.9187193255001784,1.286191105409099,0
AC00279,39.11,Debit,Columbus,M052,Online,143.0,1.0,518.54,196.121,429.58530092592594,26-35,1,8,51,2,283,1,-1.5539616127507494,-0.5002027671158629,0
AC00067,1309.79,Debit,San Francisco,M004,ATM,139.0,1.0,1258.93,3.200,608.6510532407408,18-25,1,37,3,0,384,0,-2.419550246015873,0.8477485295253516,0
AC00043,729.38,Debit,Los Angeles,M093,ATM,90.0,1.0,9127.65,99.205,355.6142708333333,65+,1,20,92,0,589,4,2.081874657598268,1.4913165347584914,0
AC00012,137.49,Debit,Fort Worth,M040,ATM,50.0,1.0,4471.05,42.61,466.6339814814815,26-35,1,13,39,0,429,1,-0.9518851962732539,1.177875503039636,0
AC00244,504.71,Debit,Detroit,M060,Online,61.0,1.0,6214.54,24.148,573.5699768518518,26-35,1,11,59,2,369,1,-1.0134226714003254,-0.25194423815671746,0
AC00395,371.47,Credit,Milwaukee,M097,Branch,58.0,1.0,1187.04,32.71,523.661099537037,18-25,0,25,96,1,394,0,-2.0445180007904247,-0.9835881215827244,0
AC00253,430.35,Debit,Charlotte,M007,Online,205.0,1.0,354.9,217.233,622.6165277777778,36-50,1,5,6,2,347,2,-0.8633191162068282,-0.4356697668150764,0
AC00394,230.32,Debit,Las Vegas,M015,Branch,56.0,1.0,791.46,49.174,538.5784837962963,26-35,1,19,14,1,447,1,-1.325762156067372,0.2597652104859209,0
AC00457,121.71,Debit,Chicago,M015,ATM,140.0,1.0,5878.89,77.208,425.63125,51-65,1,6,14,0,521,3,0.7893883357130577,1.1427308578883466,0
AC00046,98.87,Debit,Detroit,M060,Online,179.0,1.0,533.2,219.31,670.5943402777777,18-25,1,11,59,2,354,0,-2.3739102531499348,-0.09371300748424968,0
AC00011,117.55,Debit,Fresno,M046,ATM,35.0,1.0,897.94,4.101,534.6500694444444,18-25,1,14,45,0,415,0,-2.1575796126189144,1.2597369683615935,0
AC00045,244.64,Debit,Tucson,M072,Branch,103.0,1.0,9159.56,66.255,621.5591898148148,26-35,1,40,71,1,503,1,-0.8018953448034519,0.681927626873443,0
AC00181,321.93,Debit,Nashville,M092,ATM,12.0,1.0,4392.73,45.241,335.5699074074074,36-50,1,26,91,0,436,2,-0.07453217142412137,1.2695870712176807,0
AC00149,1092.73,Debit,Columbus,M064,Branch,11.0,1.0,1390.98,56.89,650.6134375,51-65,1,8,63,1,468,3,0.4370327284360921,0.81817971093001,0
AC00288,283.23,Debit,El Paso,M061,Online,98.0,1.0,2008.77,146.69,636.6381134259259,36-50,1,12,60,2,131,2,-0.4593171577366885,-0.20822360173308038,0
AC00014,346.65,Debit,Washington,M062,Online,60.0,1.0,6356.96,43.98,307.6595486111111,26-35,1,42,61,2,430,1,-0.9605662488533484,-0.7649743799049032,0
AC00153,381.62,Debit,Las Vegas,M097,Online,164.0,1.0,6009.12,187.223,646.6467361111111,51-65,1,19,96,2,248,3,1.207616750307184,0.14423218502285787,0
AC00164,388.65,Debit,Oklahoma City,M065,ATM,43.0,1.0,7896.85,40.244,621.670625,65+,1,28,64,0,422,4,2.25727024543802,1.6230651149021171,0
AC00159,29.22,Debit,San Antonio,M068,ATM,151.0,1.0,1649.43,44.67,486.57844907407406,18-25,1,35,67,0,432,0,-2.1424192367540615,1.257042065357141,0
AC00360,46.75,Debit,Colorado Springs,M078,Branch,150.0,1.0,2840.43,196.244,461.60542824074076,65+,1,7,77,1,284,4,1.6123127169487093,0.7107777987563503,0
AC00326,348.64,Debit,San Jose,M098,Online,128.0,1.0,3274.96,134.222,513.6244560185186,51-65,1,38,97,2,94,3,0.7406821155167154,-0.25825698717200535,0
AC00110,319.17,Debit,Tucson,M088,Online,81.0,1.0,6501.56,7.28,662.6324884259259,65+,1,40,87,2,510,4,1.956076558881594,0.16480246534201173,0
AC00110,73.95,Debit,Kansas City,M012,ATM,76.0,1.0,363.92,6.204,366.64417824074076,26-35,1,18,11,0,479,1,-1.640251118881221,0.832013420326983,0
AC00257,389.63,Debit,Mesa,M100,Online,99.0,1.0,9748.48,155.140,626.658900462963,26-35,1,23,99,2,155,1,-0.71411464357491,-0.06743376606257875,0
AC00145,217.61,Debit,Chicago,M025,ATM,45.0,1.0,1404.53,216.32,598.6066782407407,18-25,1,6,24,0,345,0,-2.287588052068646,1.2091562549530388,0
AC00455,199.84,Debit,Dallas,M082,ATM,150.0,1.0,706.44,48.19,657.6719907407407,18-25,1,9,81,0,442,0,-2.3498794282677977,1.7335604527531454,0
AC00282,56.35,Debit,Charlotte,M033,ATM,75.0,1.0,5095.73,166.79,633.6656944444444,36-50,1,5,32,0,199,2,0.0032271711686390173,1.36798694912638,0
AC00045,248.95,Credit,San Francisco,M068,Branch,29.0,1.0,3059.79,38.210,506.6596875,51-65,0,37,67,1,412,3,1.0748968015522298,-1.0944984449096429,0
AC00390,142.58,Debit,San Antonio,M048,ATM,145.0,1.0,7844.23,139.23,503.65688657407406,26-35,1,35,47,0,109,1,-0.6549142920282423,1.0173842654239258,0
AC00032,1020.73,Debit,Fort Worth,M087,ATM,87.0,1.0,1119.61,166.79,468.64543981481484,26-35,1,13,86,0,199,1,-1.5393526489025717,1.2669638371245167,0
AC00153,84.34,Debit,Memphis,M039,Online,248.0,3.0,5313.97,200.136,514.6538773148148,51-65,1,22,38,2,300,3,0.977356033911039,-0.5185725455526098,0
AC00460,1607.55,Debit,Phoenix,M031,ATM,156.0,1.0,6227.99,94.37,423.653125,26-35,1,31,30,0,580,1,-1.1915293447585484,0.8957362037700733,0
AC00154,333.78,Debit,San Diego,M057,ATM,98.0,1.0,6810.94,49.31,339.5930787037037,51-65,1,36,56,0,450,3,1.1314207181568499,1.0702903113776112,0
AC00190,332.59,Debit,San Antonio,M060,Online,143.0,1.0,1457.07,166.41,479.59643518518516,51-65,1,35,59,2,197,3,0.4706914232996472,-0.49004033305278305,0
AC00156,236.81,Debit,Oklahoma City,M013,Branch,15.0,1.0,813.68,189.168,374.63012731481484,18-25,1,28,12,1,254,0,-2.1893618416017446,-0.2133384690285909,0
AC00005,417.8,Credit,Philadelphia,M066,Branch,130.0,1.0,1518.82,49.31,496.65836805555557,26-35,0,30,65,1,450,1,-1.4684657204339748,-1.1863365424517336,0
AC00126,319.27,Debit,San Antonio,M052,ATM,150.0,1.0,10269.78,211.97,454.63703703703703,36-50,1,35,51,0,334,2,0.6062062487361446,1.1295550090394353,0
AC00201,384.1,Debit,Detroit,M004,Branch,172.0,1.0,672.79,199.103,529.5685648148149,36-50,1,11,3,1,293,2,-0.5755724735466504,0.18112726119116584,0
AC00165,820.62,Credit,Fresno,M084,Branch,158.0,1.0,6024.8,47.82,611.6170023148148,51-65,0,14,83,1,441,3,1.1299994163730513,-0.7267271092157587,0
AC00420,474.77,Credit,Indianapolis,M073,Online,50.0,1.0,2158.59,104.155,314.652962962963,51-65,0,16,72,2,15,3,0.8641366217178944,-2.3166541494010127,0
AC00329,542.72,Credit,Indianapolis,M100,Branch,92.0,1.0,6011.8,34.86,426.5631481481482,36-50,0,16,99,1,399,2,0.10482667051894136,-0.98061029052365,0
AC00037,79.8,Debit,Fort Worth,M070,ATM,76.0,1.0,6372.58,189.198,317.61752314814817,65+,1,13,69,0,256,4,2.2153056808764267,1.2177690435253818,0
AC00293,46.24,Debit,San Diego,M043,Branch,52.0,1.0,2569.56,80.155,601.6678009259259,51-65,1,36,42,1,532,3,0.5604201234493161,0.6031455930978656,0
AC00481,327.8,Debit,San Francisco,M054,ATM,54.0,1.0,10585.48,90.111,346.6005671296296,51-65,1,37,53,0,565,3,1.5019742966813643,1.114504691495103,0
AC00233,445.79,Debit,Las Vegas,M052,ATM,161.0,1.0,717.99,207.157,485.61974537037037,51-65,1,19,51,0,320,3,0.26223142963623747,1.2640071667016362,0
AC00235,55.89,Debit,Fresno,M026,Online,150.0,1.0,3689.65,175.230,444.63684027777776,65+,1,14,25,2,224,4,1.8760075802311347,-0.5465205242044872,0
AC00324,158.41,Debit,Sacramento,M013,Branch,16.0,1.0,1512.16,188.225,633.6535300925926,26-35,1,34,12,1,252,1,-1.5001804193057309,0.19375669204492818,0
AC00029,101.19,Credit,Denver,M033,Online,75.0,1.0,14389.45,80.155,340.56322916666664,51-65,0,10,32,2,532,3,2.21757136420014,-2.160785558036544,0
AC00093,827.14,Debit,El Paso,M018,Branch,265.0,4.0,9800.21,215.97,656.6132060185186,36-50,1,12,17,1,342,2,-0.0026859047906838056,0.26710858754947414,0
AC00141,61.97,Debit,Phoenix,M056,ATM,95.0,1.0,7014.69,10.223,531.5593055555555,65+,1,31,55,0,6,4,2.2754028108945974,1.2305065361246683,0
AC00061,27.21,Debit,San Jose,M050,ATM,102.0,1.0,3520.61,28.149,508.64716435185187,65+,1,38,49,0,379,4,1.9974337304623977,1.3249319989602377,0
AC00092,173.74,Debit,Houston,M074,Online,64.0,1.0,4913.42,161.177,422.5996527777778,65+,1,15,73,2,181,4,2.316760921227996,-0.3059850482124097,0
AC00354,176.11,Debit,San Jose,M091,Branch,105.0,1.0,9155.35,86.220,451.63998842592594,36-50,1,38,90,1,555,2,0.02708968676676656,0.632772093349292,0
AC00358,88.4,Debit,Fort Worth,M065,Online,174.0,1.0,2567.53,112.196,359.58858796296295,36-50,1,13,64,2,38,2,-0.06949090491144007,-0.6121914824773743,0
AC00078,567.92,Debit,Columbus,M042,Online,14.0,1.0,3779.47,213.207,502.65630787037037,51-65,1,8,41,2,337,3,0.6376083871084741,-0.40214190182783927,0
AC00013,138.11,Credit,Phoenix,M001,Online,104.0,1.0,4177.65,20.147,328.6097453703704,65+,0,31,0,2,298,4,1.8703219086122695,-2.605078308253896,0
AC00030,456.93,Credit,Virginia Beach,M006,Branch,193.0,1.0,7284.76,214.67,404.66037037037034,26-35,0,41,5,1,341,1,-0.8750265429578582,-1.8218331306509838,0
AC00074,101.42,Debit,Atlanta,M036,Online,146.0,1.0,6530.59,112.56,558.6334143518518,65+,1,1,35,2,40,4,1.9831160523982705,-0.3461591284651922,0
AC00399,300.61,Debit,El Paso,M006,Online,51.0,1.0,7895.54,165.35,552.6181712962963,36-50,1,12,5,2,195,2,0.25801321897920804,-0.6605278070560016,0
AC00323,265.94,Debit,Boston,M085,Online,132.0,1.0,6781.3,106.244,517.6635416666667,51-65,1,4,84,2,22,3,1.0845346169756866,-0.1807433307264443,0
AC00107,345.54,Debit,San Diego,M050,Online,50.0,1.0,2091.78,215.97,649.6704745370371,26-35,1,36,49,2,342,1,-1.46727638281815,-0.34288320427935487,0
AC00211,411.52,Debit,Los Angeles,M023,ATM,88.0,1.0,11108.39,52.1,663.6034375,36-50,1,20,22,0,457,2,0.2941831728973512,1.3675712085650367,0
AC00297,111.21,Debit,Portland,M076,Branch,111.0,1.0,9088.36,216.151,440.5663310185185,26-35,1,32,75,1,343,1,-0.485960202641215,0.41647923690094213,0
AC00102,316.37,Debit,Colorado Springs,M088,ATM,86.0,1.0,4671.69,218.83,433.6067476851852,51-65,1,7,87,0,351,3,0.7575132453654885,1.5082103768939035,0
AC00196,260.63,Debit,Fort Worth,M005,Branch,142.0,1.0,7534.73,36.13,319.5488657407407,36-50,1,13,4,1,405,2,-0.0506014119867016,-0.08020001827952151,0
AC00342,92.36,Debit,Dallas,M092,ATM,144.0,1.0,6353.14,3.200,587.6384375,26-35,1,9,91,0,384,1,-0.9728165717989015,1.7178999503602592,0
AC00027,262.06,Debit,Oklahoma City,M029,Branch,118.0,1.0,13587.52,44.73,419.6674537037037,51-65,1,28,28,1,433,3,1.8988644053426529,0.23905553326423754,0
AC00339,64.5,Debit,Denver,M062,ATM,230.0,1.0,1351.24,18.72,444.56680555555556,65+,1,10,61,0,231,4,1.7093588456443691,1.3908766333691802,0
AC00468,253.55,Debit,Jacksonville,M007,ATM,85.0,5.0,2797.26,41.82,662.6334953703704,26-35,1,17,6,0,426,1,-1.3669803524272084,0.9645952016255775,0
AC00262,408.28,Credit,Nashville,M028,Branch,125.0,3.0,1222.77,142.148,599.6507060185185,18-25,0,26,27,1,118,0,-2.092862526389247,-1.594424304014995,0
AC00425,175.94,Debit,Indianapolis,M044,ATM,89.0,1.0,3728.04,47.167,517.6603935185185,51-65,1,16,43,0,440,3,0.7467600355705155,1.3674958456509232,0
AC00161,199.47,Debit,Detroit,M041,Online,142.0,1.0,6067.44,82.88,447.65328703703705,51-65,1,11,40,2,546,3,0.9655226400287198,-0.3248825329544713,0
AC00417,51.07,Debit,Dallas,M017,Branch,133.0,1.0,4292.16,162.198,650.5869675925926,51-65,1,9,16,1,186,3,1.081599348769401,0.5024684619851543,0
AC00208,435.86,Debit,Jacksonville,M075,ATM,134.0,1.0,3801.82,147.125,310.6190972222222,51-65,1,17,74,0,134,3,0.8317699767146951,1.067348337859116,0
AC00304,74.73,Credit,Jacksonville,M009,Branch,162.0,1.0,6353.22,92.180,643.6186111111111,51-65,0,17,8,1,568,3,1.2980195638829475,-1.0338398847555474,0
AC00166,182.79,Credit,Louisville,M013,Online,14.0,1.0,1251.85,35.73,375.6567013888889,18-25,0,21,12,2,404,0,-1.9984495195979686,-2.553981025989303,0
AC00279,628.36,Debit,Austin,M005,Online,108.0,1.0,11869.71,196.121,653.6652199074074,36-50,1,2,4,2,283,2,0.5520406430475351,-0.4302460656869888,0
AC00114,268.39,Debit,San Antonio,M021,Online,177.0,1.0,9409.43,81.102,621.5824421296296,26-35,1,35,20,2,538,1,-0.8378617445746813,-0.42606810012328417,0
AC00411,362.27,Debit,Jacksonville,M051,ATM,47.0,1.0,6003.59,69.160,542.6464930555555,65+,1,17,50,0,505,4,2.2474205879851388,1.5238388169064567,0
AC00380,560.15,Credit,Memphis,M059,Online,92.0,1.0,817.83,93.169,447.58975694444445,36-50,0,22,58,2,575,2,-0.2207599338057763,-1.9815994967338306,0
AC00272,351.99,Debit,Chicago,M001,ATM,45.0,2.0,3663.64,15.176,510.6342476851852,65+,1,6,0,0,145,4,2.1794456868986893,0.9523564919286513,0
AC00202,132.36,Debit,Colorado Springs,M094,Branch,160.0,1.0,319.65,41.0,601.6306481481481,26-35,1,7,93,1,424,1,-1.6057682689015353,0.9449718067909877,0
AC00053,24.77,Credit,Nashville,M002,Online,17.0,1.0,478.23,223.32,368.63289351851853,36-50,0,26,1,2,364,2,-0.4620051220760647,-2.5873319404530584,0
AC00316,668.67,Debit,Detroit,M019,Online,143.0,4.0,13446.81,184.59,362.60305555555556,36-50,1,11,18,2,242,2,0.8163786774413125,-1.0404099944681442,1
AC00422,80.24,Credit,New York,M016,Branch,58.0,1.0,8012.81,190.92,534.6135532407408,51-65,0,27,15,1,265,3,1.1821768427139239,-1.409534382715957,0
AC00083,8.65,Debit,Mesa,M060,ATM,198.0,1.0,4201.22,217.233,349.6550462962963,65+,1,23,59,0,347,4,1.738766199942046,1.2135019741333646,0
AC00125,178.91,Debit,Omaha,M035,ATM,19.0,1.0,8870.89,35.67,599.6458564814815,18-25,1,29,34,0,403,0,-1.669583345767147,1.1857772403005076,0
AC00227,115.22,Debit,San Francisco,M063,Branch,108.0,1.0,906.2,76.0,331.62747685185184,26-35,1,37,62,1,519,1,-1.6018508700626963,0.2043557535957273,0
AC00292,161.63,Debit,San Jose,M077,Online,276.0,1.0,9286.37,34.86,314.6497337962963,36-50,1,38,76,2,399,2,0.38338742777244283,-0.5296413487263958,0
AC00319,542.75,Credit,Nashville,M045,Branch,63.0,1.0,2224.08,82.115,332.56917824074077,65+,0,26,44,1,543,4,1.6518669609166414,-1.3730834024833212,0
AC00431,317.47,Credit,Sacramento,M083,Online,16.0,1.0,14639.28,119.163,552.6086111111111,65+,0,34,82,2,62,4,2.8507415003626377,-1.8921270020238075,0
AC00365,280.99,Debit,Houston,M096,Branch,29.0,1.0,9733.59,11.167,622.5863773148149,36-50,1,15,95,1,28,2,0.513591437570906,0.7638588229800284,0
AC00050,24.19,Debit,San Diego,M061,ATM,28.0,1.0,2756.2,186.135,634.6071527777777,26-35,1,36,60,0,244,1,-1.3280724429593365,1.344500935519113,0
AC00129,586.85,Debit,Mesa,M014,ATM,86.0,1.0,6655.15,187.199,446.6353125,36-50,1,23,13,0,247,2,-0.21892987490184354,0.8163342674105549,0
AC00366,372.41,Debit,San Diego,M088,ATM,143.0,1.0,3233.87,214.125,503.579375,51-65,1,36,87,0,338,3,0.5795829705444564,1.4564207972765717,0
AC00452,63.17,Debit,Fresno,M039,ATM,148.0,1.0,1676.57,113.137,467.5682986111111,18-25,1,14,38,0,45,0,-2.115880673478409,0.9374908020861621,0
AC00339,383.69,Debit,Colorado Springs,M064,Online,285.0,1.0,8371.11,107.248,369.6277199074074,51-65,1,7,63,2,24,3,1.2177251564271112,-0.5407519231637822,0
AC00389,247.17,Credit,Chicago,M096,Branch,149.0,1.0,2611.64,56.89,531.5894444444444,51-65,0,6,95,1,468,3,1.0630270030542526,-0.649487192951772,0
AC00188,48.78,Credit,Kansas City,M006,Branch,136.0,1.0,552.06,112.222,450.6434027777778,18-25,0,18,5,1,39,0,-2.168100341530068,-1.803597099006133,0
AC00039,4.15,Credit,Omaha,M019,Branch,119.0,1.0,6017.36,166.41,381.64940972222223,51-65,0,29,18,1,197,3,1.3030458553934872,-1.6391268519535285,0
AC00319,60.99,Debit,Oklahoma City,M037,Branch,58.0,1.0,7281.46,5.50,460.6205324074074,26-35,1,28,36,1,452,1,-0.7132654767600718,0.26162389837982486,0
AC00077,408.19,Debit,Mesa,M038,Branch,241.0,1.0,6847.47,19.20,324.63913194444444,26-35,1,23,37,1,260,1,-1.0234726778122278,-0.02983802328472077,0
AC00131,524.6,Debit,El Paso,M002,Branch,76.0,1.0,13017.7,44.73,576.6056944444445,51-65,1,12,1,1,433,3,1.6265306033632219,0.34352504870951084,0
AC00180,108.96,Debit,Milwaukee,M070,ATM,247.0,1.0,7597.66,49.31,390.57954861111114,26-35,1,25,69,0,450,1,-0.9956279613403385,1.23329655052157,0
AC00249,70.03,Debit,Nashville,M073,Branch,49.0,1.0,7330.31,193.221,321.56483796296294,51-65,1,26,72,1,275,3,1.4293346072496493,0.30525694291512967,0
AC00454,124.84,Debit,Louisville,M051,Online,79.0,1.0,6711.78,18.72,408.60192129629627,51-65,1,21,50,2,231,3,0.954765330381555,-0.5533337103815665,0
AC00076,324.04,Debit,Virginia Beach,M043,ATM,30.0,1.0,2248.06,101.120,487.6382175925926,51-65,1,41,42,0,11,3,0.5662995610028061,0.916967073125889,0
AC00386,39.69,Debit,Austin,M089,Online,163.0,1.0,3524.68,219.98,559.6189467592593,65+,1,2,88,2,356,4,1.7530309802664163,0.17822106268121565,0
AC00444,157.7,Credit,Omaha,M019,Branch,46.0,1.0,8332.58,21.190,338.6123263888889,51-65,0,29,18,1,325,3,1.4238802458579984,-1.6693096997733994,0
AC00307,81.27,Credit,Seattle,M051,Online,68.0,1.0,1814.48,201.95,362.64876157407406,18-25,0,39,50,2,305,0,-1.9855950711909045,-2.455676898410733,0
AC00397,193.82,Debit,Kansas City,M042,Branch,176.0,1.0,3886.77,16.128,563.5967939814815,36-50,1,18,41,1,170,2,-0.40831409524601886,0.39390285924943197,0
AC00078,16.73,Debit,Omaha,M022,Online,165.0,1.0,7591.13,205.45,339.59685185185185,65+,1,29,21,2,315,4,2.472737012359747,-0.7428953536325076,0
AC00348,474.05,Debit,San Jose,M031,ATM,214.0,1.0,1484.31,24.129,451.5695486111111,51-65,1,38,30,0,368,3,0.44490625441475373,1.0129773600686796,0
AC00169,39.21,Debit,Miami,M093,ATM,245.0,4.0,9385.57,105.87,543.6641319444444,65+,1,24,92,0,20,4,2.2421345347169788,1.3661945267746154,1
AC00007,637.75,Debit,Dallas,M028,Branch,152.0,1.0,4202.92,184.57,468.6678935185185,65+,1,9,27,1,241,4,2.1005964240790123,0.3227014922041849,0
AC00009,153.59,Credit,Portland,M001,Branch,174.0,1.0,4813.12,204.120,549.6012037037037,65+,0,32,0,1,313,4,1.7618039273715718,-1.4261669967987622,0
AC00065,186.6,Debit,Tucson,M086,Branch,139.0,1.0,9716.68,184.185,375.6717708333333,18-25,1,40,85,1,239,0,-1.5151948683922416,0.22511260947776626,0
AC00362,644.08,Debit,Atlanta,M018,Online,55.0,1.0,1980.62,57.232,545.6099305555556,18-25,1,1,17,2,471,0,-2.110464907107927,-0.5161692172768386,0
AC00444,226.66,Debit,Austin,M001,Branch,168.0,1.0,10216.25,16.94,312.5503703703704,36-50,1,2,0,1,174,2,0.4523881729305797,-0.1589317737726891,0
AC00106,305.0,Debit,Phoenix,M003,ATM,222.0,1.0,944.83,199.103,388.6155092592593,18-25,1,31,2,0,293,0,-2.2654715876616764,0.609932007509033,0
AC00241,233.1,Credit,Nashville,M011,Branch,37.0,1.0,7469.2,38.164,657.6130902777778,36-50,0,26,10,1,410,2,0.1481638074800795,-1.2390132692325873,0
AC00092,793.13,Debit,Memphis,M035,Online,76.0,1.0,13389.16,173.232,543.6469675925925,65+,1,22,34,2,219,4,2.5378266961469715,-0.4719969797017222,0
AC00173,224.19,Debit,Houston,M017,ATM,93.0,1.0,8475.47,46.150,409.6423148148148,51-65,1,15,16,0,439,3,1.0444716854493183,1.021579247613977,0
AC00363,214.83,Credit,Tucson,M009,ATM,63.0,1.0,991.69,205.45,594.5828125,18-25,0,40,8,0,315,0,-2.1359914818015757,-0.731436466338199,0
AC00185,163.46,Credit,Baltimore,M037,Branch,111.0,1.0,6953.8,39.129,422.62613425925923,51-65,0,3,36,1,413,3,1.4749241870743712,-1.21322196831293,0
AC00370,194.99,Debit,Jacksonville,M097,Branch,91.0,1.0,1370.03,173.232,338.62939814814814,26-35,1,17,96,1,219,1,-1.1604954894606567,0.39232505535367296,0
AC00124,23.4,Debit,El Paso,M027,ATM,175.0,4.0,14851.28,74.58,634.5690393518519,36-50,1,12,26,0,518,2,0.9248760624491991,1.306925657689302,0
AC00412,227.5,Debit,Sacramento,M055,Online,277.0,1.0,11505.35,134.140,601.6333564814814,26-35,1,34,54,2,93,1,-0.32082049566503756,-0.42645247096939487,0
AC00068,259.9,Debit,Oklahoma City,M083,Online,100.0,1.0,914.28,14.200,500.6658101851852,26-35,1,28,82,2,111,1,-1.5486826429641887,-0.42006282605731665,0
AC00321,59.51,Credit,Dallas,M086,Online,55.0,1.0,9955.88,86.220,579.6665856481482,36-50,0,9,85,2,555,2,0.22706734307436557,-1.5130566069466,0
AC00302,50.63,Debit,Columbus,M045,Online,143.0,1.0,4732.81,9.230,529.6605671296296,51-65,1,8,44,2,564,3,1.0899973936384821,-0.11940681248357773,0
AC00217,1074.95,Debit,Jacksonville,M089,Branch,91.0,1.0,530.86,167.95,520.639525462963,18-25,1,17,88,1,203,0,-2.403881507663728,0.464398067906543,0
AC00298,112.94,Credit,San Antonio,M091,Online,31.0,1.0,3807.84,142.160,345.6052314814815,65+,0,35,90,2,119,4,2.0937161939535467,-2.1074290156226367,0
AC00327,11.81,Debit,Phoenix,M072,ATM,131.0,1.0,320.25,96.162,615.6668402777777,18-25,1,31,71,0,583,0,-2.4469530659236294,1.572731249905963,0
AC00054,329.14,Debit,Sacramento,M018,Branch,14.0,1.0,12033.92,6.204,355.6467361111111,51-65,1,34,17,1,479,3,1.461326357139077,0.015587383158101627,0
AC00403,154.24,Debit,Mesa,M049,ATM,82.0,1.0,6109.55,219.98,363.65905092592595,51-65,1,23,48,0,356,3,1.1814253461285416,1.0934859858231873,0
AC00397,233.44,Debit,Chicago,M037,Online,297.0,1.0,1691.88,37.213,653.655625,18-25,1,6,36,2,408,0,-2.3111457888005518,-0.2042428116385858,0
AC00383,141.8,Debit,Chicago,M088,ATM,116.0,1.0,1697.67,184.4,354.5503703703704,18-25,1,6,87,0,240,0,-2.1862859907597962,1.2144871765271912,0
AC00450,209.03,Debit,Detroit,M012,Branch,126.0,1.0,8359.5,175.210,391.5766087962963,51-65,1,11,11,1,223,3,1.2224768065337395,0.05335086559279576,0
AC00086,1137.63,Debit,Baltimore,M074,ATM,144.0,1.0,1629.12,213.207,628.6337615740741,26-35,1,3,73,0,337,1,-1.659387970929633,1.549455619472093,0
AC00156,261.14,Debit,San Antonio,M040,ATM,162.0,1.0,6100.08,186.135,538.5589004629629,36-50,1,35,39,0,244,2,-0.08192826921139583,1.1200834385988228,0
AC00418,101.81,Debit,Fort Worth,M087,ATM,105.0,1.0,13872.03,160.212,493.5969675925926,36-50,1,13,86,0,176,2,0.9094209297077069,1.4648604224637187,0
AC00263,98.71,Debit,Fort Worth,M070,ATM,117.0,1.0,10095.23,79.227,412.60153935185184,26-35,1,13,69,0,527,1,-0.5031895196276657,1.3633755096531595,0
AC00009,87.38,Debit,Atlanta,M054,Branch,252.0,1.0,1504.99,3.200,611.5737962962963,18-25,1,1,53,1,384,0,-2.231201401126322,0.6958741174443324,0
AC00436,83.39,Debit,Omaha,M042,Branch,158.0,1.0,13182.11,135.73,412.6746064814815,26-35,1,29,41,1,97,1,-0.12330919463085127,0.048655969464080046,0
AC00399,267.55,Debit,Charlotte,M084,Online,40.0,1.0,4330.04,170.99,509.6708101851852,36-50,1,5,83,2,213,2,0.03395481834163541,-0.16528769828863085,0
AC00182,870.05,Debit,El Paso,M077,ATM,39.0,1.0,905.25,80.90,430.6449537037037,26-35,1,12,76,0,536,1,-1.5837643159886068,1.3344378719371959,0
AC00482,154.32,Credit,Tucson,M015,ATM,269.0,1.0,6972.5,8.244,307.63762731481484,36-50,0,40,14,0,531,2,-0.06292065293299995,-0.8854501892403003,0
AC00475,164.51,Debit,Louisville,M056,Branch,110.0,1.0,3553.69,189.248,517.581550925926,65+,1,21,55,1,258,4,2.027891300900814,0.5630960865897852,0
AC00253,758.12,Debit,San Francisco,M028,ATM,90.0,1.0,6164.65,179.132,489.55885416666666,65+,1,37,27,0,229,4,1.8448200627223739,0.9821287973348559,0
AC00376,103.76,Debit,Kansas City,M085,Online,188.0,1.0,9626.14,79.47,585.6603935185185,26-35,1,18,84,2,528,1,-0.7657075266066921,0.04490853924712615,0
AC00058,583.92,Debit,Kansas City,M024,Online,139.0,1.0,6364.14,32.169,460.662962962963,51-65,1,18,23,2,392,3,0.8940065747310396,-0.5807823817450801,0
AC00304,204.06,Debit,Washington,M069,Online,159.0,1.0,4351.83,150.231,671.666724537037,65+,1,42,68,2,146,4,1.9922426520586003,-0.11595414697485126,0
AC00035,53.51,Debit,New York,M030,Online,165.0,1.0,5773.5,136.172,374.6366435185185,51-65,1,27,29,2,101,3,1.0301324128889005,-0.8133568108626883,0
AC00366,1108.46,Debit,Los Angeles,M046,Branch,262.0,1.0,9257.04,48.89,430.65996527777776,26-35,1,20,45,1,444,1,-0.8216011435842885,0.23880053900229986,0
AC00362,52.95,Credit,Charlotte,M061,Online,14.0,1.0,6335.58,148.234,454.586724537037,65+,0,5,60,2,140,4,2.199075658263736,-1.9655325529530916,0
AC00094,120.17,Debit,Portland,M023,ATM,105.0,1.0,5403.79,47.167,453.6278703703704,36-50,1,32,22,0,440,2,0.10847205758020532,1.014897995458823,0
AC00225,220.8,Debit,Indianapolis,M021,Online,28.0,1.0,8135.31,10.223,424.55981481481484,26-35,1,16,20,2,6,1,-0.5738179087621649,-0.9247806994363909,0
AC00474,119.01,Debit,Philadelphia,M069,ATM,87.0,1.0,9798.26,14.200,601.6129166666667,36-50,1,30,68,0,111,2,0.4601319763010735,1.3742704672291952,0
AC00448,183.32,Debit,Raleigh,M041,ATM,74.0,1.0,137.42,162.207,543.6539351851852,18-25,1,33,40,0,187,0,-2.340448446456296,1.0102279358374855,0
AC00439,858.88,Debit,Jacksonville,M085,Online,227.0,1.0,7015.46,146.53,439.6532060185185,51-65,1,17,84,2,130,3,1.182342018266756,-0.3465358949625916,0
AC00133,11.46,Credit,San Francisco,M092,Online,128.0,1.0,2356.71,13.188,629.636099537037,36-50,0,37,91,2,83,2,-0.27374831474379585,-1.7792714432967018,0
AC00480,61.37,Debit,Columbus,M001,Branch,164.0,1.0,4294.44,57.141,636.6365277777778,65+,1,8,0,1,469,4,1.9132031588476448,0.5833851923153792,0
AC00265,103.08,Credit,Milwaukee,M096,Branch,150.0,1.0,9251.38,66.255,615.637962962963,36-50,0,25,95,1,503,2,0.5666029475048159,-0.6396382468058783,0
AC00176,1.21,Debit,Atlanta,M039,Branch,196.0,1.0,7542.74,96.115,440.6197685185185,51-65,1,1,38,1,582,3,1.05950482717418,0.5842773680817761,0
AC00278,425.18,Credit,Colorado Springs,M051,Online,172.0,1.0,9880.71,77.92,396.6720486111111,26-35,0,7,50,2,524,1,-0.6431821039764457,-2.087050291785034,0
AC00216,60.96,Debit,Colorado Springs,M065,ATM,238.0,1.0,6189.24,184.185,377.64872685185185,51-65,1,7,64,0,239,3,0.9111484455362543,1.2693836593509757,0
AC00431,64.21,Debit,Omaha,M028,ATM,37.0,1.0,12540.18,134.222,664.6480092592593,51-65,1,29,27,0,94,3,1.429284871594073,1.2332107779119326,0
AC00063,523.02,Debit,Jacksonville,M010,Online,83.0,1.0,4586.11,124.180,534.5651967592593,51-65,1,17,9,2,75,3,0.7468019343852929,-0.7315902625815774,0
AC00090,50.26,Debit,Las Vegas,M055,Branch,164.0,1.0,1519.38,52.1,360.5966666666667,51-65,1,19,54,1,457,3,0.8650043313793769,0.40328273815766164,0
AC00133,110.08,Debit,Detroit,M059,Branch,95.0,1.0,1447.26,207.157,349.6202083333333,18-25,1,11,58,1,320,0,-2.201471188977391,0.20243909206852542,0
AC00357,54.47,Credit,Philadelphia,M100,Branch,34.0,1.0,1131.42,190.92,356.6000925925926,18-25,0,30,99,1,265,0,-1.9615897116846717,-1.2879637834352962,0
AC00404,79.76,Debit,Kansas City,M043,Online,115.0,1.0,10278.75,221.169,580.6546180555556,65+,1,18,42,2,360,4,2.279625996684353,-0.187274125276339,0
AC00390,16.79,Credit,Detroit,M023,Online,146.0,1.0,535.15,204.120,363.64475694444445,26-35,0,11,22,2,313,1,-1.277440858474109,-2.419068788103569,0
AC00083,1531.31,Debit,San Diego,M078,Online,62.0,4.0,859.86,91.204,377.5876273148148,18-25,1,36,77,2,567,0,-2.566532089530143,-0.8166978454192125,1
AC00161,68.62,Debit,Omaha,M091,Branch,157.0,1.0,13891.47,167.67,493.6341087962963,26-35,1,29,90,1,202,1,-0.2102322461141536,0.5454953255169539,0
AC00425,157.16,Debit,New York,M068,Branch,280.0,1.0,1545.77,133.223,601.6062152777778,18-25,1,27,67,1,90,0,-2.250447816080449,0.47092878777227903,0
AC00363,643.38,Credit,Detroit,M044,Online,105.0,1.0,1046.74,107.247,363.6199074074074,18-25,0,11,43,2,23,0,-2.1307271878831178,-2.5552732148276434,0
AC00385,328.34,Credit,San Diego,M014,Online,31.0,1.0,2840.45,106.244,388.6605671296296,36-50,0,36,13,2,22,2,-0.12905905361057451,-2.7358922309061633,0
AC00045,72.68,Debit,Seattle,M072,Online,44.0,1.0,6216.77,87.234,471.5927199074074,65+,1,39,71,2,557,4,1.8664402207680941,-0.1912058853475632,0
AC00480,354.76,Debit,Detroit,M065,Branch,279.0,1.0,10141.92,54.252,536.651087962963,51-65,1,11,64,1,463,3,1.0842435852176464,0.7581529424358066,0
AC00369,793.88,Credit,Los Angeles,M036,ATM,252.0,1.0,1404.06,89.237,620.659537037037,18-25,0,20,35,0,562,0,-2.2816885543092225,-0.29974552084162825,0
AC00109,29.22,Debit,Detroit,M056,ATM,69.0,1.0,7795.79,218.83,615.5671296296297,26-35,1,11,55,0,351,1,-0.8903959658796446,1.4856905705075374,0
AC00264,653.97,Debit,Miami,M067,Online,100.0,1.0,3886.65,141.241,396.6047337962963,36-50,1,24,66,2,117,2,-0.3904711074125619,-0.6514623738520163,0
AC00076,366.43,Credit,Portland,M080,Online,92.0,1.0,1560.45,40.244,643.6462847222223,18-25,0,32,79,2,422,0,-2.186809123083849,-1.7634224023627325,0
AC00438,120.86,Debit,Colorado Springs,M081,Online,162.0,4.0,13566.58,184.146,353.5930902777778,26-35,1,7,80,2,238,1,0.03336372243126414,-0.6116320386058105,1
AC00453,233.74,Debit,Boston,M056,Online,142.0,1.0,4749.54,6.44,629.6408217592592,65+,1,4,55,2,481,4,1.8530790263514751,0.10423816159042179,0
AC00222,471.84,Debit,Raleigh,M080,ATM,138.0,1.0,1044.33,137.33,401.6092708333333,18-25,1,33,79,0,104,0,-2.3406838605526925,0.9826433543575307,0
AC00179,213.4,Credit,Fort Worth,M087,Branch,100.0,1.0,2012.24,198.73,447.6450115740741,65+,0,13,86,1,292,4,1.8587277961173139,-0.9348659034571095,0
AC00386,254.21,Debit,Phoenix,M030,ATM,46.0,1.0,2487.2,137.33,531.6407638888888,36-50,1,31,29,0,104,2,-0.12827829707408359,0.9776501161557637,0
AC00171,577.73,Debit,San Jose,M033,ATM,63.0,1.0,14977.99,93.146,359.65288194444446,36-50,1,38,32,0,572,2,0.5162745277702113,0.9043851428503635,0
AC00336,170.26,Debit,Chicago,M053,ATM,265.0,1.0,1969.48,6.44,405.6313310185185,26-35,1,6,52,0,481,1,-1.481477998151531,1.2583230035842226,0
AC00272,337.73,Debit,San Antonio,M065,Online,107.0,4.0,7001.2,219.193,530.6214004629629,65+,1,35,64,2,352,4,2.3218456559763485,-0.42067586034412446,0
AC00402,330.61,Credit,Nashville,M099,Branch,113.0,1.0,2525.25,186.54,486.670775462963,51-65,0,26,98,1,245,3,1.0472308033474604,-0.9437886391455999,0
AC00136,132.33,Credit,Phoenix,M004,ATM,47.0,1.0,7457.94,88.55,359.6501851851852,26-35,0,31,3,0,559,1,-0.5579786091138976,-0.8849174212704933,0
AC00280,672.74,Credit,Colorado Springs,M068,Branch,118.0,1.0,5386.52,169.67,451.64732638888887,36-50,0,7,67,1,207,2,0.1998464869954113,-1.2073437181650823,0
AC00352,74.04,Debit,Memphis,M094,Online,66.0,1.0,1690.23,188.124,619.575,18-25,1,22,93,2,250,0,-2.2800085378579,-0.08608452047410683,0
AC00495,197.18,Debit,Tucson,M011,Online,135.0,1.0,3114.92,189.20,544.6405092592593,26-35,1,40,10,2,257,1,-1.36583332627022,-0.7944504976078167,0
AC00061,21.15,Debit,Columbus,M058,Branch,180.0,1.0,3466.74,159.37,349.6691666666667,65+,1,8,57,1,169,4,1.8410582046347415,0.35751751011231475,0
AC00129,218.37,Debit,Houston,M075,ATM,105.0,1.0,9942.24,147.119,517.6551273148148,51-65,1,15,74,0,133,3,1.620489238386335,1.4298802003792441,0
AC00237,590.01,Debit,San Jose,M044,Online,140.0,3.0,9791.74,197.162,636.6427083333333,26-35,1,38,43,2,285,1,-0.7332521032587717,-0.569672568986299,0
AC00230,697.82,Debit,New York,M092,Online,153.0,1.0,6824.0,161.25,342.6642824074074,36-50,1,27,91,2,183,2,0.12179629911507783,-0.5290396891319761,0
AC00224,302.76,Debit,Sacramento,M043,ATM,88.0,3.0,8583.39,221.23,353.62299768518517,36-50,1,34,42,0,362,2,0.07702640497083443,0.7738882854914655,0
AC00354,148.0,Debit,Tucson,M065,Branch,35.0,1.0,1488.65,38.164,650.6377662037037,18-25,1,40,64,1,410,0,-2.342969309331993,0.5759913156806812,0
AC00479,22.26,Debit,San Antonio,M057,Branch,56.0,1.0,5583.88,211.45,643.5547800925926,18-25,1,35,56,1,333,0,-1.936636296013157,0.5196252661381484,0
AC00329,0.86,Debit,Colorado Springs,M050,ATM,139.0,1.0,1357.22,120.16,629.5992476851852,18-25,1,7,49,0,69,0,-1.989920818489053,1.32251858511979,0
AC00160,757.1,Debit,Atlanta,M071,Branch,203.0,1.0,10553.23,14.200,650.6171412037037,51-65,1,1,70,1,111,3,1.7011925478435064,0.811395919543888,0
AC00050,38.81,Credit,Virginia Beach,M001,Online,145.0,1.0,1619.6,120.32,555.5553472222222,18-25,0,41,0,2,71,0,-1.9077102313847096,-2.597918078827107,0
AC00200,76.51,Credit,Mesa,M016,Online,120.0,4.0,9475.4,200.22,580.6708333333333,36-50,0,23,15,2,302,2,0.7134240228153439,-2.335879104144018,0
AC00254,32.46,Debit,Charlotte,M092,Online,10.0,1.0,8656.18,156.187,604.5484606481482,26-35,1,5,91,2,161,1,-0.5555530584618814,-0.024912286444550204,0
AC00456,1022.75,Credit,San Jose,M091,Branch,158.0,1.0,207.74,190.164,654.6427199074074,51-65,0,38,90,1,263,3,0.5616135882263528,-0.866613816083682,0
AC00320,20.64,Debit,Charlotte,M079,Branch,59.0,1.0,949.38,197.23,563.6723611111111,18-25,1,5,78,1,287,0,-2.1546656968001883,0.6839789081305271,0
AC00446,662.11,Debit,Atlanta,M100,Branch,219.0,1.0,1996.38,145.246,640.6355092592593,18-25,1,1,99,1,126,0,-2.099353096031282,0.8434822994261847,0
AC00292,288.77,Debit,Los Angeles,M025,ATM,110.0,1.0,8836.51,94.37,356.64407407407407,51-65,1,20,24,0,580,3,1.1372316478470579,1.0425732963189096,0
AC00111,35.05,Debit,Boston,M047,Branch,105.0,1.0,14330.47,115.241,403.55186342592594,26-35,1,4,46,1,52,1,0.01499979464252902,0.17335287572035823,0
AC00157,214.73,Credit,Los Angeles,M061,ATM,26.0,1.0,5368.42,57.166,359.56909722222224,36-50,0,20,60,0,470,2,0.18784463431304207,-0.46696892643658533,0
AC00429,25.38,Debit,Louisville,M024,Branch,66.0,1.0,8616.05,201.114,377.6725925925926,51-65,1,21,23,1,304,3,1.3142937603544367,0.11021879673750674,0
AC00182,617.66,Debit,Memphis,M036,ATM,40.0,1.0,5906.58,100.4,643.650011574074,36-50,1,22,35,0,10,2,-0.08119767286100214,1.1389491285236246,0
AC00166,446.39,Debit,Houston,M019,ATM,77.0,1.0,7863.6,155.37,327.6012615740741,51-65,1,15,18,0,158,3,1.473179787030791,0.7552951892941684,0
AC00005,377.92,Debit,Raleigh,M029,Branch,204.0,1.0,2254.71,179.43,620.609224537037,26-35,1,33,28,1,230,1,-1.304095334577945,0.2970031136716291,0
AC00459,11.04,Debit,Phoenix,M036,Online,43.0,1.0,6983.04,168.36,629.5786111111111,26-35,1,31,35,2,205,1,-0.8559903884647512,-0.4688446951577204,0
AC00432,275.46,Debit,Fort Worth,M032,ATM,67.0,1.0,9697.75,31.75,468.62717592592594,36-50,1,13,31,0,390,2,0.09751334654577343,1.1308094488870342,0
AC00317,179.76,Debit,Philadelphia,M039,Online,81.0,1.0,5909.52,193.190,480.66519675925923,65+,1,30,38,2,272,4,2.2446120834029513,-0.4814322663021708,0
AC00377,32.34,Debit,Kansas City,M080,Branch,45.0,1.0,7847.62,176.96,501.63684027777776,36-50,1,18,79,1,225,2,0.289378963633151,0.5866540975346856,0
AC00130,273.92,Debit,Portland,M053,Branch,109.0,1.0,4543.56,116.43,488.5984490740741,65+,1,32,52,1,58,4,2.1870424026789133,0.3245922720165771,0
AC00236,375.45,Debit,Fort Worth,M015,Branch,32.0,1.0,1307.23,5.252,334.5908796296296,18-25,1,13,14,1,451,0,-2.2832921492520004,-0.09168900785860182,0
AC00243,388.98,Debit,Fresno,M005,ATM,155.0,1.0,1819.91,78.69,440.62386574074077,18-25,1,14,4,0,526,0,-2.182934113111668,0.8996143987284142,0
AC00017,492.84,Debit,Indianapolis,M081,ATM,38.0,1.0,577.67,81.248,613.6014004629629,18-25,1,16,80,0,541,0,-2.2631422490635003,1.6279765645829756,0
AC00295,148.85,Debit,Mesa,M021,ATM,25.0,1.0,7802.36,155.37,340.6402199074074,51-65,1,23,20,0,158,3,1.2756870312909458,0.7538426173548931,0
AC00187,119.95,Credit,Philadelphia,M092,Branch,47.0,5.0,2596.61,214.32,573.5954050925926,51-65,0,30,91,1,340,3,1.0202819386802715,-1.07733444925917,1
AC00395,391.66,Debit,Fresno,M062,Branch,103.0,1.0,2406.31,119.163,482.60908564814815,36-50,1,14,61,1,62,2,-0.013430451161668779,0.3546873168557656,0
AC00225,185.99,Credit,Fresno,M026,Branch,53.0,1.0,402.45,39.129,559.6388425925926,36-50,0,14,25,1,413,2,-0.5042293903986271,-1.2244664972113573,0
AC00355,322.48,Debit,Jacksonville,M066,ATM,57.0,1.0,1238.43,210.136,601.6671759259259,26-35,1,17,65,0,328,1,-1.5594271800447568,1.444374316373646,0
AC00217,20.27,Debit,Miami,M065,Branch,22.0,1.0,796.35,86.103,335.65414351851854,18-25,1,24,64,1,554,0,-2.3714631088209654,0.2646952733413332,0
AC00282,280.61,Debit,Mesa,M085,ATM,129.0,3.0,7888.76,186.135,342.6483333333333,36-50,1,23,84,0,244,2,0.4069327649172688,1.0579742036653152,0
AC00477,199.02,Debit,Houston,M005,ATM,269.0,1.0,4658.89,147.94,524.6498148148148,51-65,1,15,4,0,137,3,1.0228203076517777,1.0099525389585993,0
AC00158,104.23,Credit,Louisville,M081,Online,108.0,1.0,5009.29,11.188,383.64451388888887,51-65,0,21,80,2,29,3,1.3920608113339288,-2.1116864169924465,0
AC00174,353.59,Credit,New York,M046,Branch,109.0,5.0,1822.34,198.24,450.5923726851852,51-65,0,27,45,1,290,3,0.5872154650969988,-1.6095478045979006,0
AC00124,55.86,Debit,Seattle,M007,Online,68.0,1.0,5346.46,200.136,650.6171643518519,36-50,1,39,6,2,300,2,-0.2727301367610454,-0.5806837391787498,0
AC00247,10.77,Debit,Indianapolis,M096,ATM,178.0,1.0,10704.95,37.227,606.6334953703704,26-35,1,16,95,0,409,1,-0.5091330321538255,1.7718427860320636,0
AC00297,95.55,Debit,Louisville,M060,Branch,51.0,1.0,2434.74,42.3,573.6562268518519,26-35,1,21,59,1,428,1,-1.2235569229336987,0.5987643693568985,0
AC00114,477.07,Debit,Columbus,M096,Online,278.0,1.0,6568.07,80.75,342.6506597222222,26-35,1,8,95,2,535,1,-1.0686392415227708,-0.22264892436775316,0
AC00170,9.1,Credit,San Francisco,M047,Online,63.0,1.0,2791.45,53.131,612.666863425926,51-65,0,37,46,2,461,3,0.5516764000687838,-1.8676624354467826,0
AC00185,21.41,Debit,Louisville,M062,Online,99.0,1.0,658.91,195.164,335.65390046296295,51-65,1,21,61,2,280,3,0.5721029678446601,-0.5490851928111558,0
AC00487,278.28,Debit,Jacksonville,M097,Branch,26.0,1.0,1346.88,148.42,398.65746527777776,26-35,1,17,96,1,142,1,-1.371241702791373,0.4103287172377555,0
AC00280,388.1,Credit,Los Angeles,M019,Online,40.0,1.0,3022.12,101.90,440.5837152777778,65+,0,20,18,2,13,4,2.0097893030137954,-2.4360747430642626,0
AC00017,215.39,Debit,Detroit,M019,ATM,216.0,1.0,1582.55,196.121,501.65787037037035,26-35,1,11,18,0,283,1,-1.4995952857996815,1.0354282253986618,0
AC00496,194.37,Debit,Milwaukee,M024,ATM,161.0,1.0,14395.88,160.160,557.5932523148148,65+,1,25,23,0,175,4,2.610644734012732,1.17415515514631,0
AC00304,37.7,Debit,Miami,M038,ATM,109.0,1.0,1741.1,167.67,493.67211805555553,18-25,1,24,37,0,202,0,-2.178976193630458,0.9936308659093496,0
AC00475,19.59,Debit,Charlotte,M016,Branch,122.0,1.0,1061.69,170.54,506.5576041666667,51-65,1,5,15,1,212,3,0.8592234706368644,0.31096890980539504,0
AC00111,81.35,Debit,Houston,M028,Online,103.0,1.0,7192.45,205.69,650.6027314814814,36-50,1,15,27,2,316,2,0.026628951865829704,-0.292447951732356,0
AC00316,314.54,Credit,Virginia Beach,M035,Branch,228.0,1.0,9923.45,116.237,401.65068287037036,51-65,0,41,34,1,57,3,1.548312332052418,-1.6541286193325115,0
AC00007,466.64,Debit,Las Vegas,M082,ATM,11.0,1.0,10915.11,131.41,426.63320601851854,51-65,1,19,81,0,88,3,1.5904068724292852,1.2396904422037467,0
AC00033,397.01,Debit,Los Angeles,M058,ATM,100.0,1.0,719.52,92.180,454.59767361111113,18-25,1,20,57,0,568,0,-2.3362844623282504,1.2429730747949794,0
AC00453,472.48,Debit,New York,M099,Branch,87.0,1.0,7128.82,11.3,615.627349537037,51-65,1,27,98,1,30,3,1.0454541726297373,0.7400549577585183,0
AC00147,67.15,Debit,Indianapolis,M001,Online,14.0,1.0,9028.49,191.91,349.62069444444444,51-65,1,16,0,2,268,3,1.4666224904550074,-0.9151017059053411,0
AC00401,102.67,Debit,Albuquerque,M091,Branch,119.0,1.0,4656.94,215.97,543.6003819444444,65+,1,0,90,1,342,4,2.202992603535845,1.0036211276514486,0
AC00336,460.09,Credit,Fresno,M081,Online,146.0,3.0,6990.64,188.77,608.6271759259259,26-35,0,14,80,2,253,1,-0.5528256725816115,-1.8691539878023264,1
AC00281,453.49,Debit,Seattle,M088,Branch,147.0,1.0,6366.43,40.226,671.6683680555556,65+,1,39,87,1,421,4,1.6770881319257547,0.9521621207468972,0
AC00082,267.17,Debit,Seattle,M100,ATM,170.0,1.0,1382.62,161.177,437.6328472222222,26-35,1,39,99,0,181,1,-1.5579802079130665,1.2446100704710836,0
AC00247,111.26,Debit,Boston,M096,ATM,43.0,1.0,14350.11,138.220,443.62533564814817,65+,1,4,95,0,107,4,2.767329592865727,1.5374536473642844,0
AC00278,121.17,Debit,Phoenix,M053,ATM,158.0,1.0,12990.77,155.19,314.6103703703704,65+,1,31,52,0,157,4,2.626858000745556,0.9600008162269542,0
AC00176,213.28,Debit,Mesa,M088,Branch,94.0,1.0,4835.91,156.134,314.57108796296296,51-65,1,23,87,1,159,3,0.7699825355581172,0.31615384003701885,0
AC00159,187.88,Debit,Nashville,M017,ATM,180.0,1.0,2154.58,189.198,451.64666666666665,51-65,1,26,16,0,256,3,0.7272975444923813,0.9582611496880621,0
AC00035,471.88,Credit,San Jose,M054,Online,141.0,1.0,14833.34,133.67,370.55738425925927,26-35,0,38,53,2,92,1,0.18846841559812386,-2.4953374803850266,0
AC00463,83.79,Debit,Nashville,M031,ATM,47.0,1.0,5061.3,12.246,388.64671296296297,51-65,1,26,30,0,67,3,1.0227586525749401,0.8365213546349509,0
AC00339,212.14,Debit,Austin,M047,Branch,105.0,1.0,7225.06,44.67,447.6112152777778,65+,1,2,46,1,432,4,2.17194074280165,0.5797253834382796,0
AC00239,99.16,Debit,San Francisco,M045,Online,202.0,1.0,2607.58,84.237,614.5940625,65+,1,37,44,2,550,4,1.8020873945042029,-0.09888672206244106,0
AC00090,839.33,Credit,Louisville,M071,Branch,86.0,1.0,11538.97,174.61,551.6708101851851,51-65,0,21,70,1,221,3,1.7045223580506879,-1.0699270854647476,0
AC00144,29.91,Credit,Philadelphia,M034,Online,43.0,3.0,2834.84,113.21,461.6542361111111,65+,0,30,33,2,47,4,2.138857552229732,-2.4255877070929137,1
AC00488,4.24,Debit,San Diego,M086,Online,38.0,1.0,7822.73,77.208,566.6398495370371,36-50,1,36,85,2,521,2,-0.07800046003617318,-0.05750937233929107,0
AC00039,50.29,Credit,Raleigh,M028,Online,64.0,1.0,7604.9,171.150,412.6622453703704,51-65,0,33,27,2,215,3,1.3708964436358109,-2.3927644928136362,0
AC00475,135.85,Debit,Fresno,M015,Online,269.0,1.0,1480.39,65.27,458.6127199074074,51-65,1,14,14,2,500,3,0.5003573617857092,-0.49284068829591793,0
AC00368,368.53,Debit,Raleigh,M099,Branch,34.0,1.0,13696.31,31.127,580.6651273148149,65+,1,33,98,1,389,4,2.5483733412094547,0.9001257514721468,0
AC00339,17.95,Credit,Sacramento,M027,Branch,135.0,1.0,12344.9,167.164,517.6161689814815,51-65,0,34,26,1,201,3,1.9989335236389922,-1.3877747572417585,0
AC00297,127.8,Credit,Virginia Beach,M026,Branch,47.0,1.0,8630.99,34.169,612.6674768518518,26-35,0,41,25,1,398,1,-0.6342081236865534,-1.3294241243226967,0
AC00345,16.73,Debit,Houston,M073,Online,48.0,1.0,2202.62,27.215,620.6039583333334,36-50,1,15,72,2,376,2,-0.2874864412207332,-0.013311098902677869,0
AC00458,317.12,Debit,Fort Worth,M018,Branch,80.0,1.0,14409.74,57.232,328.6696527777778,36-50,1,13,17,1,471,2,0.8533170968246959,0.05680595741217287,0
AC00062,476.63,Debit,Charlotte,M037,ATM,115.0,1.0,4894.25,32.13,467.61898148148146,65+,1,5,36,0,391,4,2.158775497329482,1.3214103741045362,0
AC00070,156.58,Debit,Portland,M083,Branch,160.0,1.0,8981.61,48.31,412.67116898148146,18-25,1,32,82,1,443,0,-1.422003432839581,0.4314880179049711,0
AC00183,55.12,Credit,Houston,M021,Online,261.0,1.0,3791.99,152.140,412.6612962962963,26-35,0,15,20,2,150,1,-0.8258425315851072,-2.4352069359478468,0
AC00190,15.74,Debit,Denver,M051,Branch,38.0,1.0,690.16,136.250,664.6701388888889,26-35,1,10,50,1,102,1,-1.497151549406783,0.5599098006398959,0
AC00255,353.68,Debit,Las Vegas,M030,Online,145.0,1.0,6777.12,147.234,363.6497337962963,65+,1,19,29,2,136,4,2.1016801606700533,-0.7507070096785229,0
AC00311,297.15,Debit,Phoenix,M034,Online,178.0,1.0,5449.37,122.94,388.5824074074074,65+,1,31,33,2,74,4,2.1737717502706873,-0.7624352649708223,0
AC00075,647.85,Debit,Omaha,M034,Branch,121.0,1.0,13779.97,97.106,335.6512962962963,36-50,1,29,33,1,585,2,0.37221201000594706,0.10155632557577496,0
AC00013,75.04,Debit,El Paso,M056,ATM,178.0,1.0,9648.6,52.1,465.626875,36-50,1,12,55,0,457,2,0.5537921188583355,1.3924712854464316,0
AC00247,273.92,Debit,Virginia Beach,M086,Online,35.0,1.0,1029.15,101.90,545.5936342592593,26-35,1,41,85,2,13,1,-1.4670314669312257,-0.4650847417929704,0
AC00329,215.8,Credit,Jacksonville,M073,Branch,66.0,1.0,3656.62,149.84,535.6698263888889,51-65,0,17,72,1,144,3,0.7429789917991254,-1.0641750966992678,0
AC00257,963.77,Debit,Louisville,M055,ATM,248.0,1.0,6710.51,32.13,481.64224537037035,36-50,1,21,54,0,391,2,-0.1618371074859444,1.2274865898047844,0
AC00414,420.6,Debit,Louisville,M086,Branch,55.0,1.0,1778.75,189.183,566.666099537037,26-35,1,21,85,1,255,1,-1.525661377323193,0.6197827974911355,0
AC00011,688.36,Credit,Memphis,M007,Branch,22.0,1.0,5191.13,200.136,492.6522685185185,18-25,0,22,6,1,300,0,-1.6984676992656007,-1.6923750371414248,0
AC00416,285.18,Credit,Sacramento,M084,Branch,150.0,1.0,14847.97,110.247,606.6461111111112,51-65,0,34,83,1,34,3,1.907685056064718,-1.005575051016876,0
AC00174,213.55,Debit,Boston,M077,ATM,15.0,1.0,5238.37,161.25,584.6713078703704,51-65,1,4,76,0,183,3,1.219609606947353,1.6117506892480964,0
AC00218,463.11,Credit,Las Vegas,M078,Branch,159.0,1.0,10238.82,49.31,404.6369560185185,51-65,0,19,77,1,450,3,1.262678436661654,-1.0819120265868998,0
AC00323,150.03,Debit,Columbus,M059,ATM,176.0,1.0,7491.42,219.219,482.66260416666665,65+,1,8,58,0,353,4,2.221281078690638,1.4899388327917569,0
AC00209,428.61,Debit,Fresno,M049,Branch,131.0,1.0,2116.36,6.204,391.6717824074074,51-65,1,14,48,1,479,3,0.36571948045544717,0.37773644858599104,0
AC00337,309.56,Debit,Charlotte,M094,Online,147.0,1.0,972.04,6.204,517.6107523148148,51-65,1,5,93,2,479,3,0.5204208584391041,0.113059181505927,0
AC00083,377.08,Credit,Mesa,M090,Branch,71.0,1.0,6430.86,136.162,627.6091435185185,26-35,0,23,89,1,100,1,-0.9219777321789824,-0.9784118004381758,0
AC00246,77.25,Debit,Virginia Beach,M059,Branch,157.0,1.0,14077.97,45.182,317.59575231481483,65+,1,41,58,1,435,4,2.6307747252824196,0.2712334331271062,0
AC00194,146.92,Debit,Portland,M003,ATM,272.0,1.0,3990.6,77.7,422.6519328703704,51-65,1,32,2,0,523,3,0.9418391048033325,0.9619367615869179,0
AC00361,126.6,Debit,San Antonio,M031,Branch,146.0,1.0,961.65,221.206,527.6721064814815,18-25,1,35,30,1,361,0,-2.2858217188621115,0.19405854311961435,0
AC00214,101.34,Debit,Boston,M068,ATM,46.0,1.0,703.26,147.227,611.5974768518519,18-25,1,4,67,0,135,0,-2.084156454488901,1.4328077017528196,0
AC00204,184.97,Debit,Denver,M012,Branch,268.0,1.0,1156.67,141.201,496.6419560185185,51-65,1,10,11,1,116,3,0.6116563314532869,0.19130541716584656,0
AC00394,451.15,Debit,Colorado Springs,M094,ATM,175.0,1.0,1356.47,201.114,615.6409143518518,36-50,1,7,93,0,304,2,-0.3806254555144962,1.7626643042254775,0
AC00002,516.47,Credit,Charlotte,M026,ATM,94.0,1.0,1305.06,59.132,318.6312615740741,18-25,0,5,25,0,476,0,-1.9536248778122576,-0.7859070425937382,0
AC00337,880.04,Debit,Sacramento,M093,ATM,29.0,1.0,261.97,66.255,370.5478587962963,18-25,1,34,92,0,503,0,-2.3015254288941045,1.173308968222297,0
AC00184,353.69,Debit,San Jose,M068,Online,163.0,1.0,9500.79,49.29,439.63848379629627,51-65,1,38,67,2,449,3,1.3114338467685016,-0.36400217284313924,0
AC00258,66.69,Credit,San Antonio,M043,Branch,140.0,1.0,1210.33,52.50,368.6694328703704,18-25,0,35,42,1,460,0,-1.9947009575769445,-1.544712179240764,0
AC00164,95.75,Debit,Los Angeles,M064,Branch,169.0,1.0,337.62,190.92,480.63378472222223,26-35,1,20,63,1,265,1,-1.44542383730453,0.4194627699564078,0
AC00032,43.91,Debit,Albuquerque,M073,Online,86.0,1.0,1806.68,149.84,444.57012731481484,26-35,1,0,72,2,144,1,-1.317850266575011,-0.3771218323386383,0
AC00092,98.03,Debit,El Paso,M095,Branch,165.0,1.0,6323.45,49.20,321.5605324074074,51-65,1,12,94,1,448,3,0.9590916545395921,0.6190277513880437,0
AC00485,617.66,Debit,Boston,M057,ATM,128.0,1.0,7155.95,34.169,626.6264467592592,36-50,1,4,56,0,398,2,-0.009960748486810521,1.574664261489619,0
AC00067,888.57,Debit,San Antonio,M092,Online,102.0,1.0,7896.14,193.217,509.6571064814815,51-65,1,35,91,2,274,3,1.255938565408807,-0.2396105439961804,0
AC00005,107.48,Debit,Omaha,M080,Branch,129.0,1.0,591.23,44.73,335.58770833333335,18-25,1,29,79,1,433,0,-2.2553055098768438,0.29111330275061487,0
AC00291,36.57,Debit,Omaha,M051,ATM,69.0,1.0,2583.07,221.23,454.6371296296296,51-65,1,29,50,0,362,3,0.8528154371814489,1.2236802536887288,0
AC00284,575.62,Debit,Oklahoma City,M081,Online,129.0,1.0,234.41,116.175,510.5699305555556,36-50,1,28,80,2,56,2,-0.5429911452405191,-0.4180786047005102,0
AC00024,84.89,Debit,San Jose,M018,ATM,70.0,1.0,4735.61,201.113,531.6146412037037,36-50,1,38,17,0,303,2,-0.37820798965957136,0.9690461176588178,0
AC00310,832.3,Credit,Austin,M061,Branch,86.0,1.0,6617.52,73.156,480.6326736111111,65+,0,2,60,1,516,4,2.0232006480593223,-0.9471491584722458,0
AC00246,180.65,Debit,Charlotte,M012,Branch,38.0,5.0,816.01,10.223,335.59422453703706,18-25,1,5,11,1,6,0,-1.9778184884202432,-0.5272549874431396,1
AC00463,7.76,Credit,Las Vegas,M091,Online,84.0,1.0,7393.11,170.99,587.6223032407407,51-65,0,19,90,2,213,3,1.1276053739754706,-1.6395716856886298,0
AC00318,109.3,Debit,Fort Worth,M020,Branch,27.0,1.0,13510.11,93.146,459.63488425925925,51-65,1,13,19,1,572,3,1.6600178377831987,0.38139045260812443,0
AC00474,230.08,Debit,Austin,M006,Online,124.0,1.0,4466.1,93.52,552.6584143518519,65+,1,2,5,2,578,4,2.075527922882121,-0.2692766646216631,0
AC00192,361.92,Debit,Detroit,M018,ATM,111.0,1.0,7474.31,27.215,622.6677662037036,51-65,1,11,17,0,376,3,0.9646655694224874,1.3342867124102757,0
AC00100,71.29,Debit,Chicago,M075,ATM,55.0,2.0,7225.63,112.86,640.6289930555556,65+,1,6,74,0,42,4,2.1245927356280174,1.5945628408550327,0
AC00407,122.45,Debit,New York,M065,Branch,98.0,1.0,7255.49,119.43,657.6372800925926,36-50,1,27,64,1,65,2,0.2574910210112251,0.5970347184399857,0
AC00276,642.53,Debit,Mesa,M048,ATM,128.0,1.0,11417.91,5.50,447.64961805555555,51-65,1,23,47,0,452,3,1.7084295480843565,1.2370543604901791,0
AC00420,62.86,Debit,Houston,M090,Branch,31.0,1.0,1040.43,200.136,545.6573263888889,18-25,1,15,89,1,300,0,-2.057557483934242,0.6764124657669275,0
AC00228,175.21,Credit,Mesa,M049,ATM,69.0,1.0,6039.04,96.162,318.5582986111111,65+,0,23,48,0,583,4,2.025173439776704,-0.4586653921794818,0
AC00022,168.0,Credit,Tucson,M053,Branch,11.0,1.0,3498.58,72.128,437.6740740740741,26-35,0,40,52,1,513,1,-1.0638541868994786,-1.3687660276403557,0
AC00052,11.46,Debit,Chicago,M056,Online,73.0,1.0,6628.75,217.82,391.6365509259259,65+,1,6,55,2,348,4,2.0043906623153287,-0.33826424694198265,0
AC00151,382.07,Credit,Omaha,M091,Branch,147.0,1.0,10156.09,21.97,517.5973379629629,51-65,0,29,90,1,327,3,1.6501751207152413,-0.9164220776593656,0
AC00317,13.48,Debit,Las Vegas,M094,Online,20.0,3.0,521.88,32.169,410.59753472222224,18-25,1,19,93,2,392,0,-2.315501065632907,-0.4451203309772354,0
AC00348,65.32,Debit,Mesa,M094,ATM,54.0,1.0,9165.02,40.10,367.6634143518518,26-35,1,23,93,0,418,1,-0.6935570491994477,1.3221115072448504,0
AC00191,83.07,Debit,Miami,M026,Branch,291.0,4.0,6704.76,138.210,667.6644560185185,26-35,1,24,25,1,106,1,-0.9834867306428002,0.18448051661994117,1
AC00120,730.1,Credit,Chicago,M053,Branch,93.0,1.0,6384.05,190.164,467.58474537037034,65+,0,6,52,1,263,4,2.374421410342513,-1.1474856341612734,0
AC00487,85.31,Debit,Kansas City,M019,ATM,27.0,1.0,6095.65,45.64,328.66815972222224,51-65,1,18,18,0,438,3,1.2315960699558732,0.9122578286226158,0
AC00173,726.61,Debit,Phoenix,M081,ATM,277.0,1.0,1008.76,210.228,366.65199074074076,18-25,1,31,80,0,330,0,-2.4646225576532332,1.0662527609252337,0
AC00089,130.4,Debit,Raleigh,M024,Branch,63.0,1.0,4381.24,163.129,580.6514930555555,36-50,1,33,23,1,189,2,-0.0860311726963271,0.229890580234876,0
AC00456,68.1,Debit,Milwaukee,M089,ATM,47.0,1.0,1382.8,94.227,671.6737152777778,18-25,1,25,88,0,579,0,-2.3654852184711865,1.7775287560141637,0
AC00025,65.26,Debit,Sacramento,M026,Branch,72.0,1.0,7380.63,77.208,331.62869212962966,26-35,1,34,25,1,521,1,-0.9994583800520939,-0.017361846941129352,0
AC00158,191.62,Debit,Jacksonville,M016,Branch,51.0,1.0,1981.67,165.114,464.6161574074074,51-65,1,17,15,1,193,3,0.8934470848903946,0.13787580154482829,0
AC00041,212.88,Debit,Fresno,M062,Online,122.0,1.0,7036.72,184.146,534.5605671296296,36-50,1,14,61,2,238,2,-0.015692577058568635,-0.2965089931235239,0
AC00458,88.38,Debit,Virginia Beach,M026,ATM,138.0,1.0,3707.82,19.20,656.6650578703703,26-35,1,41,25,0,260,1,-1.2654347865750568,1.1473992320546431,0
AC00248,48.77,Credit,Austin,M013,Online,51.0,1.0,2040.16,110.247,507.5966898148148,36-50,0,2,12,2,34,2,-0.12653140083531506,-2.3349039322684226,0
AC00356,289.1,Debit,Baltimore,M064,ATM,206.0,1.0,267.53,105.87,481.667349537037,26-35,1,3,63,0,20,1,-1.5179273483469973,1.1943322929268312,0
AC00065,390.09,Debit,El Paso,M057,Online,49.0,1.0,2617.23,48.89,391.6371990740741,26-35,1,12,56,2,444,1,-1.4228494935434373,-0.5157389968524476,0
AC00249,48.29,Debit,San Diego,M060,Online,242.0,1.0,8883.4,221.105,405.5896064814815,36-50,1,36,59,2,359,2,0.026353373175176047,-0.5248218271640791,0
AC00497,333.83,Debit,Fresno,M097,ATM,135.0,1.0,1660.66,121.67,461.60019675925923,51-65,1,14,96,0,72,3,0.8796146277132187,1.4483481188490142,0
AC00045,1074.29,Debit,Portland,M081,Branch,79.0,1.0,2011.6,138.210,668.6444328703703,65+,1,32,80,1,106,4,1.3441196018550519,0.692450077087728,0
AC00442,100.27,Debit,Miami,M045,Online,51.0,1.0,4309.9,144.91,482.6145486111111,65+,1,24,44,2,123,4,2.206502801814135,-0.48195456783944346,0
AC00248,44.54,Debit,San Antonio,M048,ATM,164.0,1.0,362.4,81.67,384.6555671296296,26-35,1,35,47,0,542,1,-1.537326701888802,1.0654821673501491,0
AC00078,1156.18,Credit,Phoenix,M054,Online,40.0,1.0,836.69,40.45,409.66655092592595,51-65,0,31,53,2,423,3,0.30819251123980024,-2.246647890190884,0
AC00345,82.17,Debit,Fort Worth,M096,Branch,21.0,1.0,1913.06,130.29,321.57259259259257,26-35,1,13,95,1,86,1,-1.2394202162821368,0.2987751450073539,0
AC00331,1045.45,Debit,Baltimore,M036,Online,150.0,1.0,563.46,199.103,370.6431944444444,18-25,1,3,35,2,293,0,-2.3993428212063472,-0.8051179932760355,0
AC00332,447.42,Debit,Charlotte,M056,Online,65.0,1.0,6133.22,213.15,321.64952546296297,26-35,1,5,55,2,336,1,-0.8048085143594521,-0.6350613823683324,0
AC00448,590.26,Credit,Austin,M089,Branch,48.0,1.0,1068.28,168.55,503.65835648148146,18-25,0,2,88,1,206,0,-1.9241691906831067,-1.0624427796302065,0
AC00102,192.73,Debit,Milwaukee,M027,Branch,157.0,1.0,2037.75,182.84,384.6390509259259,65+,1,25,26,1,236,4,1.642798251695809,0.12715296625544575,0
AC00200,146.01,Debit,San Francisco,M017,Online,269.0,1.0,221.79,72.192,558.6536805555555,26-35,1,37,16,2,514,1,-1.8173281298334958,-0.5571409154879372,0
AC00200,136.05,Debit,Atlanta,M068,Online,63.0,3.0,1127.54,82.115,650.6615162037037,18-25,1,1,67,2,543,0,-2.141531155596818,-0.06248587608303888,1
AC00086,11.57,Credit,New York,M037,Branch,64.0,1.0,2061.61,116.106,319.66226851851854,51-65,0,27,36,1,55,3,0.8592328033809803,-1.703306148951995,0
AC00139,102.34,Debit,San Antonio,M076,Online,78.0,1.0,9326.28,116.43,535.6596990740741,51-65,1,35,75,2,58,3,1.1567143294734854,-0.3600969365208743,0
AC00154,7.82,Debit,Boston,M090,ATM,273.0,1.0,2240.49,40.45,664.5924189814815,36-50,1,4,89,0,423,2,-0.670285962892422,1.9380906945200673,0
AC00403,79.43,Debit,Dallas,M009,ATM,72.0,1.0,6579.37,143.212,468.60917824074073,65+,1,9,8,0,121,4,2.2684017053469634,1.0006621356766348,0
AC00330,386.97,Debit,Raleigh,M098,Branch,137.0,1.0,1876.35,107.247,642.6350578703704,51-65,1,33,97,1,23,3,0.627000479175161,0.7568961772309356,0
AC00362,51.22,Debit,Fresno,M040,Branch,82.0,1.0,1664.59,49.29,493.66596064814814,18-25,1,14,39,1,449,0,-2.1177675098618263,0.3610180985265547,0
AC00423,256.05,Debit,Nashville,M009,ATM,35.0,1.0,6910.18,4.105,515.6561805555556,51-65,1,26,8,0,416,3,0.9221623343101318,1.0458846310420047,0
AC00286,7.79,Debit,Los Angeles,M097,Branch,298.0,1.0,1319.85,221.105,506.60833333333335,26-35,1,20,96,1,359,1,-1.2917829137486783,0.7666853479775587,0
AC00332,233.71,Debit,Louisville,M073,Branch,11.0,1.0,6095.5,35.67,397.6262962962963,51-65,1,21,72,1,403,3,1.2488251801623875,0.4903154553347901,0
AC00080,176.37,Debit,Boston,M057,Branch,126.0,1.0,2420.86,129.102,657.6445833333333,51-65,1,4,56,1,80,3,0.6453102819765011,0.7151934048975156,0
AC00150,122.63,Debit,Milwaukee,M029,Branch,153.0,1.0,359.06,219.193,563.5631944444444,18-25,1,25,28,1,352,0,-2.364141367613572,0.28522562543598484,0
AC00441,86.41,Debit,Fresno,M099,ATM,125.0,1.0,3128.71,168.55,587.5950810185185,65+,1,14,98,0,206,4,1.9003854134216283,1.7979825404504104,0
AC00196,21.57,Debit,San Francisco,M071,ATM,71.0,1.0,7587.48,136.105,374.665462962963,51-65,1,37,70,0,99,3,1.1320050514600821,1.0422267582708586,0
AC00444,82.67,Debit,Milwaukee,M014,Branch,46.0,1.0,290.59,185.23,436.64368055555553,26-35,1,25,13,1,243,1,-1.6028647271694412,-0.047371398551969174,0
AC00295,451.35,Credit,Baltimore,M028,Branch,223.0,1.0,7707.96,42.61,425.5569791666667,36-50,0,3,27,1,429,2,0.40617839280213486,-1.322190409320246,0
AC00157,299.42,Credit,San Jose,M005,Branch,53.0,1.0,4735.41,133.63,335.61412037037036,51-65,0,38,4,1,91,3,1.2871824956202942,-1.9463819138644096,0
AC00456,543.47,Debit,Los Angeles,M092,ATM,122.0,1.0,6165.03,160.212,447.6205439814815,18-25,1,20,91,0,176,0,-1.8537832780766075,1.2360829687913395,0
AC00271,346.76,Credit,San Jose,M055,Branch,116.0,1.0,1637.75,39.129,310.6509027777778,18-25,0,38,54,1,413,0,-2.104103517127882,-1.6374112366252638,0
AC00462,47.48,Debit,El Paso,M027,Branch,66.0,1.0,585.52,196.244,622.6398958333333,18-25,1,12,26,1,284,0,-2.1658856468187344,0.39491286156184935,0
AC00310,64.92,Debit,Atlanta,M082,Branch,236.0,1.0,5481.76,186.57,534.5583217592592,51-65,1,1,81,1,246,3,1.0355124823245125,0.8375950937020906,0
AC00189,350.72,Credit,Fresno,M035,ATM,48.0,1.0,1982.9,46.150,459.6455671296296,26-35,0,14,34,0,439,1,-1.3130966947321756,-0.5409082127594657,0
AC00328,3.8,Debit,Charlotte,M057,Online,174.0,1.0,5766.96,8.244,460.6658912037037,51-65,1,5,56,2,531,3,1.265392600978275,-0.1329045993622174,0
AC00057,22.54,Debit,El Paso,M044,Online,42.0,1.0,7139.11,161.161,432.66064814814814,26-35,1,12,43,2,179,1,-0.8708853549691162,-0.6355093161906394,0
AC00360,767.14,Credit,Mesa,M039,Branch,38.0,1.0,4732.57,16.94,432.65577546296294,51-65,0,23,38,1,174,3,1.1827204565310345,-1.5030302952975232,0
AC00209,167.47,Debit,Sacramento,M024,ATM,103.0,1.0,2293.13,175.166,338.6019097222222,26-35,1,34,23,0,222,1,-1.0963459950553212,0.6595131047146074,0
AC00390,43.65,Credit,Charlotte,M066,Branch,212.0,1.0,2870.67,41.82,370.6585763888889,26-35,0,5,65,1,426,1,-1.090228112058842,-1.1912228236262647,0
AC00061,391.08,Debit,Fresno,M029,Online,105.0,1.0,6885.16,35.220,555.6241435185185,51-65,1,14,28,2,401,3,0.9939572904591707,-0.3599617895544015,0
AC00345,390.77,Debit,Portland,M045,Online,34.0,1.0,5500.56,180.224,370.6712268518518,36-50,1,32,44,2,233,2,0.01822792835932826,-0.7882154015164262,0
AC00254,508.16,Debit,Mesa,M038,ATM,131.0,1.0,5609.44,7.28,586.5768981481482,36-50,1,23,37,0,510,2,-0.32930290073435675,1.3479633068440389,0
AC00271,36.76,Credit,Philadelphia,M053,Online,108.0,1.0,1228.93,58.1,573.6391782407408,51-65,0,30,52,2,472,3,0.8885700918610718,-1.8143596230170302,0
AC00451,332.33,Debit,Kansas City,M039,ATM,101.0,1.0,192.63,52.1,502.6290393518519,26-35,1,18,38,0,457,1,-1.6893063234741816,1.1847927874966595,0
AC00061,362.09,Debit,New York,M093,Branch,31.0,1.0,6590.28,187.52,615.6309143518519,26-35,1,27,92,1,249,1,-0.8571990910633436,0.7227778090797156,0
AC00245,42.58,Debit,San Jose,M057,Online,80.0,1.0,13485.0,214.247,636.6510416666666,26-35,1,38,56,2,339,1,-0.300810664700604,-0.27699573373301406,0
AC00105,122.35,Credit,Atlanta,M008,Branch,188.0,1.0,6472.5,219.219,571.5964467592593,51-65,0,1,7,1,353,3,1.0243379715958003,-1.1967761068447196,0
AC00122,248.66,Debit,Chicago,M058,Online,113.0,1.0,2571.39,175.166,639.6004166666667,26-35,1,6,57,2,222,1,-1.3416382978666077,-0.18285280648100552,0
AC00202,461.25,Credit,Sacramento,M044,Online,171.0,1.0,676.1,136.172,433.6086111111111,51-65,0,34,43,2,101,3,0.5076066986332033,-2.359055060191783,0
AC00423,61.77,Debit,Charlotte,M082,Branch,49.0,1.0,12352.2,55.154,402.62850694444444,51-65,1,5,81,1,465,3,1.6310916600156782,0.6966659418281924,0
AC00362,268.92,Debit,Chicago,M022,Branch,148.0,1.0,8765.38,199.6,447.6487037037037,26-35,1,6,21,1,296,1,-0.6959814641782195,0.16995295739205976,0
AC00426,303.97,Debit,Fort Worth,M056,Online,77.0,5.0,1590.88,7.146,640.6335879629629,18-25,1,13,55,2,509,0,-2.1104766149677423,-0.38183978305294325,0
AC00204,219.02,Credit,San Diego,M093,Online,68.0,1.0,7375.73,187.223,307.6515625,51-65,0,36,92,2,248,3,1.205022976715039,-2.1509433191826384,0
AC00369,125.14,Debit,Baltimore,M080,Branch,31.0,1.0,1845.18,48.89,433.6190277777778,18-25,1,3,79,1,444,0,-2.1523553259060706,0.5660813710956346,0
AC00365,47.6,Debit,Austin,M026,Online,115.0,1.0,1382.51,163.58,619.5593634259259,51-65,1,2,25,2,190,3,0.47345362053670664,-0.3008299121439049,0
AC00063,592.82,Debit,Memphis,M076,Online,248.0,1.0,7508.98,193.108,416.61556712962965,65+,1,22,75,2,271,4,2.2050403598556687,-0.3097944813569965,0
AC00455,372.5,Debit,Nashville,M073,ATM,211.0,1.0,3901.82,205.45,384.5796064814815,18-25,1,26,72,0,315,0,-1.9673371451284662,1.096059226631776,0
AC00415,4.72,Debit,Fort Worth,M051,Branch,20.0,1.0,4792.01,45.64,566.6705555555556,26-35,1,13,50,1,438,1,-0.9958489332998071,0.5824697822348475,0
AC00279,144.93,Debit,Fresno,M093,Branch,74.0,1.0,6887.52,141.121,537.6509027777778,36-50,1,14,92,1,114,2,0.13822499514091,0.6794017275369929,0
AC00262,316.56,Debit,Denver,M052,Online,261.0,1.0,8643.51,13.188,432.5692476851852,26-35,1,10,51,2,83,1,-0.7081050762124219,-0.605135935233655,0
AC00306,9.18,Debit,San Francisco,M096,Online,140.0,1.0,887.32,82.88,486.5825115740741,18-25,1,37,95,2,546,0,-2.310010969689242,-0.1745513685454175,0
AC00164,421.25,Debit,Fort Worth,M007,Online,66.0,1.0,7174.69,156.134,668.662349537037,18-25,1,13,6,2,159,0,-1.5211920158716818,-0.5972268943079339,0
AC00236,185.71,Debit,Virginia Beach,M084,Branch,194.0,1.0,2679.91,32.71,454.66278935185187,36-50,1,41,83,1,394,2,-0.2142416477304321,0.5187756414719052,0
AC00095,1432.02,Debit,Louisville,M081,Branch,138.0,1.0,4315.07,105.87,422.5968402777778,51-65,1,21,80,1,20,3,0.8924422055924843,0.27007957331010823,0
AC00016,26.27,Credit,Portland,M027,Online,177.0,1.0,8853.93,62.27,597.657974537037,36-50,0,32,26,2,490,2,0.36948044092697596,-1.9896478974254797,0
AC00386,297.03,Debit,Austin,M041,Online,151.0,1.0,1088.62,198.39,422.6261574074074,51-65,1,2,40,2,291,3,0.7264415954784548,-0.4542941687318453,0
AC00032,341.67,Debit,Omaha,M037,Branch,96.0,5.0,1442.29,140.94,608.6414236111111,51-65,1,29,36,1,113,3,0.4630630992894328,0.10678058738657982,0
AC00152,99.52,Debit,San Diego,M083,ATM,127.0,1.0,3798.09,24.181,573.5990277777778,51-65,1,36,82,0,370,3,0.5322386993383905,1.5679444675504441,0
AC00020,881.1,Debit,Phoenix,M093,Branch,16.0,1.0,9951.68,87.50,356.6403240740741,26-35,1,31,92,1,558,1,-0.7716117488123426,0.40607367587828697,0
AC00360,139.69,Debit,Indianapolis,M025,Online,180.0,1.0,9567.94,147.119,507.6147453703704,51-65,1,16,24,2,133,3,1.212130614248322,-0.5752319662623663,0
AC00286,42.72,Debit,Nashville,M001,ATM,143.0,1.0,2669.66,186.135,444.63320601851854,36-50,1,26,0,0,244,2,-0.5170293581707703,0.7759926472234708,0
AC00241,112.72,Debit,Washington,M028,Branch,17.0,1.0,9630.0,189.248,587.651400462963,26-35,1,42,27,1,258,1,-0.6095569330569203,0.20086367262107432,0
AC00331,568.88,Debit,Nashville,M076,Branch,105.0,1.0,1307.86,213.15,632.6526273148148,18-25,1,26,75,1,336,0,-2.402685166861202,0.6259208135299728,0
AC00258,189.03,Debit,Oklahoma City,M046,ATM,50.0,1.0,1916.46,41.82,563.5937152777777,26-35,1,28,45,0,426,1,-1.4890744699007037,1.2615035661675391,0
AC00040,199.8,Debit,Detroit,M038,ATM,163.0,1.0,167.28,35.246,468.6616203703704,18-25,1,11,37,0,402,0,-2.385315133612396,1.1240112527110064,0
AC00143,189.08,Debit,Miami,M011,Branch,238.0,1.0,10790.8,210.136,601.663599537037,65+,1,24,10,1,328,4,2.2631232613591585,0.42808424946026097,0
AC00068,958.9,Debit,Memphis,M097,Branch,135.0,1.0,9977.49,160.212,488.65047453703704,26-35,1,22,96,1,176,1,-0.5966578312406652,0.5033562080621328,0
AC00052,409.59,Debit,Albuquerque,M042,Online,50.0,1.0,14563.02,137.33,594.668912037037,26-35,1,0,41,2,104,1,0.1244406696947476,-0.38814847664505175,0
AC00352,349.34,Credit,Indianapolis,M047,ATM,245.0,1.0,614.14,199.59,664.6368518518518,26-35,0,16,46,0,295,1,-1.5122084953754467,-0.19838105328515418,0
AC00254,283.15,Debit,Baltimore,M089,Online,180.0,1.0,603.79,36.77,450.65246527777776,18-25,1,3,88,2,406,0,-2.1698378593996357,-0.17966094341578395,0
AC00100,151.82,Debit,Chicago,M013,ATM,105.0,1.0,2197.12,165.114,475.6521875,51-65,1,6,12,0,193,3,0.4885897223854875,1.0172028130875723,0
AC00412,438.59,Debit,San Jose,M035,Online,103.0,1.0,8994.39,193.217,370.59818287037035,36-50,1,38,34,2,274,2,0.046457740474867074,-0.8664303114413018,0
AC00012,590.57,Debit,Milwaukee,M050,ATM,93.0,1.0,3224.6,150.231,494.6664583333333,65+,1,25,49,0,146,4,2.0066767519964754,1.1908171326988854,0
AC00353,63.74,Debit,Chicago,M092,Online,31.0,1.0,4336.4,100.128,418.5961458333333,51-65,1,6,91,2,7,3,1.2588007168566735,-0.28900366002543293,0
AC00445,77.02,Credit,Miami,M053,Online,132.0,1.0,800.83,195.237,444.65939814814817,51-65,0,24,52,2,282,3,0.729977824615752,-2.0901657272146457,0
AC00281,501.15,Debit,Phoenix,M088,Branch,208.0,1.0,8821.84,180.224,440.58633101851854,36-50,1,31,87,1,233,2,0.37595776085963706,0.46807399250200243,0
AC00211,917.81,Debit,Kansas City,M047,ATM,75.0,2.0,3173.17,42.61,431.5630787037037,51-65,1,18,46,0,429,3,0.8953044798054404,1.1072481051381384,0
AC00379,8.95,Debit,Oklahoma City,M008,Online,102.0,1.0,3299.84,11.167,396.6725347222222,65+,1,28,7,2,28,4,2.037686270419194,-0.9153205641018379,0
AC00108,173.6,Debit,Austin,M043,Online,160.0,1.0,421.44,151.247,341.64684027777776,18-25,1,2,42,2,149,0,-2.1715072595368525,-0.7762775832134898,0
AC00243,149.4,Debit,Chicago,M039,ATM,123.0,1.0,1035.22,154.138,551.6523611111111,51-65,1,6,38,0,153,3,0.4398496763420163,1.289214005292628,0
AC00032,388.21,Credit,Columbus,M013,Branch,237.0,1.0,9724.49,145.246,320.6446759259259,51-65,0,8,12,1,126,3,1.4188343413566376,-1.720345117783944,0
AC00460,484.3,Credit,Boston,M026,Online,230.0,3.0,7910.3,93.160,383.6001851851852,51-65,0,4,25,2,574,3,1.4166891654386145,-2.235714837985321,1
AC00459,126.04,Credit,Charlotte,M019,Branch,167.0,1.0,6041.69,221.169,503.64575231481484,51-65,0,5,18,1,360,3,1.4352170210399797,-1.2285878230974432,0
AC00309,52.04,Credit,Colorado Springs,M070,Branch,31.0,1.0,8436.12,105.87,465.65222222222224,36-50,0,7,69,1,20,2,0.7951843864406885,-1.2118722268772868,0
AC00109,389.7,Credit,Austin,M030,Branch,216.0,1.0,7125.15,155.164,604.6463194444444,51-65,0,2,29,1,156,3,1.425891840740272,-1.1157791287589365,0
AC00393,161.1,Credit,Miami,M002,ATM,104.0,1.0,239.12,117.67,573.612337962963,18-25,0,24,1,0,60,0,-2.232579071724691,-0.8505928567764174,0
AC00175,309.77,Credit,San Antonio,M010,Online,137.0,1.0,4378.14,40.10,545.6489351851852,65+,0,35,9,2,418,4,1.712006032556597,-2.186432992709607,0
AC00010,838.57,Debit,Phoenix,M040,ATM,273.0,1.0,14576.47,115.30,496.66875,36-50,1,31,39,0,53,2,0.6768140197637353,0.945891340182541,0
AC00120,202.55,Debit,Dallas,M029,ATM,34.0,2.0,701.73,51.250,355.5550925925926,18-25,1,9,28,0,456,0,-2.2302389609182143,0.8449253903340069,0
AC00477,724.18,Debit,Fort Worth,M002,Branch,134.0,1.0,10922.78,104.155,636.6673032407407,36-50,1,13,1,1,15,2,0.3870749003976779,0.14039695135969302,0
AC00410,124.98,Debit,Washington,M062,ATM,78.0,1.0,642.0,40.192,621.636238425926,18-25,1,42,61,0,419,0,-2.289930889035083,1.3531866832706678,0
AC00044,487.32,Debit,Kansas City,M005,Branch,164.0,1.0,7707.96,35.73,381.58194444444445,51-65,1,18,4,1,404,3,0.9328105829563517,0.020622343728971915,0
AC00490,635.91,Credit,Jacksonville,M074,Branch,78.0,1.0,13267.09,155.37,341.6354398148148,36-50,0,17,73,1,158,2,0.9962597109959778,-1.4121277017975784,0
AC00342,205.65,Debit,Houston,M080,Branch,144.0,1.0,3582.16,157.164,479.64238425925925,51-65,1,15,79,1,165,3,1.007422306232675,0.5935913880559961,0
AC00462,39.41,Debit,Louisville,M030,Branch,132.0,1.0,921.91,58.190,342.65493055555555,18-25,1,21,29,1,473,0,-2.1085841101575524,0.05289370852992341,0
AC00267,254.0,Debit,Nashville,M098,Branch,63.0,1.0,5788.53,49.31,538.6073495370371,26-35,1,26,97,1,450,1,-0.8537472506113651,0.771827745288933,0
AC00363,436.8,Debit,Houston,M098,Branch,213.0,1.0,4515.43,153.178,353.6506712962963,36-50,1,15,97,1,152,2,-0.33881215622075184,0.4278438432109537,0
AC00211,224.73,Debit,Miami,M002,Branch,63.0,1.0,7551.89,3.102,633.6533217592593,65+,1,24,1,1,381,4,2.253186894261835,0.4195321299163175,0
AC00204,752.69,Credit,Dallas,M056,ATM,115.0,1.0,14489.69,1.98,524.5515393518518,51-65,0,9,55,0,3,3,2.274371132204014,-0.40106418599816257,1
AC00456,78.5,Credit,San Jose,M007,Branch,41.0,1.0,13991.5,166.41,628.6703472222222,26-35,0,38,6,1,197,1,-0.048966452292627895,-1.5090110865414679,0
AC00016,50.0,Credit,Jacksonville,M018,ATM,87.0,1.0,185.87,150.231,618.5876157407407,51-65,0,17,17,0,146,3,0.4589236742093786,-0.4458024613343394,0
AC00093,132.42,Debit,Denver,M069,ATM,164.0,1.0,726.39,203.174,468.6592592592593,18-25,1,10,68,0,309,0,-2.3592037457559925,1.2879402491621015,0
AC00401,11.67,Debit,Fort Worth,M078,Branch,105.0,1.0,7458.63,43.98,356.6527662037037,65+,1,13,77,1,430,4,2.371768801669727,0.6116632338197259,0
AC00366,83.16,Debit,Los Angeles,M091,ATM,177.0,1.0,3065.87,45.64,445.6644675925926,51-65,1,20,90,0,438,3,0.8402543514625885,1.5768183478186977,0
AC00107,149.02,Credit,Fort Worth,M019,Branch,176.0,1.0,9379.72,199.59,429.64640046296296,36-50,0,13,18,1,295,2,0.5941951642835938,-1.4779882066446988,0
AC00060,74.27,Credit,Memphis,M090,Online,148.0,1.0,13696.61,190.164,479.6209837962963,51-65,0,22,89,2,263,3,1.9747840842127868,-1.7752442713277254,0
AC00384,876.57,Credit,Portland,M056,ATM,118.0,1.0,3743.63,195.164,419.66027777777776,51-65,0,32,55,0,280,3,1.0007928246621567,-0.5721366121806721,0
AC00483,615.58,Debit,Jacksonville,M059,ATM,133.0,1.0,14343.0,168.55,405.6464699074074,36-50,1,17,58,0,206,2,0.7732233137496051,1.0866402841887388,0
AC00126,643.03,Credit,Jacksonville,M002,Online,52.0,1.0,2882.16,104.155,460.6560763888889,36-50,0,17,1,2,15,2,-0.36298486158164367,-2.644394493076725,0
AC00437,7.95,Debit,Phoenix,M087,ATM,65.0,1.0,5631.2,101.120,664.6422916666667,65+,1,31,86,0,11,4,2.303006249331229,1.6478123453135411,0
AC00382,270.92,Credit,Louisville,M066,Branch,143.0,1.0,4574.43,171.101,562.6275231481482,65+,0,21,65,1,214,4,2.1986639108697585,-0.9690022782520956,0
AC00339,499.48,Debit,Charlotte,M012,ATM,133.0,1.0,1242.62,200.13,656.6330787037037,18-25,1,5,11,0,299,0,-2.181762666018726,1.190891870877256,0
AC00498,841.5,Credit,Atlanta,M020,Branch,287.0,1.0,352.31,207.157,531.6498958333333,18-25,0,1,19,1,320,0,-2.136588115380774,-1.3870486265244224,0
AC00178,138.82,Debit,Fort Worth,M030,Online,53.0,1.0,3100.22,83.207,384.6662962962963,65+,1,13,29,2,548,4,1.935736930594461,-0.45458460288075475,0
AC00201,231.46,Credit,Miami,M047,Branch,83.0,1.0,4707.24,77.208,514.6430671296297,51-65,0,24,46,1,521,3,1.0340458437854265,-1.086531593945363,0
AC00124,292.08,Debit,Columbus,M067,ATM,32.0,1.0,7950.48,218.54,310.58506944444446,65+,1,8,66,0,350,4,2.298976043710009,1.2331366002111128,0
AC00404,63.98,Debit,Baltimore,M026,Online,258.0,1.0,7954.12,182.225,370.67025462962965,51-65,1,3,25,2,235,3,1.1641943436795912,-0.6273732554404612,0
AC00347,235.21,Debit,Boston,M007,Branch,74.0,1.0,5946.61,106.244,384.64313657407405,65+,1,4,6,1,22,4,2.003719225788868,-0.025484540098174188,0
AC00480,201.73,Debit,Baltimore,M096,Online,78.0,1.0,6650.71,214.67,425.56024305555553,51-65,1,3,95,2,341,3,1.1367904500397281,-0.07401443414423445,0
AC00303,161.31,Debit,Nashville,M051,ATM,13.0,1.0,1268.67,34.86,419.65552083333336,26-35,1,26,50,0,399,1,-1.4813828192655025,1.0660213197200066,0
AC00249,18.41,Debit,Atlanta,M072,Branch,168.0,1.0,8287.54,58.190,338.61439814814815,51-65,1,1,71,1,473,3,1.1327055797262102,0.5770943039044797,0
AC00263,471.75,Credit,San Jose,M048,Branch,41.0,1.0,12948.5,100.4,516.5693055555555,26-35,0,38,47,1,10,1,0.007112861586387083,-1.5466984084974593,0
AC00108,290.02,Debit,Milwaukee,M005,Branch,246.0,1.0,4746.71,173.252,405.59653935185185,51-65,1,25,4,1,220,3,0.7948092032768681,-0.03865674596840075,0
AC00490,48.05,Debit,New York,M060,Branch,38.0,1.0,5334.97,125.225,535.6074884259259,26-35,1,27,59,1,77,1,-1.0499656126184034,0.3168232670623288,0
AC00411,359.42,Debit,Baltimore,M089,Branch,30.0,1.0,1765.45,23.163,524.6590856481481,51-65,1,3,88,1,365,3,0.541781454050284,0.8385883996530307,0
AC00087,32.91,Debit,Fort Worth,M036,Online,255.0,1.0,427.3,54.252,549.645636574074,18-25,1,13,35,2,463,0,-2.436890979112076,-0.3697351072611034,0
AC00196,3.8,Debit,Denver,M074,Branch,140.0,1.0,6285.39,56.116,453.63961805555556,65+,1,10,73,1,466,4,1.8898756683371896,0.7581290348462449,0
AC00267,31.81,Debit,Fort Worth,M033,Online,149.0,1.0,1406.6,147.114,577.6006365740741,51-65,1,13,32,2,132,3,0.4001151798076113,-0.40555278810502043,0
AC00267,220.2,Debit,Boston,M047,Online,102.0,1.0,1075.15,23.255,419.6571064814815,26-35,1,4,46,2,366,1,-1.4544327344405554,-0.505135819982148,0
AC00125,476.03,Credit,Houston,M003,Branch,99.0,1.0,5958.34,130.92,429.6642708333333,65+,0,15,2,1,87,4,2.3988057151724727,-1.6481438367715677,0
AC00428,141.91,Debit,Miami,M051,Branch,49.0,1.0,791.97,152.234,654.6261342592593,18-25,1,24,50,1,151,0,-2.1859977956354695,0.450204470176748,0
AC00477,95.83,Debit,Washington,M070,Online,91.0,1.0,1726.4,133.67,338.6714930555556,26-35,1,42,69,2,92,1,-1.3942097204074466,-0.8215430866227088,0
AC00417,51.15,Credit,Los Angeles,M019,Branch,199.0,1.0,8992.25,221.206,613.6139467592593,36-50,0,20,18,1,361,2,0.47069310841044226,-1.1861393850567854,0
AC00170,1192.2,Credit,Jacksonville,M093,Branch,103.0,5.0,7816.41,40.10,318.65818287037035,51-65,0,17,92,1,418,3,1.381970822107471,-1.4479277246667017,1
AC00147,50.75,Debit,Boston,M018,ATM,185.0,1.0,8271.47,157.47,447.57868055555554,51-65,1,4,17,0,166,3,1.4913807958477723,1.0582631306060812,0
AC00097,185.07,Debit,Colorado Springs,M062,Branch,159.0,1.0,636.42,76.136,320.63193287037035,18-25,1,7,61,1,520,0,-2.23730049233612,0.314730648289011,0
AC00433,293.54,Debit,Sacramento,M026,Online,45.0,1.0,2290.1,16.94,657.6126388888889,36-50,1,34,25,2,174,2,-0.5030960914851227,-0.5152774876701226,0
AC00381,23.38,Debit,Memphis,M062,Branch,89.0,1.0,9968.49,6.204,405.5576388888889,26-35,1,22,61,1,479,1,-0.5020857878894545,0.39786986131941976,0
AC00398,285.26,Debit,Atlanta,M062,ATM,93.0,1.0,167.72,64.57,368.6681712962963,26-35,1,1,61,0,495,1,-1.570887472845261,1.249719147692814,0
AC00029,129.48,Debit,Seattle,M001,ATM,179.0,1.0,7581.7,106.244,636.6527777777778,26-35,1,39,0,0,22,1,-0.7913642615455173,0.8484113850519787,0
AC00291,743.03,Debit,New York,M050,ATM,174.0,1.0,4111.38,73.54,465.6344907407407,36-50,1,27,49,0,517,2,-0.08720160686677969,1.2268174792993936,0
AC00431,297.86,Credit,Milwaukee,M070,ATM,96.0,1.0,1680.14,205.45,636.6108333333333,26-35,0,25,69,0,315,1,-1.3838269657399045,-0.1519670354102237,0
AC00275,231.92,Debit,Indianapolis,M049,ATM,12.0,1.0,5715.08,47.82,482.5906365740741,65+,1,16,48,0,441,4,1.774207705899936,1.3702157942834765,0
AC00093,295.82,Credit,Chicago,M041,Branch,46.0,1.0,5897.73,144.228,325.6613310185185,36-50,0,6,40,1,122,2,0.4139112000151427,-1.58820875163798,0
AC00442,302.86,Debit,Los Angeles,M081,Online,275.0,1.0,5239.24,144.91,489.5528125,51-65,1,20,80,2,123,3,0.8689296664791503,-0.26027096767507346,0
AC00465,81.08,Debit,Omaha,M089,ATM,56.0,1.0,7788.91,119.43,411.6324305555556,51-65,1,29,88,0,65,3,1.3162850656574292,1.2416091415262904,0
AC00158,775.6,Credit,Mesa,M070,Branch,158.0,1.0,3898.64,73.108,440.6006365740741,65+,0,23,69,1,515,4,2.0764841610574716,-1.028848902502482,0
AC00334,178.43,Debit,Baltimore,M041,Branch,136.0,1.0,1214.93,1.198,313.5791898148148,26-35,1,3,40,1,0,1,-1.3750518461022652,-0.056739496546751644,0
AC00093,211.91,Debit,Indianapolis,M075,Online,181.0,1.0,927.47,166.79,412.63729166666667,18-25,1,16,74,2,199,0,-2.2363179844729446,-0.5097740153608706,0
AC00229,17.21,Debit,Omaha,M004,Online,219.0,1.0,914.16,119.43,314.6166782407407,18-25,1,29,3,2,65,0,-2.087134404854287,-1.233628708527136,0
AC00373,124.22,Debit,Charlotte,M013,ATM,172.0,1.0,9695.04,130.29,534.5906018518518,18-25,1,5,12,0,86,0,-1.2626164758528577,0.9534350045055779,0
AC00328,38.37,Debit,San Antonio,M003,ATM,135.0,1.0,8647.04,136.162,429.66835648148145,51-65,1,35,2,0,100,3,1.5210581027807006,0.7211025090892699,0
AC00160,269.79,Debit,San Jose,M013,ATM,17.0,1.0,1292.1,82.115,397.66150462962963,51-65,1,38,12,0,543,3,0.2771697492990489,0.8776110964264602,0
AC00014,605.42,Debit,Mesa,M085,ATM,33.0,1.0,392.34,25.188,509.6661226851852,18-25,1,23,84,0,371,0,-2.374232573966831,1.3465516380964357,0
AC00090,11.19,Debit,Austin,M090,ATM,40.0,1.0,9877.17,195.237,671.6098263888889,51-65,1,2,89,0,282,3,1.527995111366049,1.9186597012604618,0
AC00053,29.19,Credit,Nashville,M004,Branch,41.0,1.0,12059.85,146.53,648.6057754629629,51-65,0,26,3,1,130,3,1.7727086465605515,-1.3634536196920537,0
AC00478,701.7,Credit,Seattle,M055,Online,64.0,1.0,6643.24,193.83,492.6334722222222,51-65,0,39,54,2,276,3,1.249167717395224,-2.158228528899854,0
AC00356,862.34,Debit,Kansas City,M070,Branch,72.0,1.0,9903.48,49.174,528.6639236111112,51-65,1,18,69,1,447,3,1.2537941038839222,0.6489385970664711,0
AC00244,410.97,Debit,Los Angeles,M026,ATM,45.0,1.0,151.42,148.112,405.63142361111113,18-25,1,20,25,0,138,0,-2.2382147688672154,0.7187941479211294,0
AC00103,36.97,Debit,Virginia Beach,M087,Branch,79.0,1.0,2850.92,175.210,438.61457175925926,36-50,1,41,86,1,223,2,-0.34811404295252696,0.4035910938296365,0
AC00053,137.59,Debit,Nashville,M065,ATM,95.0,1.0,10679.67,161.25,670.6557175925926,26-35,1,26,64,0,183,1,-0.5255375085537553,1.4606480250006484,0
AC00151,168.11,Credit,New York,M015,Online,12.0,1.0,10652.13,146.69,534.6403472222222,51-65,0,27,14,2,131,3,1.408214403342038,-2.3356622698782377,0
AC00494,430.98,Debit,Baltimore,M058,Branch,93.0,1.0,569.25,168.55,390.5811111111111,18-25,1,3,57,1,206,0,-2.101882280305058,0.21687391831840744,0
AC00219,13.87,Debit,Phoenix,M077,Branch,20.0,1.0,954.83,37.227,328.56605324074076,18-25,1,31,76,1,409,0,-2.1050513813459943,0.2297661289629279,0
AC00202,642.68,Debit,Jacksonville,M060,ATM,66.0,1.0,1831.2,141.241,528.6424305555555,65+,1,17,59,0,117,4,1.7838215918892222,1.318906176079002,0
AC00254,175.07,Debit,Las Vegas,M100,Online,169.0,2.0,9274.64,58.190,346.6339814814815,26-35,1,19,99,2,473,1,-0.6999296906644198,-0.33160460046716317,0
AC00285,302.82,Debit,Jacksonville,M020,ATM,175.0,1.0,9384.54,79.47,366.63693287037034,36-50,1,17,19,0,528,2,0.013541945579422475,0.9649176639118177,0
AC00071,1647.74,Debit,Louisville,M049,ATM,52.0,1.0,1483.84,113.137,314.6027662037037,65+,1,21,48,0,45,4,1.367967557009634,0.7332207890362928,0
AC00073,406.81,Debit,New York,M016,Online,84.0,1.0,1968.36,207.157,334.64996527777777,65+,1,27,15,2,320,4,1.429624554610506,-0.8646044855539506,0
AC00383,256.3,Debit,New York,M066,Online,172.0,1.0,4203.05,133.63,578.6558333333334,51-65,1,27,65,2,91,3,0.6895467976289199,-0.2981992030073886,0
AC00326,80.96,Credit,Jacksonville,M078,Online,97.0,1.0,959.94,81.248,403.5967013888889,18-25,0,17,77,2,541,0,-2.207862549621221,-1.9717107581532416,0
AC00153,95.78,Debit,Atlanta,M061,Online,27.0,1.0,271.64,221.23,591.6245717592593,18-25,1,1,60,2,362,0,-2.242067438159745,-0.1746394123174164,0
AC00460,379.54,Credit,Indianapolis,M040,Branch,118.0,1.0,12571.76,109.105,670.6195486111111,36-50,0,16,39,1,25,2,0.7095889314279537,-1.1724757958518437,0
AC00439,903.19,Debit,El Paso,M028,Online,65.0,1.0,8627.08,174.61,486.59311342592594,18-25,1,12,27,2,221,0,-1.511858358786582,-0.754754088669051,0
AC00070,142.19,Debit,Houston,M005,Branch,27.0,4.0,524.46,85.191,507.57006944444447,18-25,1,15,4,1,551,0,-2.406062181624724,-0.020914498023679586,1
AC00086,847.45,Debit,Jacksonville,M042,Branch,175.0,1.0,422.32,151.247,503.65643518518516,26-35,1,17,41,1,149,1,-1.6139622679910488,0.18194777033906387,0
AC00330,295.18,Credit,Dallas,M100,Branch,31.0,1.0,12961.53,200.13,544.5925231481482,65+,0,9,99,1,299,4,2.644409068114545,-0.699273949150847,0
AC00027,18.46,Debit,Charlotte,M032,Branch,213.0,1.0,6381.6,166.41,349.6535069444444,65+,1,5,31,1,197,4,2.0355318709808836,0.22432528295614215,0
AC00020,603.23,Debit,Detroit,M017,Branch,48.0,1.0,117.98,38.210,437.6070023148148,26-35,1,11,16,1,412,1,-1.6309191247208215,0.08895937491090741,0
AC00232,54.5,Credit,Philadelphia,M082,Branch,147.0,1.0,1715.22,61.95,347.63145833333334,51-65,0,30,81,1,487,3,0.6957415762177961,-1.1409541352237105,0
AC00247,414.77,Debit,San Francisco,M014,Online,274.0,1.0,5599.81,49.20,307.60487268518517,26-35,1,37,13,2,448,1,-1.1314982948361163,-1.0108442753921945,0
AC00136,886.19,Debit,Colorado Springs,M081,Branch,69.0,1.0,7904.24,116.106,440.6086226851852,51-65,1,7,80,1,55,3,1.3821966403553851,0.44291797350195666,0
AC00322,440.03,Debit,San Jose,M099,Online,88.0,1.0,1490.44,5.74,340.6656134259259,36-50,1,38,98,2,453,2,-0.2692651377513078,-0.3863085506915372,0
AC00461,35.46,Debit,Nashville,M005,ATM,285.0,1.0,1532.72,193.83,591.6603819444445,51-65,1,26,4,0,276,3,0.4658983346812796,1.132358583146116,0
AC00079,76.39,Debit,Denver,M019,Branch,219.0,1.0,5976.0,136.250,660.6184722222222,18-25,1,10,18,1,102,0,-1.858210727394883,0.3370467110814902,0
AC00176,595.91,Credit,San Antonio,M085,ATM,162.0,1.0,1673.76,200.136,451.5633912037037,18-25,0,35,84,0,300,0,-2.216108988914822,-0.4595349780418135,0
AC00417,6.03,Debit,Chicago,M035,Branch,70.0,1.0,3290.72,86.83,452.5604398148148,65+,1,6,34,1,556,4,1.9225478716954325,0.5700906419498407,0
AC00260,249.34,Debit,Charlotte,M088,ATM,197.0,1.0,3030.97,152.140,446.61539351851854,26-35,1,5,87,0,150,1,-1.3114370722480584,1.3592482503751702,0
AC00471,421.52,Debit,San Jose,M064,Branch,67.0,1.0,369.86,177.172,446.60778935185186,18-25,1,38,63,1,227,0,-2.371647021733515,0.1484224608018837,0
AC00231,189.77,Debit,Raleigh,M011,Branch,24.0,1.0,6570.36,116.43,615.6686111111111,51-65,1,33,10,1,58,3,1.1136471292310461,0.16717980319686512,0
AC00184,73.19,Debit,Atlanta,M025,Branch,213.0,1.0,2264.98,152.140,382.659849537037,65+,1,1,24,1,150,4,1.937648375058347,0.23119010188343966,0
AC00475,188.13,Credit,Jacksonville,M091,Online,198.0,1.0,5029.87,175.210,520.5817013888889,65+,0,17,90,2,223,4,2.1960551404426893,-1.656125891022571,0
AC00329,30.52,Debit,Jacksonville,M005,Branch,122.0,1.0,12327.74,104.165,534.616875,51-65,1,17,4,1,16,3,1.8883107516945086,0.11998367224408836,0
AC00431,1235.69,Credit,San Jose,M048,Branch,118.0,1.0,420.25,69.82,529.6630555555555,18-25,0,38,47,1,507,0,-2.4704755353061074,-1.3957074753179104,0
AC00398,1159.39,Debit,Oklahoma City,M091,Online,150.0,1.0,6499.53,173.135,388.65043981481483,36-50,1,28,90,2,218,2,-0.10590122847773867,-0.5077883220527807,0
AC00221,170.24,Debit,San Francisco,M050,Branch,133.0,1.0,5172.99,47.167,517.6554629629629,51-65,1,37,49,1,440,3,1.0099408748690992,0.4821188035948254,0
AC00299,56.62,Debit,Austin,M069,Branch,121.0,1.0,8981.1,48.31,615.5896875,51-65,1,2,68,1,443,3,1.1652837693764995,0.9488519692487619,0
AC00266,53.14,Debit,Las Vegas,M062,ATM,70.0,1.0,7915.0,115.96,562.6161921296297,26-35,1,19,61,0,54,1,-0.539056024214575,1.2550256606035688,0
AC00297,587.23,Debit,Omaha,M007,Online,144.0,1.0,500.84,50.202,461.59366898148147,26-35,1,29,6,2,454,1,-1.7153126274061354,-0.8275546652350713,0
AC00373,146.15,Debit,Phoenix,M098,Branch,75.0,1.0,13784.4,60.166,667.5936111111112,36-50,1,31,97,1,483,2,0.6428101980501143,1.0213656595376575,0
AC00489,21.27,Credit,Indianapolis,M070,Online,114.0,1.0,7392.79,197.23,468.6309606481482,51-65,0,16,69,2,287,3,1.5003850001400592,-1.8799248839982952,0
AC00128,1397.59,Credit,Austin,M020,ATM,144.0,1.0,1134.79,4.134,356.6100231481482,26-35,0,2,19,0,417,1,-1.5619478880013375,-0.8386883667935193,1
AC00409,76.02,Credit,Albuquerque,M087,Online,189.0,1.0,14765.41,181.223,480.6344212962963,26-35,0,0,86,2,234,1,0.2489313835810772,-1.7757949554111414,0
AC00410,170.19,Credit,Los Angeles,M077,Branch,156.0,5.0,745.87,110.150,485.60506944444444,26-35,0,20,76,1,31,1,-1.2942349074256803,-1.5204036812188335,1
AC00360,155.51,Debit,Raleigh,M081,ATM,15.0,1.0,5360.19,199.103,440.5536689814815,65+,1,33,80,0,293,4,1.8424857228205438,1.3565800887478663,0
AC00422,135.15,Debit,Colorado Springs,M100,Online,50.0,1.0,5878.14,77.208,594.6232407407407,65+,1,7,99,2,521,4,1.9950296667971699,0.3374979270621879,0
AC00225,39.48,Debit,Omaha,M017,ATM,38.0,1.0,5889.51,152.234,527.6416550925926,51-65,1,29,16,0,151,3,0.9962022337342722,0.9867514491045358,0
AC00261,451.68,Debit,Houston,M072,Online,15.0,1.0,4381.54,210.160,565.5516087962963,26-35,1,15,71,2,329,1,-1.019321697834939,-0.22630654969521088,0
AC00468,19.11,Credit,Colorado Springs,M007,Online,160.0,1.0,8478.46,148.25,412.6532638888889,36-50,0,7,6,2,141,2,0.7079033475649461,-2.4452544813283494,0
AC00138,355.0,Credit,Fort Worth,M053,Online,33.0,1.0,185.47,115.241,432.6390856481481,26-35,0,13,52,2,52,1,-1.4143286915266005,-2.3312905011702454,0
AC00013,427.69,Debit,Raleigh,M088,ATM,236.0,1.0,2443.54,24.148,586.6734953703703,36-50,1,33,87,0,369,2,-0.47621859122790045,1.5802003895695893,0
AC00275,254.86,Debit,Boston,M013,Branch,102.0,1.0,699.9,59.127,647.6179745370371,18-25,1,4,12,1,475,0,-2.2753775909265617,0.46925097741443944,0
AC00125,19.48,Debit,Dallas,M002,ATM,114.0,1.0,4739.59,16.128,482.67202546296295,26-35,1,9,1,0,170,1,-1.1029732650980113,0.8504716362492608,0
AC00200,190.17,Debit,Baltimore,M043,ATM,265.0,1.0,12893.85,148.181,513.6024884259259,36-50,1,3,42,0,139,2,0.9344554987731097,1.2710693261541606,0
AC00213,91.38,Debit,Jacksonville,M013,ATM,179.0,1.0,2402.58,163.129,580.6422685185186,51-65,1,17,12,0,189,3,0.9508092298779266,1.1632700130194569,0
AC00035,206.63,Credit,Oklahoma City,M023,Online,128.0,1.0,7626.53,115.30,332.66644675925926,51-65,0,28,22,2,53,3,1.4594358716150457,-2.6076074990025497,0
AC00070,93.22,Debit,Charlotte,M030,Online,52.0,1.0,1014.63,70.130,576.6236805555556,51-65,1,5,29,2,511,3,0.3178204219771448,-0.2071568075553619,0
AC00275,547.98,Debit,Oklahoma City,M070,ATM,171.0,1.0,1358.54,79.227,376.6280092592593,26-35,1,28,69,0,527,1,-1.5895721406571757,1.171734703225295,0
AC00060,641.06,Debit,Colorado Springs,M099,ATM,25.0,1.0,1602.13,116.106,328.66542824074077,18-25,1,7,98,0,55,0,-1.9924082824270934,1.0831638931671472,0
AC00304,314.55,Credit,Dallas,M001,Branch,19.0,2.0,1105.89,40.192,558.6193171296296,26-35,0,9,0,1,419,1,-1.419022520002371,-1.493807802689178,0
AC00372,836.45,Debit,Virginia Beach,M043,Online,63.0,1.0,1731.89,156.134,615.67375,51-65,1,41,42,2,159,3,0.6218096311097908,-0.5035542738032847,0
AC00498,1095.09,Debit,San Francisco,M076,ATM,52.0,1.0,8692.47,91.103,566.614375,26-35,1,37,75,0,566,1,-0.9812334770171603,1.4015209600612215,0
AC00465,189.45,Credit,Boston,M008,Branch,62.0,1.0,12578.75,64.57,593.6232407407407,51-65,0,4,7,1,495,3,1.5755604204129219,-1.1298694195569023,0
AC00396,91.84,Credit,Mesa,M023,Branch,80.0,1.0,1712.41,28.120,487.61569444444444,65+,0,23,22,1,378,4,1.5561417928798542,-1.3063469596075936,0
AC00083,609.52,Debit,Washington,M076,ATM,169.0,1.0,3485.03,125.225,464.6700462962963,65+,1,42,75,0,77,4,1.9656904287048464,1.1970261019467008,0
AC00479,859.3,Credit,Colorado Springs,M066,Branch,68.0,1.0,1146.78,77.7,460.61726851851853,65+,0,7,65,1,523,4,1.8177288412194603,-0.9638267528315603,0
AC00091,100.01,Debit,Philadelphia,M061,ATM,63.0,1.0,6393.12,82.115,493.66847222222225,36-50,1,30,60,0,543,2,0.22109055629455499,1.3875261129164016,0
AC00024,28.78,Credit,Tucson,M096,Online,51.0,1.0,680.55,186.135,454.6691550925926,36-50,0,40,95,2,244,2,-0.45937855907247244,-1.9728876833914972,0
AC00366,111.08,Debit,Chicago,M064,Online,83.0,1.0,7037.34,175.230,538.6005324074074,65+,1,6,63,2,224,4,2.1332366026879215,-0.1287790736475339,0
AC00470,470.96,Credit,Indianapolis,M036,Online,124.0,2.0,12991.03,106.244,604.6590856481481,65+,0,16,35,2,22,4,2.7692459107955925,-2.09941093713271,1
AC00032,52.23,Credit,San Francisco,M016,Branch,96.0,1.0,105.01,154.138,419.58324074074073,26-35,0,37,15,1,153,1,-1.4243635992482329,-1.7948531070067377,0
AC00136,78.62,Debit,Oklahoma City,M084,Branch,52.0,1.0,1360.85,80.90,461.6400810185185,26-35,1,28,83,1,536,1,-1.3747851416619825,0.6022674801671292,0
AC00001,47.79,Debit,Denver,M034,Branch,37.0,1.0,1649.92,59.12,415.6330439814815,18-25,1,10,33,1,474,0,-2.0100084639322064,0.23291959301502194,0
AC00187,333.97,Debit,Fresno,M011,Branch,45.0,1.0,5237.36,98.39,592.6619328703704,51-65,1,14,10,1,588,3,0.6350722982415713,0.4915134418662242,0
AC00452,30.87,Debit,Fresno,M025,ATM,295.0,1.0,14348.65,34.92,480.63890046296297,26-35,1,14,24,0,400,1,-0.08310408041602756,1.1485751030112443,0
AC00036,710.43,Debit,San Diego,M007,Online,115.0,1.0,5625.55,189.198,606.6259375,65+,1,36,6,2,256,4,1.6843181213414953,-0.6110903150551396,0
AC00125,220.23,Debit,Milwaukee,M059,ATM,48.0,1.0,3438.02,19.20,412.5633101851852,36-50,1,25,58,0,260,2,-0.27994599368870554,1.092577502991796,0
AC00403,27.28,Debit,Atlanta,M070,ATM,96.0,1.0,10668.24,193.108,314.6520486111111,26-35,1,1,69,0,271,1,-0.4041065989697814,1.1430520266247337,0
AC00264,101.52,Debit,Tucson,M086,ATM,98.0,1.0,2018.9,63.82,452.6570949074074,36-50,1,40,85,0,493,2,-0.23858553680128705,1.407458327244456,0
AC00123,162.65,Debit,New York,M088,ATM,147.0,1.0,9500.95,112.86,542.622337962963,51-65,1,27,87,0,42,3,1.4577456120390102,1.447254809770438,0
AC00298,10.52,Debit,Kansas City,M019,ATM,30.0,1.0,2472.99,1.238,473.6057407407407,51-65,1,18,18,0,1,3,0.7275718981352316,0.8945046341024784,0
AC00235,270.72,Debit,Los Angeles,M027,Branch,37.0,1.0,6522.47,145.76,587.6157175925925,36-50,1,20,26,1,127,2,-0.09655590779831226,0.2679854799057282,0
AC00259,202.34,Debit,New York,M049,Online,134.0,1.0,1223.45,146.250,663.6523032407407,18-25,1,27,48,2,128,0,-2.2816048959525164,-0.4024891536388658,0
AC00329,247.58,Debit,San Antonio,M068,ATM,152.0,1.0,778.74,32.240,524.5602546296296,36-50,1,35,67,0,393,2,-0.7360868115694125,1.3486074440570763,0
AC00482,686.17,Debit,Denver,M030,ATM,96.0,1.0,2246.15,199.199,397.61125,51-65,1,10,29,0,294,3,0.7755039190170027,1.001928673486118,0
AC00020,359.65,Credit,Jacksonville,M085,Online,289.0,1.0,219.53,45.64,661.5903703703704,18-25,0,17,84,2,438,0,-2.187283490000982,-1.5666078728849422,0
AC00453,109.91,Debit,Seattle,M074,Branch,90.0,1.0,12896.06,173.135,552.6580439814815,36-50,1,39,73,1,218,2,0.467232847116038,0.5008159339072503,0
AC00367,215.72,Credit,Columbus,M032,Branch,137.0,1.0,8697.11,93.151,389.5883680555556,26-35,0,8,31,1,573,1,-0.598582839683392,-1.3508081153159965,0
AC00167,490.76,Debit,Columbus,M048,Online,156.0,1.0,6414.11,17.36,654.6538888888889,65+,1,8,47,2,208,4,1.8221833900666746,-0.10989219433039907,0
AC00110,224.28,Debit,Chicago,M068,Online,68.0,1.0,5767.51,189.20,627.6393402777778,51-65,1,6,67,2,257,3,1.259206918672625,-0.0014015208917231548,0
AC00078,614.03,Debit,Dallas,M086,ATM,51.0,1.0,2815.86,58.190,545.6465046296296,65+,1,9,85,0,473,4,1.5045332017973068,1.732675664960596,0
AC00212,608.79,Debit,Fort Worth,M015,Online,157.0,1.0,2991.17,158.129,366.56597222222223,51-65,1,13,14,2,167,3,0.6704995250202604,-0.8774936784639782,0
AC00051,186.55,Debit,Philadelphia,M003,Branch,288.0,1.0,224.65,60.166,501.63759259259257,36-50,1,30,2,1,483,2,-0.5008845498038319,0.1822257159776479,0
AC00250,840.16,Credit,Colorado Springs,M014,Branch,68.0,1.0,1236.76,23.163,594.6502199074074,18-25,0,7,13,1,365,0,-2.230306493947692,-1.3910087826494346,0
AC00304,203.34,Debit,Phoenix,M061,ATM,66.0,1.0,13586.99,69.82,319.6221412037037,51-65,1,31,60,0,507,3,1.8103852928639823,1.1385189539961469,0
AC00007,90.88,Debit,Colorado Springs,M071,ATM,284.0,1.0,7117.35,175.210,349.62658564814814,26-35,1,7,70,0,223,1,-0.9198233775727327,1.1653111962229838,0
AC00017,60.11,Credit,Albuquerque,M067,Branch,122.0,1.0,7235.87,8.243,342.603125,51-65,0,0,66,1,530,3,1.4410070608226286,-1.0510864126133688,0
AC00158,393.92,Debit,Memphis,M061,Branch,47.0,1.0,7318.64,141.169,537.6350925925926,65+,1,22,60,1,115,4,2.1927742648382273,0.5017439427605621,0
AC00110,19.39,Debit,Colorado Springs,M062,ATM,45.0,1.0,9847.6,201.95,352.6472685185185,36-50,1,7,61,0,305,2,0.4878560913138414,1.1749332472266154,0
AC00175,557.41,Credit,Washington,M087,Online,49.0,1.0,2968.75,194.29,569.6371643518519,65+,0,42,86,2,278,4,2.071040138359783,-1.776742965492798,0
AC00079,57.07,Credit,Boston,M027,Online,99.0,1.0,9323.71,116.175,436.6538541666667,26-35,0,4,26,2,56,1,-0.313133812466059,-2.3799174886061207,0
AC00403,395.27,Credit,Miami,M085,Online,167.0,1.0,1764.08,150.83,454.64547453703705,18-25,0,24,84,2,148,0,-2.1360106969516632,-2.1136790702776707,0
AC00228,289.05,Debit,New York,M088,ATM,116.0,1.0,5683.49,174.61,513.5930324074075,65+,1,27,87,0,221,4,2.104169680589046,1.5288551803254242,0
AC00344,46.11,Debit,San Francisco,M048,Online,233.0,1.0,5225.73,13.88,587.6273611111111,26-35,1,37,47,2,85,1,-0.9296945517677349,-0.5129311932049248,0
AC00466,335.5,Debit,Sacramento,M003,ATM,47.0,1.0,6445.4,107.247,447.6745486111111,51-65,1,34,2,0,23,3,1.3122846516096098,0.6624818958112678,0
AC00204,388.07,Debit,Seattle,M067,Online,68.0,1.0,289.71,44.197,425.60866898148146,18-25,1,39,66,2,431,0,-2.2834278552687053,-0.5804586069496561,0
AC00030,520.86,Credit,Sacramento,M017,Online,66.0,1.0,9200.74,179.132,594.6526041666667,51-65,0,34,16,2,229,3,1.1435782608094254,-2.245875190717611,0
AC00455,787.41,Debit,Memphis,M081,Online,39.0,1.0,300.87,150.25,503.6557407407407,18-25,1,22,80,2,147,0,-2.1810099580232007,-0.4713231299471191,0
AC00094,31.7,Credit,Raleigh,M074,ATM,121.0,1.0,743.9,113.134,521.6329745370371,36-50,0,33,73,0,44,2,-0.1317671108219863,-0.39317468812475836,0
AC00185,22.3,Debit,Philadelphia,M030,ATM,90.0,1.0,1200.35,133.63,552.6354282407408,18-25,1,30,29,0,91,0,-2.188309714883604,0.9390245244060266,0
AC00351,203.12,Debit,San Jose,M078,ATM,181.0,1.0,1562.39,77.21,655.6315625,51-65,1,38,77,0,522,3,0.3590480873493086,1.7345218182155275,0
AC00335,315.94,Credit,Raleigh,M024,Branch,172.0,1.0,7719.71,8.244,615.6286111111111,36-50,0,33,23,1,531,2,0.34408485263677385,-1.161034781584751,0
AC00409,192.23,Debit,Albuquerque,M058,Online,39.0,3.0,2610.67,167.164,311.6470949074074,51-65,1,0,57,2,201,3,0.7585892479038696,-0.6985832894371411,0
AC00312,1510.71,Debit,Oklahoma City,M060,Online,51.0,1.0,2060.02,193.209,507.639375,65+,1,28,59,2,273,4,1.2697215100894061,-0.46460090293554873,0
AC00097,0.26,Debit,Oklahoma City,M090,Online,173.0,1.0,1833.67,60.197,346.6617708333333,18-25,1,28,89,2,484,0,-2.215555890617902,-0.4063112895433693,0
AC00447,210.77,Debit,Mesa,M094,ATM,161.0,1.0,5396.65,144.91,522.6395949074074,65+,1,23,93,0,123,4,1.9688188968966662,1.5614693634494985,0
AC00280,406.65,Debit,Mesa,M062,ATM,107.0,1.0,12995.7,147.234,361.5682523148148,51-65,1,23,61,0,136,3,1.7298693236564187,1.0379239499986497,0
AC00023,422.9,Debit,Tucson,M027,ATM,111.0,1.0,7616.43,180.224,615.6631828703704,36-50,1,40,26,0,233,2,-0.05276331124848393,1.0900969876016313,0
AC00077,20.62,Credit,Philadelphia,M014,ATM,225.0,1.0,12500.8,184.59,501.6239699074074,26-35,0,30,13,0,242,1,-0.041458122796455214,-0.711428051406648,0
AC00113,174.39,Debit,San Francisco,M015,ATM,36.0,1.0,1127.08,98.255,664.6681597222222,18-25,1,37,14,0,587,0,-2.482175446936964,1.2040253353252026,0
AC00391,7.86,Credit,Sacramento,M053,Branch,91.0,1.0,3621.98,201.113,384.63930555555555,65+,0,34,52,1,303,4,2.1077372493964646,-1.336384677264128,0
AC00136,61.98,Debit,Denver,M038,Online,44.0,1.0,5212.28,20.147,670.5768634259259,36-50,1,10,37,2,298,2,0.15883340085325914,-0.17461886383678368,0
AC00204,54.85,Credit,San Francisco,M071,Branch,40.0,1.0,2727.45,214.67,425.66918981481484,51-65,0,37,70,1,341,3,0.8569268854502055,-1.2272613570477133,0
AC00089,204.7,Debit,Oklahoma City,M032,Branch,95.0,5.0,5117.03,141.201,409.66835648148145,36-50,1,28,31,1,116,2,0.2639163941878353,-0.23687070783695555,0
AC00305,16.55,Debit,Tucson,M009,Branch,159.0,1.0,6089.79,214.32,419.62663194444445,26-35,1,40,8,1,340,1,-1.1273663181356115,-0.10191711996634711,0
AC00338,91.32,Debit,Milwaukee,M056,Branch,77.0,1.0,2618.1,49.29,359.6420949074074,51-65,1,25,55,1,449,3,0.718390982660334,0.3374439977952781,0
AC00268,195.49,Debit,Memphis,M016,ATM,212.0,1.0,11988.12,147.227,510.6483333333333,26-35,1,22,15,0,135,1,-0.33446272058648735,0.9116596981673513,0
AC00363,49.62,Debit,Portland,M055,ATM,111.0,1.0,3841.42,19.228,332.6585185185185,51-65,1,32,54,0,261,3,0.767390197995105,0.9885633143797105,0
AC00316,487.16,Credit,Los Angeles,M077,Branch,84.0,1.0,321.21,156.96,671.6743981481482,26-35,0,20,76,1,163,1,-1.481802356402986,-0.9586478353337096,0
AC00167,405.6,Debit,Tucson,M031,Online,44.0,1.0,9754.73,36.77,453.6025810185185,36-50,1,40,30,2,406,2,0.06676579772470166,-0.7145578803856701,0
AC00405,512.95,Debit,Columbus,M066,Branch,143.0,1.0,9584.52,6.234,384.6260300925926,51-65,1,8,65,1,480,3,1.309782181151147,0.5253691604561549,0
AC00098,345.94,Debit,Portland,M100,ATM,163.0,1.0,7624.56,129.102,391.6102199074074,26-35,1,32,99,0,80,1,-0.7204969424064055,1.1664777746975064,0
AC00116,356.56,Debit,New York,M100,Online,52.0,1.0,2485.73,157.130,391.6170833333333,36-50,1,27,99,2,164,2,-0.12477373413722799,-0.3946638069956842,0
AC00267,10.31,Debit,Louisville,M054,Online,280.0,1.0,2137.9,74.58,660.6578472222222,36-50,1,21,53,2,518,2,-0.7515587378941174,-0.0060884474718279884,0
AC00447,211.69,Debit,Atlanta,M066,Branch,111.0,1.0,6412.85,200.13,380.6706365740741,26-35,1,1,65,1,299,1,-0.8297135443071969,0.3833781707517963,0
AC00042,221.49,Credit,Oklahoma City,M052,Branch,196.0,1.0,707.25,76.0,417.58365740740743,18-25,0,28,51,1,519,0,-2.1630790036214855,-1.351080517436922,0
AC00074,278.23,Debit,Fresno,M019,Online,83.0,1.0,8300.54,116.106,549.5973726851852,36-50,1,14,18,2,55,2,0.47935306138805034,-0.6477747880563526,0
AC00063,116.88,Debit,Memphis,M026,ATM,263.0,1.0,7717.34,23.163,396.625,36-50,1,22,25,0,365,2,0.21404558682489613,0.9891980981347861,0
AC00085,328.77,Credit,San Diego,M033,Online,247.0,1.0,6967.03,101.120,580.5906712962963,36-50,0,36,32,2,11,2,0.055851495737219405,-2.2824909695945226,0
AC00126,77.53,Debit,Louisville,M052,Branch,55.0,1.0,5158.6,203.245,467.58804398148146,51-65,1,21,51,1,311,3,0.8437053808611198,0.4177070702586585,0
AC00471,421.74,Debit,San Jose,M014,Online,103.0,1.0,12031.14,73.108,502.6272337962963,65+,1,38,13,2,515,4,2.2891190347066397,-0.5634822770754045,0
AC00304,313.69,Debit,Oklahoma City,M034,Branch,152.0,1.0,7093.68,53.131,604.6491898148148,65+,1,28,33,1,461,4,2.0460648951456717,0.6070925584589167,0
AC00242,411.72,Debit,Washington,M014,Branch,153.0,1.0,8539.86,166.41,502.5610185185185,26-35,1,42,13,1,197,1,-0.8174709169470344,-0.06300936215384784,0
AC00261,508.73,Debit,Chicago,M071,Branch,89.0,1.0,7640.57,172.184,478.6570949074074,51-65,1,6,70,1,217,3,1.2679481327505222,0.5658689136038121,0
AC00338,153.08,Debit,Omaha,M057,ATM,201.0,1.0,1292.21,130.29,342.6335763888889,18-25,1,29,56,0,86,0,-2.0418964973290823,0.8119991285811113,0
AC00292,23.01,Debit,Las Vegas,M090,Branch,166.0,1.0,5958.75,55.154,513.5667824074075,51-65,1,19,89,1,465,3,1.1802626647035181,0.8752267455333447,0
AC00024,69.28,Debit,Los Angeles,M070,Online,129.0,1.0,708.74,184.4,370.64903935185185,18-25,1,20,69,2,240,0,-2.05494192954744,-0.5929150820805766,0
AC00441,51.25,Credit,Austin,M044,Branch,66.0,1.0,1744.4,101.223,432.6636226851852,26-35,0,2,43,1,12,1,-1.1248874078123652,-1.4769870360129735,0
AC00412,407.65,Debit,Denver,M095,ATM,263.0,1.0,273.78,8.136,454.61878472222224,18-25,1,10,94,0,529,0,-2.266047739841344,1.5563982965182392,0
AC00315,459.25,Debit,Tucson,M043,Branch,59.0,1.0,130.76,28.149,530.643912037037,18-25,1,40,42,1,379,0,-2.296090504815058,0.21200498435153373,0
AC00120,301.56,Debit,Seattle,M011,Branch,118.0,1.0,10389.6,155.37,633.5996990740741,36-50,1,39,10,1,158,2,0.5785472594250235,0.18339166897750445,0
AC00462,17.67,Debit,San Diego,M061,Online,91.0,1.0,1048.18,21.97,495.59761574074076,51-65,1,36,60,2,327,3,0.7297600815915557,-0.35807188584739297,0
AC00481,5.29,Credit,San Francisco,M008,Online,132.0,1.0,12896.68,62.27,601.5741203703703,26-35,0,37,7,2,490,1,-0.20509181040242358,-2.1874877556171306,0
AC00166,401.37,Debit,Los Angeles,M031,Branch,251.0,1.0,8208.54,1.198,412.66206018518517,36-50,1,20,30,1,0,2,0.27191532291340015,-0.00021447529235500825,0
AC00438,145.4,Debit,Tucson,M044,Online,24.0,1.0,5244.49,49.174,486.5946064814815,36-50,1,40,43,2,447,2,-0.31220677010062703,-0.536842358829136,0
AC00090,556.34,Debit,Seattle,M031,Online,46.0,1.0,11935.14,59.127,381.64780092592594,36-50,1,39,30,2,475,2,0.259342826812479,-0.795758008803196,0
AC00041,34.31,Debit,Philadelphia,M094,ATM,251.0,1.0,1484.76,167.95,555.636087962963,18-25,1,30,93,0,203,0,-2.1157540092792098,1.4589572819478427,0
AC00141,780.59,Credit,Tucson,M058,Online,145.0,1.0,6513.34,191.25,494.58903935185185,18-25,0,40,57,2,266,0,-1.6357768592859772,-2.285579537655952,0
AC00410,282.65,Debit,Fort Worth,M012,ATM,161.0,1.0,13801.15,135.73,606.6015625,26-35,1,13,11,0,97,1,-0.007832373408509456,1.0520587662759533,0
AC00362,305.27,Debit,Las Vegas,M059,Online,147.0,1.0,12958.65,57.166,403.65547453703704,65+,1,19,58,2,470,4,2.5198816753982536,-0.3148815609659941,0
AC00315,185.81,Debit,Austin,M033,Online,116.0,1.0,9588.71,201.114,410.65288194444446,26-35,1,2,32,2,304,1,-0.4634708711700265,-0.6088273577727658,0
AC00092,66.01,Debit,Milwaukee,M042,Online,179.0,1.0,3475.99,49.172,394.5607175925926,36-50,1,25,41,2,446,2,-0.041828378692739726,-0.5505419366067321,0
AC00133,447.95,Debit,Tucson,M002,Branch,75.0,1.0,7544.4,19.20,662.6120833333333,26-35,1,40,1,1,260,1,-0.963675717939936,0.12679481157598527,0
AC00069,279.3,Debit,Oklahoma City,M079,ATM,48.0,1.0,1193.61,77.21,500.610625,18-25,1,28,78,0,522,0,-2.388680208698766,1.379758311634239,0
AC00498,26.75,Debit,Indianapolis,M096,Online,27.0,1.0,12063.77,131.41,545.6541319444444,26-35,1,16,95,2,88,1,-0.14533846776852244,-0.17601576814419093,0
AC00006,611.15,Debit,Detroit,M009,ATM,121.0,1.0,892.83,51.250,450.62283564814817,26-35,1,11,8,0,456,1,-1.634645744142181,0.921784608975105,0
AC00104,275.2,Debit,New York,M058,Online,81.0,1.0,1230.12,59.12,437.6223611111111,51-65,1,27,57,2,474,3,0.38230589322590464,-0.3857416138417031,0
AC00311,427.79,Debit,San Jose,M016,Branch,189.0,1.0,1479.67,203.99,621.6015277777777,18-25,1,38,15,1,312,0,-2.4551411020102707,0.16645715775672187,0
AC00144,469.13,Credit,San Antonio,M009,ATM,139.0,1.0,1265.28,63.191,335.59274305555556,51-65,0,35,8,0,491,3,0.4628408294092632,-0.8854193617289697,0
AC00157,102.81,Debit,Seattle,M074,Branch,47.0,1.0,3228.87,21.28,335.65633101851853,65+,1,39,73,1,326,4,1.9374838329653628,0.32988163302594203,0
AC00171,22.61,Debit,Seattle,M099,Online,145.0,1.0,1111.67,76.136,318.59077546296294,18-25,1,39,98,2,520,0,-2.3470455539523956,-0.44228581521409155,0
AC00374,68.28,Debit,Boston,M100,Online,293.0,1.0,3213.16,148.112,514.5516203703704,51-65,1,4,99,2,138,3,0.7691329958880226,0.026398413777226657,0
AC00219,33.65,Credit,New York,M067,Online,146.0,1.0,12719.93,49.31,412.6176041666667,51-65,0,27,66,2,450,3,1.9781517521623848,-1.9469885356027277,0
AC00405,362.68,Credit,Miami,M014,ATM,137.0,1.0,2040.77,172.111,657.5862384259259,51-65,0,24,13,0,216,3,0.8974729072874182,-0.4158085943037076,0
AC00075,73.23,Debit,San Francisco,M090,Branch,172.0,1.0,1309.85,66.226,499.6464699074074,18-25,1,37,89,1,501,0,-2.353893506740328,0.6082837139335221,0
AC00136,654.49,Credit,Austin,M060,Online,104.0,1.0,164.61,167.104,349.6507291666667,18-25,0,2,59,2,200,0,-1.985751393805545,-2.3177702006385776,0
AC00056,18.56,Credit,Memphis,M094,Branch,161.0,1.0,4230.37,41.82,559.6273032407407,36-50,0,22,93,1,426,2,0.13959774484277196,-0.756935318725963,0
AC00368,389.05,Debit,Dallas,M075,ATM,41.0,1.0,761.0,7.105,667.6085648148148,26-35,1,9,74,0,508,1,-1.6632831135960988,1.7322988350520074,0
AC00261,7.38,Debit,Houston,M076,Online,105.0,1.0,2923.83,156.96,599.6406597222223,65+,1,15,75,2,163,4,1.6155989657075247,-0.03349497841498969,0
AC00090,109.48,Debit,Baltimore,M008,Online,93.0,1.0,7372.47,17.36,496.6035185185185,51-65,1,3,7,2,208,3,1.3646784612098153,-0.5915791302662045,0
AC00297,66.91,Debit,Seattle,M047,ATM,85.0,1.0,871.1,51.196,643.5576620370371,36-50,1,39,46,0,455,2,-0.7562314544854746,1.4093518086952728,0
AC00144,335.48,Debit,Oklahoma City,M040,Branch,155.0,1.0,3023.16,107.247,612.6669791666667,36-50,1,28,39,1,23,2,-0.20853448904983174,0.3187929548656171,0
AC00207,38.14,Debit,Albuquerque,M026,Online,174.0,1.0,1119.21,113.134,311.6379513888889,18-25,1,0,25,2,44,0,-2.119523781073843,-0.9640276782212335,0
AC00443,1076.98,Debit,Detroit,M090,Branch,173.0,1.0,11833.73,49.31,319.5813425925926,51-65,1,11,89,1,450,3,1.5800131859337114,0.5058373358361848,0
AC00179,360.02,Debit,Dallas,M004,Online,68.0,1.0,6400.59,49.31,633.6526273148148,65+,1,9,3,2,450,4,1.8535635717655237,-0.3083315173190876,0
AC00175,567.71,Debit,Memphis,M086,Online,80.0,1.0,13884.24,6.204,636.5633912037038,51-65,1,22,85,2,479,3,1.8472235385200113,0.13253329165340502,0
AC00386,218.19,Debit,Austin,M078,ATM,185.0,1.0,620.83,165.35,530.653425925926,18-25,1,2,77,0,195,0,-2.3105145545132424,1.4225656447396808,0
AC00067,209.99,Debit,Denver,M014,ATM,40.0,1.0,1938.01,125.89,423.6196527777778,18-25,1,10,13,0,78,0,-2.1115920291268186,0.7073389060513133,0
AC00369,11.02,Debit,Tucson,M008,Branch,280.0,1.0,964.79,203.174,356.6486458333333,18-25,1,40,7,1,309,0,-2.3616876868578083,-0.24033980969936072,0
AC00257,83.43,Debit,New York,M012,Online,109.0,1.0,1870.16,23.255,523.6547685185185,51-65,1,27,11,2,366,3,0.5345151490367822,-0.5826110786093115,0
AC00059,344.97,Debit,Austin,M050,Online,106.0,1.0,5577.94,214.67,594.6102662037038,26-35,1,2,49,2,341,1,-0.858517269711496,-0.21601379793831552,0
AC00341,172.29,Debit,El Paso,M034,ATM,283.0,1.0,8700.8,72.128,643.6153125,36-50,1,12,33,0,513,2,-0.12430349443805691,1.5338981420478073,0
AC00357,195.54,Debit,Omaha,M039,Online,255.0,1.0,2794.66,161.195,475.66918981481484,51-65,1,29,38,2,182,3,0.7903676542901855,-0.5610978054315818,0
AC00455,101.23,Debit,Colorado Springs,M015,Online,87.0,1.0,6169.71,171.150,457.56436342592593,36-50,1,7,14,2,215,2,0.1826311409744761,-0.6806217559277217,0
AC00346,180.46,Debit,Fresno,M001,ATM,34.0,1.0,831.75,147.114,601.6561689814815,18-25,1,14,0,0,132,0,-2.0764456602355263,0.9128988805552714,0
AC00118,692.55,Debit,Charlotte,M058,Branch,109.0,1.0,2451.56,180.224,607.6393518518519,51-65,1,5,57,1,233,3,0.4773422505495687,0.6588320130491195,0
AC00275,147.31,Credit,Mesa,M005,Online,92.0,1.0,13625.52,100.4,510.62327546296297,26-35,0,23,4,2,10,1,0.13951555425686235,-2.540197964662288,0
AC00028,107.48,Debit,Los Angeles,M058,Branch,103.0,1.0,1379.39,120.32,635.6068171296296,18-25,1,20,57,1,71,0,-2.2055560845690785,0.4560173608552787,0
AC00179,1831.02,Credit,Columbus,M012,Online,83.0,1.0,11498.01,141.121,415.6105324074074,51-65,0,8,11,2,114,3,1.7455266127648408,-2.580911918643797,0
AC00090,81.51,Debit,Washington,M059,Branch,97.0,1.0,865.49,192.95,451.6645023148148,18-25,1,42,58,1,270,0,-2.1301256358184832,0.17596287494315,0
AC00367,365.48,Credit,Seattle,M082,Online,216.0,1.0,7147.4,44.197,531.5913888888889,65+,0,39,81,2,431,4,2.2833932372481125,-1.7206086936648401,0
AC00441,491.1,Credit,Houston,M067,Online,125.0,1.0,7833.85,175.210,517.6659143518518,26-35,0,15,66,2,223,1,-0.47048640303100764,-2.000790507369308,0
AC00266,452.8,Debit,Los Angeles,M034,Branch,151.0,1.0,4840.67,211.45,345.64054398148147,65+,1,20,33,1,333,4,2.2043203627776804,0.18396096137864704,0
AC00072,645.04,Debit,Memphis,M014,Branch,78.0,1.0,7361.47,10.191,317.6240046296296,65+,1,22,13,1,5,4,2.1751191512030994,-0.22496437491143567,0
AC00245,169.28,Debit,Philadelphia,M057,Branch,114.0,1.0,5128.44,218.238,587.5859722222223,36-50,1,30,56,1,349,2,-0.0692220950165207,0.5645066445652477,0
AC00119,88.42,Debit,El Paso,M096,ATM,91.0,1.0,12381.45,37.143,382.65342592592594,51-65,1,12,95,0,407,3,1.8432429937158759,1.5357996763734245,0
AC00061,155.53,Debit,Baltimore,M041,ATM,66.0,1.0,4008.05,77.21,590.627824074074,26-35,1,3,40,0,522,1,-1.225062628980754,1.4689776898494644,0
AC00080,991.82,Debit,Milwaukee,M042,Online,300.0,1.0,3493.13,62.152,335.6624074074074,36-50,1,25,41,2,488,2,-0.4046207388885953,-0.7038168280303891,0
AC00254,39.24,Debit,Dallas,M095,ATM,106.0,1.0,6462.41,214.67,355.56789351851853,65+,1,9,94,0,341,4,2.3451698063160826,1.5245400761801668,0
AC00218,152.01,Debit,Fort Worth,M095,ATM,111.0,3.0,4625.12,80.75,619.6453587962963,36-50,1,13,94,0,535,2,-0.21368907558198025,1.7519099392089934,0
AC00268,78.77,Credit,Las Vegas,M085,ATM,50.0,1.0,6470.57,64.15,545.5622916666666,36-50,0,19,84,0,494,2,0.3225707396377438,0.017012602041125566,0
AC00460,26.5,Debit,Indianapolis,M063,Online,179.0,1.0,4854.83,9.230,634.6419560185185,36-50,1,16,62,2,564,2,-0.021933285505484353,0.06954725043665469,0
AC00257,83.62,Debit,Raleigh,M069,ATM,146.0,1.0,12652.22,202.21,500.6207986111111,36-50,1,33,68,0,307,2,0.7970108155644148,1.3309720713494706,0
AC00398,142.78,Debit,San Diego,M021,Branch,150.0,1.0,11705.88,80.75,544.646875,65+,1,36,20,1,535,4,2.302764684407715,0.43819820936698844,0
AC00162,55.99,Debit,El Paso,M037,ATM,95.0,1.0,932.61,215.97,356.66037037037034,26-35,1,12,36,0,342,1,-1.1943193000551984,0.9652298846643222,0
AC00015,774.48,Debit,Louisville,M013,Branch,31.0,1.0,11613.58,76.136,608.66375,51-65,1,21,12,1,520,3,1.521408058406291,0.4300649116692567,0
AC00462,105.37,Debit,Sacramento,M043,ATM,160.0,1.0,1068.55,164.75,542.5683333333334,18-25,1,34,42,0,192,0,-2.1187711639813704,1.052716200812287,0
AC00218,118.83,Debit,Virginia Beach,M039,Online,295.0,1.0,1616.3,190.251,496.6653125,26-35,1,41,38,2,264,1,-1.5236467077216624,-0.6478434059145578,0
AC00217,46.22,Debit,San Jose,M049,Branch,217.0,1.0,471.28,49.31,356.6443287037037,18-25,1,38,48,1,450,0,-2.2836716420107117,0.10496378616114768,0
AC00460,659.71,Credit,San Jose,M052,Branch,148.0,1.0,106.86,150.83,548.6660648148148,18-25,0,38,51,1,148,0,-2.290481893012077,-1.4613198643274912,0
AC00068,377.97,Debit,Miami,M028,Online,160.0,1.0,2457.1,138.87,352.63953703703703,65+,1,24,27,2,108,4,1.7507915422023788,-0.8234459766214082,0
AC00214,114.1,Debit,Boston,M024,Branch,148.0,1.0,5882.12,65.149,531.6015856481481,65+,1,4,23,1,498,4,1.8809747990721932,0.592479041442037,0
AC00266,11.3,Credit,Louisville,M044,Online,41.0,1.0,1938.99,10.191,338.64979166666666,51-65,0,21,43,2,5,3,0.8472160124410894,-2.4580640578412125,0
AC00193,95.5,Debit,Omaha,M031,Online,17.0,1.0,4079.09,177.116,531.6557523148148,51-65,1,29,30,2,226,3,0.8430786503832606,-0.5454574127059717,0
AC00132,130.93,Credit,Houston,M061,Branch,149.0,1.0,860.12,193.221,634.6382986111112,26-35,0,15,60,1,275,1,-1.4122964476569364,-0.9827884839019678,0
AC00241,272.97,Debit,Boston,M033,Online,174.0,1.0,7811.31,66.226,566.5617361111111,65+,1,4,32,2,501,4,1.9976785377418063,-0.1346793950934698,0
AC00015,73.35,Debit,San Francisco,M093,Branch,47.0,1.0,1181.84,9.230,601.6500925925926,18-25,1,37,92,1,564,0,-2.2396829528372852,0.8000343834545184,0
AC00352,29.94,Debit,San Francisco,M063,ATM,243.0,1.0,10915.54,3.77,387.6596412037037,51-65,1,37,62,0,386,3,1.4621912278102855,1.205149325792697,0
AC00396,307.24,Debit,San Jose,M096,ATM,136.0,2.0,1670.72,17.87,367.66945601851853,18-25,1,38,95,0,209,0,-2.2383784532209043,1.0196478090246401,0
AC00174,50.52,Debit,Boston,M029,Online,140.0,1.0,1121.19,151.247,384.65246527777776,18-25,1,4,28,2,149,0,-2.1402543108647123,-0.8054995483006838,0
AC00024,820.46,Credit,Fort Worth,M041,Online,243.0,1.0,5621.86,89.21,580.6580439814815,51-65,0,13,40,2,561,3,0.7505413550089622,-1.8163760730780878,0
AC00250,153.07,Debit,Detroit,M034,ATM,116.0,1.0,8873.43,92.214,580.5653819444444,51-65,1,11,33,0,569,3,1.1545111982428202,1.5049855349280592,0
AC00373,52.94,Debit,Tucson,M052,Branch,146.0,1.0,6990.92,98.255,510.60744212962965,36-50,1,40,51,1,587,2,-0.10511063245067337,0.4973446118734496,0
AC00030,384.41,Debit,Jacksonville,M093,ATM,65.0,1.0,7831.56,168.55,566.6366203703703,51-65,1,17,92,0,206,3,1.2931392232457968,1.6186959192050883,0
AC00422,235.42,Debit,Phoenix,M060,Branch,175.0,1.0,6173.23,105.87,482.56717592592594,51-65,1,31,59,1,20,3,0.843189232857473,0.28710028920618696,0
AC00229,114.23,Debit,Dallas,M089,ATM,64.0,1.0,9523.72,106.244,515.6046875,51-65,1,9,88,0,22,3,1.4374338921378864,1.4839693094727893,0
AC00002,12.62,Debit,El Paso,M068,Branch,61.0,1.0,6420.47,93.160,548.6481365740741,26-35,1,12,67,1,574,1,-0.8443742588635854,0.7545553269574734,0
AC00227,997.37,Debit,Fort Worth,M053,ATM,145.0,1.0,1146.09,32.71,317.5717824074074,18-25,1,13,52,0,394,0,-2.236370450564361,0.8955477282934946,0
AC00393,373.52,Debit,Colorado Springs,M026,ATM,235.0,1.0,6430.41,219.31,405.65825231481483,26-35,1,7,25,0,354,1,-0.747869585163824,1.0019325671024906,0
AC00042,336.05,Debit,San Antonio,M019,Branch,164.0,1.0,1635.05,89.237,559.6207754629629,26-35,1,35,18,1,562,1,-1.6218848310090084,0.28827661264624477,0
AC00111,366.93,Debit,Houston,M078,Online,33.0,1.0,6697.79,45.182,328.56149305555556,65+,1,15,77,2,435,4,1.9105786632187889,-0.3411942865680886,0
AC00178,112.27,Debit,Seattle,M007,Branch,102.0,1.0,7369.89,199.6,381.60868055555557,51-65,1,39,6,1,296,3,1.1628418683644242,-0.10000407494532074,0
AC00218,494.96,Debit,Sacramento,M067,ATM,132.0,1.0,6903.68,45.182,583.6485648148148,36-50,1,34,66,0,435,2,-0.16589813982506707,1.4387041408637042,0
AC00198,561.58,Debit,Sacramento,M022,Online,23.0,1.0,11748.86,170.154,499.60284722222224,51-65,1,34,21,2,210,3,1.8108725144698261,-0.7133788762024758,0
AC00060,440.94,Debit,San Antonio,M008,Online,148.0,1.0,7303.23,189.20,417.564525462963,36-50,1,35,7,2,257,2,0.04905453339532118,-0.9478546607709153,0
AC00397,71.9,Debit,Los Angeles,M013,Branch,51.0,1.0,10619.35,136.172,622.6551851851851,26-35,1,20,12,1,101,1,-0.4984770011176545,0.20244608261195685,0
AC00338,256.66,Credit,Raleigh,M045,Online,137.0,1.0,1794.5,101.223,475.624212962963,51-65,0,33,44,2,12,3,0.6677354691719639,-2.313536795892592,0
AC00101,166.55,Credit,Houston,M065,Branch,99.0,1.0,12970.21,148.25,479.5957407407407,51-65,0,15,64,1,141,3,1.951305393182613,-1.1554463059827327,0
AC00384,276.26,Debit,Louisville,M024,Branch,143.0,1.0,120.89,97.106,629.6298263888889,51-65,1,21,23,1,585,3,0.24671761732738742,0.6206181446371551,0
AC00368,35.46,Debit,Indianapolis,M073,ATM,164.0,1.0,5692.31,83.80,474.6472337962963,65+,1,16,72,0,549,4,1.771077768537895,1.6249151087445615,0
AC00233,38.14,Debit,Portland,M072,Branch,165.0,1.0,9879.87,160.212,576.6606018518519,36-50,1,32,71,1,176,2,0.6295026458200476,0.5828842371808726,0
AC00375,506.26,Credit,Baltimore,M014,ATM,86.0,1.0,6266.65,200.136,321.57344907407406,51-65,0,3,13,0,300,3,1.463071870192226,-0.7881691667011861,0
AC00277,736.32,Debit,Indianapolis,M054,Online,28.0,1.0,14268.95,64.15,571.6279745370371,26-35,1,16,53,2,494,1,-0.23937757759947614,-0.2740072620365955,0
AC00202,389.43,Credit,Austin,M005,ATM,151.0,1.0,6449.83,10.144,342.5896990740741,51-65,0,2,4,0,4,3,1.1282657538820016,-0.9633871990754013,0
AC00142,25.58,Debit,Omaha,M048,ATM,166.0,1.0,6741.41,194.29,353.6479976851852,51-65,1,29,47,0,278,3,1.213818006439312,1.0264037663926127,0
AC00178,446.1,Debit,Seattle,M068,ATM,243.0,1.0,1008.44,78.69,411.5994328703704,18-25,1,39,67,0,526,0,-2.2610119006495526,1.1453313118315744,0
AC00130,147.74,Debit,Raleigh,M034,Branch,15.0,1.0,1711.78,12.246,425.63902777777776,18-25,1,33,33,1,67,0,-2.0216362291780974,-0.11129013145264922,0
AC00018,1228.81,Debit,San Francisco,M034,ATM,254.0,1.0,1821.0,63.191,622.6475578703704,26-35,1,37,33,0,491,1,-1.819332409747223,1.1843147642270822,0
AC00293,46.23,Debit,Fresno,M015,Online,282.0,1.0,5107.75,34.86,524.6002314814815,65+,1,14,14,2,399,4,2.084670616599159,-0.3660807693748918,0
AC00449,265.37,Debit,Washington,M013,Branch,77.0,1.0,5229.95,173.252,527.5923958333333,26-35,1,42,12,1,220,1,-0.9674379203628896,-0.014668006180154762,0
AC00496,342.57,Debit,Boston,M100,Online,91.0,1.0,339.16,64.15,639.6248958333333,18-25,1,4,99,2,494,0,-2.4120394103396783,0.19037865730290718,0
AC00370,417.26,Credit,New York,M049,Online,45.0,1.0,10442.48,17.36,615.6322800925926,26-35,0,27,48,2,208,1,-0.358768013020544,-2.053868862949418,0
AC00341,33.63,Debit,Columbus,M024,Online,76.0,1.0,4324.4,141.241,366.63939814814813,51-65,1,8,23,2,117,3,1.2152888981312815,-0.7555412330849971,0
AC00400,64.58,Debit,El Paso,M056,Branch,173.0,1.0,6292.29,21.190,335.58677083333333,51-65,1,12,55,1,325,3,1.021759843350231,0.3268273132622401,0
AC00301,23.23,Credit,Miami,M064,Branch,122.0,1.0,269.01,156.96,563.6492476851852,18-25,0,24,63,1,163,0,-2.1563487982127274,-1.2126539800597393,0
AC00249,160.52,Credit,Jacksonville,M034,ATM,112.0,1.0,5379.25,98.255,454.6617361111111,65+,0,17,33,0,587,4,2.2523374985507987,-0.28730557062915457,0
AC00239,278.88,Debit,Kansas City,M001,Branch,179.0,2.0,1334.09,184.185,401.63645833333334,51-65,1,18,0,1,239,3,0.8405585373337153,-0.08435637109188596,0
AC00419,285.49,Credit,Charlotte,M071,Branch,109.0,1.0,6366.84,41.82,450.5625462962963,51-65,0,5,70,1,426,3,1.0265666812725565,-0.9848598761170705,0
AC00435,71.87,Debit,Nashville,M057,ATM,258.0,1.0,1839.1,110.247,657.5896412037036,18-25,1,26,56,0,34,0,-2.136093565230542,1.2989708338651083,0
AC00012,308.8,Debit,Baltimore,M018,ATM,41.0,1.0,3966.54,65.164,313.6674537037037,51-65,1,3,17,0,499,3,0.6897290116943682,0.956814110905731,0
AC00438,135.35,Debit,Houston,M098,Branch,82.0,1.0,9983.36,218.54,464.55871527777776,26-35,1,15,97,1,350,1,-0.43076223557469684,0.6835099574749193,0
AC00345,288.43,Debit,Phoenix,M075,Branch,72.0,1.0,4577.09,7.105,545.6466087962963,65+,1,31,74,1,508,4,1.573767492703085,0.7647556496662359,0
AC00026,147.46,Credit,Albuquerque,M071,Online,205.0,1.0,7458.03,78.69,388.63409722222224,51-65,0,0,70,2,526,3,1.5694547253461169,-1.7713038257233193,0
AC00416,214.15,Debit,Detroit,M064,Branch,217.0,1.0,6397.29,210.228,370.62714120370373,26-35,1,11,63,1,330,1,-0.8166073046163382,0.3406865623666128,0
AC00272,71.34,Debit,Miami,M021,Online,144.0,3.0,6345.03,188.225,433.6734143518519,36-50,1,24,20,2,252,2,0.32012966644668356,-0.8564561275233686,0
AC00468,170.36,Debit,Indianapolis,M091,ATM,118.0,1.0,6034.73,133.63,587.6339699074074,26-35,1,16,90,0,91,1,-0.8989086575132976,1.5067507259927162,0
AC00040,965.66,Debit,Raleigh,M009,ATM,32.0,1.0,765.81,81.102,321.61576388888886,51-65,1,33,8,0,538,3,0.20481386102071444,0.690938324163484,0
AC00302,736.53,Debit,Philadelphia,M065,ATM,120.0,1.0,9826.26,219.193,543.628125,51-65,1,30,64,0,352,3,1.1669848059143528,1.371529416802516,0
AC00271,213.42,Debit,Columbus,M052,ATM,17.0,1.0,3736.38,133.67,465.6119444444444,36-50,1,8,51,0,92,2,-0.018714818901571582,1.135388327045785,0
AC00495,94.09,Debit,Miami,M042,Branch,203.0,1.0,646.85,116.237,418.6516203703704,26-35,1,24,41,1,57,1,-1.501139685157247,0.04833412879854898,0
AC00246,91.23,Debit,Boston,M003,ATM,86.0,1.0,6385.12,32.240,538.6629050925926,65+,1,4,2,0,393,4,2.0788609981118817,1.2365612231562342,0
AC00139,263.92,Credit,San Diego,M074,Branch,233.0,1.0,4161.71,32.240,466.5929282407407,51-65,0,36,73,1,393,3,0.859544407944734,-1.0965738992611467,0
AC00298,77.5,Credit,Fort Worth,M061,Online,201.0,1.0,11079.77,198.166,530.6412037037037,51-65,0,13,60,2,289,3,1.4124933057205415,-1.8326153106255412,0
AC00246,3.65,Debit,Miami,M098,Online,146.0,1.0,10017.11,21.28,629.598900462963,65+,1,24,97,2,326,4,2.283574576917592,0.21319613157479214,0
AC00323,43.88,Credit,Seattle,M038,Online,251.0,1.0,1644.09,139.23,356.60050925925924,26-35,0,39,37,2,109,1,-1.3498047637543942,-2.5815405181797946,0
AC00310,591.98,Debit,El Paso,M069,ATM,132.0,1.0,387.65,7.146,555.6496990740741,26-35,1,12,68,0,509,1,-1.6866536592358283,1.5038784538070245,0
AC00083,224.79,Debit,Boston,M063,Online,129.0,1.0,528.38,3.11,439.64989583333335,18-25,1,4,62,2,382,0,-2.372628909707927,-0.4007292608953299,0
AC00222,64.3,Debit,Louisville,M015,ATM,67.0,1.0,7530.3,219.98,426.60784722222223,51-65,1,21,14,0,356,3,1.0948305534437297,0.9741668221061752,0
AC00459,111.79,Debit,Jacksonville,M056,Online,49.0,1.0,10887.59,110.235,313.6049884259259,51-65,1,17,55,2,32,3,1.8314110114405875,-0.7291110264094619,0
AC00091,927.16,Debit,San Francisco,M013,ATM,153.0,1.0,7104.61,84.237,594.6405092592593,51-65,1,37,12,0,550,3,0.9146409273039041,1.1652675542727466,0
AC00122,613.7,Credit,Fort Worth,M055,Branch,37.0,1.0,7307.11,86.83,620.6089930555555,51-65,0,13,54,1,556,3,1.2689193829010073,-0.8377062513480645,0
AC00432,26.07,Debit,Baltimore,M061,Branch,19.0,3.0,349.98,194.174,598.6317939814815,18-25,1,3,60,1,277,0,-2.250620521688579,0.4851026826289379,0
AC00218,170.45,Debit,San Francisco,M026,Branch,199.0,1.0,2284.41,50.202,668.6336574074074,51-65,1,37,25,1,454,3,0.5891740159793385,0.5686740072515376,0
AC00294,344.27,Debit,San Antonio,M031,Branch,123.0,1.0,1918.36,214.125,411.6155439814815,18-25,1,35,30,1,338,0,-2.174797093840054,-0.021835072532893653,0
AC00407,872.72,Debit,Washington,M033,Online,288.0,1.0,503.01,216.79,559.6413425925925,18-25,1,42,32,2,346,0,-2.479986530117192,-0.6713855891051616,0
AC00480,292.95,Debit,Memphis,M055,Branch,56.0,1.0,1216.91,221.169,626.6583564814815,36-50,1,22,54,1,360,2,-0.734777278183457,0.6166340867129925,0
AC00367,28.44,Debit,Fresno,M047,ATM,243.0,1.0,1071.04,200.164,430.6009837962963,18-25,1,14,46,0,301,0,-2.331715586689939,1.0861265924958916,0
AC00324,209.02,Debit,El Paso,M008,ATM,74.0,1.0,187.9,97.4,611.6268865740741,18-25,1,12,7,0,586,0,-2.4340700939403708,1.2206089864308678,0
AC00253,20.05,Debit,Chicago,M018,ATM,171.0,1.0,7145.67,164.75,340.60010416666665,65+,1,6,17,0,192,4,2.25975701546279,0.9404523411392217,0
AC00344,175.02,Debit,Phoenix,M092,Online,71.0,1.0,1493.88,105.6,573.6565740740741,26-35,1,31,91,2,19,1,-1.4015278287672968,-0.30667006837804006,0
AC00153,89.5,Credit,Louisville,M020,Branch,134.0,1.0,8658.95,166.79,440.6575810185185,36-50,0,21,19,1,199,2,0.36613474304787724,-1.5615966683606688,0
AC00016,69.96,Debit,Baltimore,M060,Branch,31.0,1.0,164.12,184.146,384.6008449074074,26-35,1,3,59,1,238,1,-1.4549617118221625,0.2952946509641396,0
AC00291,146.51,Debit,Albuquerque,M097,ATM,68.0,1.0,7089.9,219.98,648.6238657407407,51-65,1,0,96,0,356,3,0.9703548608710444,1.9540441582494785,0
AC00362,376.78,Credit,Nashville,M061,Online,88.0,1.0,841.65,81.248,447.6129050925926,18-25,0,26,60,2,541,0,-2.2221616304864726,-2.09467075995381,0
AC00202,148.54,Credit,Columbus,M048,Branch,107.0,1.0,5677.05,145.179,317.65736111111113,65+,0,8,47,1,125,4,2.2416112978523093,-1.4414213422205366,0
AC00163,388.77,Credit,Jacksonville,M065,Online,30.0,1.0,1658.49,49.20,328.6346875,26-35,0,17,64,2,448,1,-1.3750687784997095,-2.2274343883553906,0
AC00123,100.38,Debit,Seattle,M060,Branch,49.0,1.0,10171.68,71.93,342.59586805555557,51-65,1,39,59,1,512,3,1.5838937583770027,0.3054402573154378,0
AC00054,137.23,Debit,Fresno,M084,Branch,63.0,1.0,13847.99,82.51,576.6377199074074,51-65,1,14,83,1,544,3,1.9544511287908353,0.9797713088452694,0
AC00172,870.3,Debit,San Jose,M003,ATM,229.0,1.0,3688.98,143.212,433.5918402777778,51-65,1,38,2,0,121,3,0.4591527324318932,0.6237481966010211,0
AC00176,458.94,Debit,Detroit,M076,Branch,180.0,1.0,5619.95,151.247,474.58486111111114,51-65,1,11,75,1,149,3,0.8128733637905556,0.5365108257626668,0
AC00093,327.35,Credit,Memphis,M059,Branch,175.0,1.0,342.08,19.111,405.5571875,18-25,0,22,58,1,259,0,-2.216214343624844,-1.4489962165963346,0
AC00310,757.15,Debit,Raleigh,M085,Online,38.0,1.0,4702.86,200.13,656.6353935185185,51-65,1,33,84,2,299,3,0.6048712339974005,-0.05640319827716031,0
AC00127,5.64,Debit,Boston,M064,Online,47.0,1.0,12703.24,77.208,606.6344907407407,51-65,1,4,63,2,521,3,1.7074678225739766,0.10728884494772054,0
AC00286,47.23,Credit,Memphis,M034,Online,160.0,1.0,6659.81,188.225,458.5779050925926,65+,0,22,33,2,252,4,2.294248482145218,-2.131696976682097,0
AC00497,239.41,Credit,Baltimore,M064,Online,248.0,1.0,7860.65,145.246,368.6135763888889,36-50,0,3,63,2,126,2,0.38125271342755584,-2.144673823936733,0
AC00475,7.48,Debit,San Antonio,M025,ATM,29.0,1.0,1275.2,27.93,489.6430671296296,51-65,1,35,24,0,377,3,0.4497856688226208,1.0617546667532236,0
AC00470,170.97,Debit,Nashville,M044,Branch,292.0,1.0,1265.27,187.52,552.6273263888888,26-35,1,26,43,1,249,1,-1.6136340650999268,0.3645026139293969,0
AC00245,262.43,Credit,San Diego,M046,Online,274.0,5.0,12841.01,172.184,509.61171296296294,36-50,0,36,45,2,217,2,0.5731986763458669,-2.4361745774457018,1
AC00480,659.15,Debit,Boston,M014,ATM,204.0,1.0,1241.59,78.69,642.6694560185185,18-25,1,4,13,0,526,0,-2.355558231497814,1.3010043069065622,0
AC00011,31.53,Debit,Kansas City,M095,Online,283.0,1.0,874.93,37.143,319.6189699074074,18-25,1,18,94,2,407,0,-2.097542341980562,-0.3734920175369289,0
AC00362,111.66,Credit,Washington,M068,Online,140.0,1.0,5716.72,62.251,515.5757407407407,36-50,0,42,67,2,489,2,0.18123735485019407,-1.9156118619835307,0
AC00015,250.01,Debit,Kansas City,M057,ATM,88.0,1.0,1541.48,157.47,363.6554976851852,51-65,1,18,56,0,166,3,0.837000842390282,1.0613053371537289,0
AC00112,554.15,Debit,Raleigh,M066,ATM,108.0,1.0,14817.22,151.247,565.6212268518518,36-50,1,33,65,0,149,2,1.0180345587619732,1.2746674082674085,0
AC00057,598.66,Credit,Charlotte,M032,Branch,222.0,1.0,2587.11,52.50,663.6388541666666,26-35,0,5,31,1,460,1,-1.2239825152322732,-1.0015886847255606,0
AC00393,28.38,Debit,Sacramento,M083,Branch,98.0,1.0,173.7,149.84,535.6560185185185,51-65,1,34,82,1,144,3,0.3995797901190259,0.5756823073864072,0
AC00233,16.8,Debit,San Diego,M021,ATM,94.0,1.0,11847.07,86.220,342.6305902777778,36-50,1,36,20,0,555,2,0.732091997538281,0.8866220686729488,0
AC00466,896.79,Debit,Dallas,M087,Online,168.0,1.0,11146.74,138.87,363.64636574074075,26-35,1,9,86,2,108,1,-0.3165328848978673,-0.529219101822152,0
AC00453,159.0,Debit,Las Vegas,M059,ATM,38.0,1.0,369.79,77.92,608.5861458333334,36-50,1,19,58,0,524,2,-0.39758844487136924,1.5807431435735102,0
AC00203,56.31,Credit,Houston,M042,Online,195.0,1.0,6396.08,18.72,403.59300925925925,65+,0,15,41,2,231,4,2.3745996337302477,-2.126329577821161,0
AC00228,203.99,Debit,Philadelphia,M073,Online,215.0,1.0,4840.31,213.15,653.6495023148149,51-65,1,30,72,2,336,3,0.6065345747425728,-0.012358608337514758,0
AC00131,50.99,Debit,Detroit,M003,Branch,76.0,1.0,1334.6,147.119,369.6422800925926,26-35,1,11,2,1,133,1,-1.3080135984756873,-0.18670410001997093,0
AC00247,101.28,Credit,Chicago,M023,Online,75.0,1.0,2774.35,81.222,438.57474537037035,26-35,0,6,22,2,540,1,-1.0624298447036549,-2.174005362641912,0
AC00425,299.92,Debit,Denver,M007,ATM,122.0,1.0,1368.0,201.113,391.5608564814815,26-35,1,10,6,0,303,1,-1.4813963820967488,0.7768421457724133,0
AC00123,77.54,Debit,Phoenix,M095,Online,73.0,1.0,4536.38,79.47,641.6233217592593,65+,1,31,94,2,528,4,1.6066611729201306,0.24770512279480697,0
AC00139,18.35,Debit,Nashville,M035,Branch,78.0,1.0,1293.39,83.80,412.6452199074074,18-25,1,26,34,1,549,0,-2.259391016297181,0.18949123386545377,0
AC00379,732.53,Credit,San Jose,M066,ATM,116.0,1.0,441.54,220.179,531.637662037037,26-35,0,38,65,0,358,1,-1.6535571664452926,-0.4346000122362728,0
AC00059,65.11,Debit,Nashville,M026,ATM,150.0,1.0,8485.14,223.32,423.63965277777777,26-35,1,26,25,0,364,1,-0.5830672617835259,0.9463692960982918,0
AC00233,67.07,Credit,Los Angeles,M048,ATM,56.0,1.0,999.62,89.237,517.6568518518518,18-25,0,20,47,0,562,0,-2.0723655329425257,-0.33694794420156676,0
AC00007,137.48,Debit,Seattle,M058,Branch,47.0,1.0,14273.42,66.255,342.60709490740743,51-65,1,39,57,1,503,3,1.6848139172544845,0.2723995812377346,0
AC00028,398.36,Debit,Columbus,M006,ATM,56.0,1.0,1863.7,80.58,495.63689814814813,18-25,1,8,5,0,534,0,-2.1960133495969556,1.0051153495668086,0
AC00428,469.46,Debit,New York,M068,ATM,149.0,1.0,8640.56,137.33,361.5729398148148,18-25,1,27,67,0,104,0,-1.5136044668203192,0.8904478956733944,0
AC00242,37.58,Debit,Indianapolis,M051,ATM,182.0,1.0,259.44,5.252,566.5761226851852,51-65,1,16,50,0,451,3,0.391835716399062,1.5229869199553463,0
AC00447,160.24,Debit,Washington,M019,ATM,15.0,1.0,5526.97,98.39,453.6266898148148,26-35,1,42,18,0,588,1,-1.0775330885792087,0.9306376425208057,0
AC00081,315.39,Credit,New York,M008,Branch,93.0,1.0,929.6,60.89,527.6358217592592,18-25,0,27,7,1,486,0,-2.157308840349957,-1.5133213570167798,0
AC00358,434.17,Debit,Atlanta,M010,ATM,148.0,5.0,5335.44,161.161,668.645613425926,18-25,1,1,9,0,179,0,-1.786544219680659,0.9095367964255769,1
AC00254,165.91,Debit,Jacksonville,M084,ATM,84.0,1.0,587.12,1.198,599.6035416666666,26-35,1,17,83,0,0,1,-1.53983906479559,1.4056896138526107,0
AC00241,211.36,Debit,San Francisco,M020,Branch,194.0,1.0,4760.34,223.189,416.62689814814814,36-50,1,37,19,1,363,2,-0.03398163564453912,0.0441394934515828,0
AC00140,241.45,Debit,Portland,M026,Online,158.0,1.0,1594.04,133.63,468.6709375,26-35,1,32,25,2,91,1,-1.4994249663808341,-0.8613082028105162,0
AC00132,23.24,Debit,Indianapolis,M054,Branch,129.0,1.0,13777.79,184.185,570.6453009259259,65+,1,16,53,1,239,4,2.663413392155515,0.6592395193498912,0
AC00035,70.88,Credit,Omaha,M087,Branch,176.0,1.0,1794.65,169.67,335.65818287037035,65+,0,29,86,1,207,4,1.8933166008698947,-1.2071015439200312,0
AC00172,1143.67,Debit,Atlanta,M048,Online,111.0,1.0,7677.76,184.4,370.66103009259257,65+,1,1,47,2,240,4,1.9625156079166244,-0.5648583905865152,0
AC00016,314.52,Debit,Memphis,M057,ATM,229.0,1.0,7071.32,146.69,594.6145949074074,65+,1,22,56,0,131,4,2.400425152127874,1.460139780892244,0
AC00382,181.81,Credit,Austin,M026,Online,122.0,1.0,7525.73,148.181,524.6660300925926,65+,0,2,25,2,139,4,2.6164638412442502,-2.0437721727248412,0
AC00413,854.64,Debit,Fort Worth,M038,Branch,118.0,1.0,2989.25,174.61,362.5497800925926,51-65,1,13,37,1,221,3,0.6683106633788468,0.09382311712228864,0
AC00297,261.19,Debit,Oklahoma City,M078,ATM,52.0,1.0,7620.6,88.55,661.6232175925926,51-65,1,28,77,0,559,3,1.2699804867455247,1.8088520629437106,0
AC00207,220.68,Credit,Raleigh,M050,Online,217.0,1.0,5549.2,194.29,391.5719907407407,65+,0,33,49,2,278,4,2.0646579893761605,-2.1881024245743794,0
AC00411,11.86,Debit,Sacramento,M054,Branch,129.0,1.0,6782.61,148.112,425.6425462962963,26-35,1,34,53,1,138,1,-0.7866428113526448,0.13409220399138616,0
AC00105,122.65,Debit,Columbus,M039,Online,41.0,1.0,1968.51,119.199,444.65277777777777,26-35,1,8,38,2,64,1,-1.2672590107378554,-0.7012026908515409,0
AC00002,395.16,Debit,Milwaukee,M059,Online,17.0,1.0,5340.73,165.38,468.66469907407406,51-65,1,25,58,2,196,3,0.9321840289122811,-0.48397554715694047,0
AC00410,704.69,Debit,Las Vegas,M089,Online,150.0,1.0,3267.84,50.202,474.61668981481483,51-65,1,19,88,2,454,3,0.4172837120853795,-0.12762947993536086,0
AC00492,369.89,Debit,San Antonio,M083,ATM,69.0,1.0,6941.47,186.54,382.6436458333333,65+,1,35,82,0,245,4,2.017501009492354,1.2366226609624162,0
AC00095,10.92,Debit,Jacksonville,M090,ATM,268.0,1.0,7567.2,88.55,380.597037037037,65+,1,17,89,0,559,4,1.9553347326115462,1.6175906139543643,0
AC00058,199.14,Debit,Seattle,M005,Branch,36.0,1.0,7001.25,187.199,459.6099884259259,26-35,1,39,4,1,247,1,-0.8330315931765138,-0.14330436395122592,0
AC00405,109.43,Debit,Denver,M054,ATM,140.0,1.0,1983.65,33.212,662.585,65+,1,10,53,0,395,4,1.522724227590166,1.7285249002736698,0
AC00258,304.15,Debit,Atlanta,M010,Branch,40.0,1.0,686.91,214.67,341.66716435185185,18-25,1,1,9,1,341,0,-2.23743407853731,-0.09530663200600564,0
AC00257,620.54,Credit,Omaha,M009,Branch,98.0,1.0,213.36,161.168,587.6532407407408,26-35,0,29,8,1,180,1,-1.5282196136199615,-1.5851034671471596,0
AC00317,757.79,Debit,Charlotte,M034,Online,117.0,1.0,1443.02,49.174,671.6515972222222,18-25,1,5,33,2,447,0,-2.302835465214454,-0.25746808422681006,0
AC00409,122.81,Debit,San Jose,M010,Branch,12.0,1.0,8450.84,136.162,376.66479166666664,51-65,1,38,9,1,100,3,1.1331168822951878,-0.2148209017761051,0
AC00337,96.25,Debit,Houston,M040,Online,171.0,1.0,7996.7,27.215,465.67008101851854,51-65,1,15,39,2,376,3,1.340173249244026,-0.38898968382914134,0
AC00273,1431.33,Debit,Charlotte,M075,ATM,49.0,1.0,5567.98,13.88,656.5961458333334,26-35,1,5,74,0,85,1,-1.0857000487269484,1.417476787704228,0
AC00056,142.55,Debit,Kansas City,M071,Online,97.0,1.0,1262.68,112.56,537.6400462962963,65+,1,18,70,2,40,4,1.4878102857611717,-0.2600074475993038,0
AC00259,35.94,Credit,Fresno,M050,Branch,141.0,1.0,1697.28,149.84,545.6573148148149,18-25,0,14,49,1,144,0,-1.9176846944769341,-1.2791711671900692,0
AC00102,24.86,Debit,Jacksonville,M007,Branch,292.0,1.0,2591.65,52.50,629.637824074074,51-65,1,17,6,1,460,3,0.6003132826293153,0.5276733595527824,0
AC00165,103.08,Debit,San Francisco,M009,Online,109.0,1.0,12002.16,147.114,355.6673148148148,51-65,1,37,8,2,132,3,1.7493128194863092,-1.0203473069636997,0
AC00455,116.27,Debit,Portland,M011,Online,94.0,1.0,8726.92,200.164,341.58846064814816,51-65,1,32,10,2,301,3,1.291888739251332,-0.9260106931168905,0
AC00030,363.84,Debit,Columbus,M048,Online,118.0,3.0,5415.64,26.240,381.60274305555555,65+,1,8,47,2,374,4,2.0693572259971544,-0.5484253844424807,0
AC00114,34.74,Credit,Portland,M075,Online,72.0,1.0,3736.57,161.71,555.6726041666667,51-65,0,32,74,2,184,3,1.0127171510911197,-1.8758630501357818,0
AC00331,64.01,Credit,Philadelphia,M061,Branch,240.0,1.0,1225.69,150.83,370.5792939814815,18-25,0,30,60,1,148,0,-2.1243542156938098,-1.552191694113444,0
AC00305,108.75,Debit,Houston,M097,ATM,23.0,4.0,14829.85,119.163,383.66733796296296,36-50,1,15,96,0,62,2,1.3144878874812045,1.09479962294358,1
AC00015,50.9,Credit,Jacksonville,M089,Online,150.0,1.0,1277.7,131.41,559.6611342592593,26-35,0,17,88,2,88,1,-1.2776240534425174,-1.8438810414634526,0
AC00270,206.84,Debit,Philadelphia,M010,Branch,154.0,1.0,454.66,79.227,417.5576736111111,18-25,1,30,9,1,527,0,-2.428963398631238,-0.008376176874214351,0
AC00063,37.4,Debit,Raleigh,M012,ATM,84.0,1.0,1519.51,195.226,460.59527777777777,18-25,1,33,11,0,281,0,-2.2363791393783052,0.7595147708184947,0
AC00087,154.21,Debit,Miami,M083,Online,75.0,1.0,8045.77,190.251,671.6729976851852,36-50,1,24,82,2,264,2,0.28473475834402967,0.021105310857386792,0
AC00130,199.37,Debit,Chicago,M083,Online,79.0,1.0,1331.3,198.24,493.60373842592594,18-25,1,6,82,2,290,0,-2.0505232031648326,-0.24119468455718493,0
AC00324,410.49,Credit,Atlanta,M071,Branch,134.0,1.0,1843.57,70.130,467.64122685185185,18-25,0,1,70,1,511,0,-1.9303901512239032,-1.0326883517963743,0
AC00220,1360.01,Credit,Phoenix,M096,Branch,218.0,1.0,6601.5,5.252,405.6392939814815,65+,0,31,95,1,451,4,1.8221159152044308,-1.0594043663109973,0
AC00257,18.23,Debit,Nashville,M064,ATM,28.0,1.0,8422.2,193.217,592.6110763888889,51-65,1,26,63,0,274,3,1.2038625130258005,1.4787448227734297,0
AC00141,398.7,Debit,Albuquerque,M006,ATM,276.0,1.0,7987.74,198.39,433.67144675925925,36-50,1,0,5,0,291,2,0.3376602058007439,0.9736045595260912,0
AC00422,122.14,Debit,Omaha,M071,Online,155.0,1.0,327.68,57.141,622.6580555555555,18-25,1,29,70,2,469,0,-2.383282700816147,-0.1367430550836369,0
AC00334,378.2,Debit,Mesa,M008,Branch,167.0,1.0,7372.81,21.122,664.6238657407407,36-50,1,23,7,1,323,2,-0.08155946283464034,0.3668254642394292,0
AC00175,124.74,Debit,Los Angeles,M038,ATM,33.0,1.0,2987.97,39.163,342.64927083333333,36-50,1,20,37,0,414,2,-0.032556994459097974,0.9786451285309056,0
AC00380,17.1,Debit,Albuquerque,M019,ATM,101.0,1.0,1619.54,209.214,314.6354050925926,51-65,1,0,18,0,322,3,0.5496488127548715,0.9280557044184772,0
AC00118,287.05,Debit,Milwaukee,M058,ATM,212.0,1.0,1204.65,141.169,569.6737037037037,18-25,1,25,57,0,115,0,-2.210069435345949,1.186895156013266,0
AC00196,874.72,Debit,San Francisco,M085,Online,173.0,1.0,4630.58,200.164,611.6575231481481,26-35,1,37,84,2,301,1,-1.3305598760113744,-0.2291815491785196,0
AC00358,1762.28,Debit,Memphis,M066,ATM,150.0,1.0,1380.34,26.105,394.6702314814815,18-25,1,22,65,0,372,0,-2.315809878514886,0.9601210280947687,0
AC00465,40.12,Credit,Dallas,M016,ATM,269.0,1.0,14304.38,44.73,564.6301967592592,36-50,0,9,15,0,433,2,0.6176077641935308,-0.35097153054035907,0
AC00126,125.0,Credit,Indianapolis,M046,Online,177.0,1.0,3215.76,98.39,517.6608912037037,36-50,0,16,45,2,588,2,-0.0018536562125759238,-1.8566268746218348,0
AC00041,348.44,Debit,Baltimore,M034,Online,147.0,1.0,1022.94,175.166,363.5912152777778,18-25,1,3,33,2,222,0,-2.0571197501733813,-0.7833514528963866,0
AC00403,128.4,Debit,Tucson,M065,ATM,31.0,1.0,2610.64,48.31,594.6210300925926,65+,1,40,64,0,443,4,1.500819516822198,1.5324853930087692,0
AC00155,320.93,Debit,Atlanta,M026,Online,178.0,1.0,9451.66,115.241,500.6700462962963,51-65,1,1,25,2,52,3,1.35288671389548,-0.5533143803072539,0
AC00261,1.41,Debit,Sacramento,M084,ATM,278.0,1.0,1244.17,170.225,515.6316087962963,51-65,1,34,83,0,211,3,0.37109150732330853,1.4522838302328298,0
AC00480,50.52,Debit,Los Angeles,M065,Branch,293.0,1.0,12815.24,161.177,577.6691550925926,51-65,1,20,64,1,181,3,1.5388407211276063,0.6664117254771125,0
AC00291,383.95,Credit,San Diego,M068,Online,143.0,1.0,9933.56,39.129,410.5907407407407,26-35,0,36,67,2,413,1,-0.484764041347029,-2.163811019538028,0
AC00154,12.94,Debit,Fresno,M098,Branch,158.0,1.0,921.23,114.115,433.62628472222224,18-25,1,14,97,1,48,0,-2.0508472092424856,0.4566730629678944,0
AC00106,329.75,Debit,Sacramento,M064,Online,211.0,1.0,6009.43,160.160,314.60976851851854,51-65,1,34,63,2,175,3,0.9889205792170115,-0.7013767888462741,0
AC00378,981.76,Debit,Milwaukee,M040,Online,234.0,1.0,602.36,146.53,405.65472222222223,36-50,1,25,39,2,130,2,-0.503866528422641,-0.8098108083076037,0
AC00303,40.79,Debit,Milwaukee,M061,ATM,80.0,1.0,1769.33,177.116,352.6467592592593,18-25,1,25,60,0,226,0,-2.2062308747722,0.9262649797245346,0
AC00004,99.25,Credit,Phoenix,M048,Online,93.0,1.0,2570.34,17.87,496.63443287037035,51-65,0,31,47,2,209,3,1.0407241075292581,-2.1207896991369934,0
AC00157,150.6,Debit,Miami,M080,ATM,59.0,1.0,3240.14,7.146,566.6000810185185,65+,1,24,79,0,509,4,1.5836258274423658,1.7146637105826572,0
AC00434,29.5,Debit,San Antonio,M008,Online,129.0,1.0,1229.32,218.54,472.5717476851852,65+,1,35,7,2,350,4,1.5798939217994166,-0.6731523431863172,0
AC00438,54.34,Debit,Albuquerque,M035,ATM,46.0,1.0,8019.89,5.74,314.5890509259259,51-65,1,0,34,0,453,3,1.574439751923142,1.1175068488047302,0
AC00279,18.25,Debit,Kansas City,M076,ATM,18.0,1.0,14328.29,39.129,445.64400462962965,51-65,1,18,75,0,413,3,1.6892525051722802,1.4488611460174565,0
AC00458,633.87,Debit,Kansas City,M067,Online,175.0,1.0,330.16,159.37,331.66925925925926,26-35,1,18,66,2,169,1,-1.5796931995718,-0.7211679641975649,0
AC00166,81.15,Debit,Miami,M059,ATM,114.0,1.0,1595.26,156.173,625.6534143518519,18-25,1,24,58,0,160,0,-2.259332063712948,1.305287470788903,0
AC00129,83.95,Debit,New York,M015,Online,170.0,1.0,7413.18,60.89,508.6598611111111,65+,1,27,14,2,486,4,2.2001960084613796,-0.44339251721590134,0
AC00292,410.4,Credit,Virginia Beach,M021,ATM,78.0,1.0,2563.91,181.223,534.6731944444444,51-65,0,41,20,0,234,3,0.8717002809608982,-0.6616402398095599,0
AC00185,172.68,Debit,Baltimore,M031,ATM,17.0,1.0,10724.95,81.67,622.6667592592593,26-35,1,3,30,0,542,1,-0.4406080561280375,1.4666301257978327,0
AC00498,139.88,Debit,Colorado Springs,M024,ATM,162.0,1.0,2969.71,89.18,650.6680439814814,26-35,1,7,23,0,560,1,-1.2065912958496738,1.4762716150970798,0
AC00171,165.55,Debit,Dallas,M061,Branch,115.0,1.0,761.78,116.44,398.5744907407407,26-35,1,9,60,1,59,1,-1.3944746885165165,0.2030391424597496,0
AC00456,53.79,Credit,Philadelphia,M072,ATM,137.0,3.0,6229.36,101.223,334.67086805555556,51-65,0,30,71,0,12,3,1.1984850632101518,-0.7764314109324163,1
AC00459,285.69,Debit,Miami,M064,ATM,35.0,1.0,2552.54,141.169,333.57797453703705,51-65,1,24,63,0,115,3,0.9894295903130812,0.9902772608958822,0
AC00090,532.4,Debit,Jacksonville,M027,ATM,149.0,1.0,1033.73,141.121,437.6408449074074,18-25,1,17,26,0,114,0,-2.18851989562327,0.7867574722978719,0
AC00289,293.85,Debit,Charlotte,M011,Online,144.0,1.0,1919.97,206.168,451.6572106481481,18-25,1,5,10,2,317,0,-1.9913067646296954,-0.7525018740602551,0
AC00063,27.94,Debit,Atlanta,M093,Branch,120.0,1.0,1893.44,141.201,366.55824074074076,65+,1,1,92,1,116,4,2.067003870453326,0.626623986945055,0
AC00394,270.36,Debit,Oklahoma City,M044,ATM,37.0,1.0,1783.04,89.6,611.6324074074074,18-25,1,28,43,0,563,0,-2.1613404874711923,1.3524530555478305,0
AC00241,112.66,Debit,Philadelphia,M049,Online,176.0,3.0,852.98,53.218,412.6521064814815,26-35,1,30,48,2,462,1,-1.5056369673271843,-0.6945169260269985,0
AC00296,506.03,Debit,Detroit,M100,Branch,21.0,1.0,1123.89,115.30,480.6634027777778,18-25,1,11,99,1,53,0,-2.143504005708851,0.47824596071401587,0
AC00495,206.95,Debit,Seattle,M084,Branch,31.0,1.0,1817.65,142.160,458.6584375,18-25,1,39,83,1,119,0,-2.0919749763447366,0.25667075164086633,0
AC00368,350.96,Debit,Tucson,M046,ATM,167.0,1.0,5463.94,97.106,514.6536458333334,51-65,1,40,45,0,585,3,0.9861025692172873,1.3308496044562357,0
AC00017,261.63,Debit,Chicago,M018,Branch,150.0,1.0,477.03,77.7,524.5707175925926,18-25,1,6,17,1,523,0,-2.400828203411718,0.33096582880651765,0
AC00458,46.12,Debit,Fresno,M088,Branch,30.0,1.0,8874.01,152.234,517.611412037037,51-65,1,14,87,1,151,3,1.4524908281356816,0.6967158919990353,0
AC00335,27.25,Credit,Kansas City,M082,Branch,92.0,1.0,5365.2,200.136,594.671261574074,51-65,0,18,81,1,300,3,1.2970386427111265,-0.7882154881163254,0
AC00344,1353.93,Debit,El Paso,M073,Branch,171.0,1.0,7858.41,80.75,354.6087847222222,26-35,1,12,72,1,535,1,-1.0922725771522903,0.33855635867901274,0
AC00002,331.66,Debit,Las Vegas,M040,ATM,145.0,1.0,7216.3,1.198,419.5940277777778,65+,1,19,39,0,0,4,2.383890463325607,1.0027312522434255,0
AC00285,667.95,Credit,Oklahoma City,M027,ATM,253.0,1.0,13558.56,221.23,465.5950462962963,51-65,0,28,26,0,362,3,1.9064390409217304,-0.5675349072525183,0
AC00091,49.84,Debit,Chicago,M095,ATM,146.0,1.0,7872.04,212.220,387.668125,36-50,1,6,94,0,335,2,0.47706222389643527,1.492284129821616,0
AC00399,556.04,Debit,Denver,M022,ATM,27.0,1.0,5200.04,43.98,482.6429166666667,65+,1,10,21,0,430,4,1.9115317685702995,1.2001639275760851,0
AC00133,88.06,Credit,Raleigh,M016,Online,288.0,1.0,1779.85,35.220,373.5944097222222,18-25,0,33,15,2,401,0,-2.212297546320617,-2.5502150480699872,0
AC00322,745.95,Debit,Memphis,M028,ATM,127.0,1.0,13264.14,68.254,324.64753472222225,51-65,1,22,27,0,504,3,1.6373286670316374,0.9281863352955213,0
AC00247,67.25,Debit,Miami,M013,Online,157.0,1.0,467.4,42.3,489.6478240740741,18-25,1,24,12,2,428,0,-2.417530186631133,-0.7140760248767689,0
AC00332,93.63,Debit,New York,M096,ATM,141.0,1.0,9873.62,166.41,440.5821296296296,26-35,1,27,95,0,197,1,-0.5772623481214948,1.3251140466264302,0
AC00230,74.11,Debit,San Jose,M011,Branch,49.0,1.0,1257.9,203.174,474.6690046296296,18-25,1,38,10,1,309,0,-2.206468442505553,-0.07524543149417226,0
AC00019,41.13,Credit,Philadelphia,M030,Branch,58.0,1.0,6067.54,109.42,587.595,65+,0,30,29,1,27,4,2.4134397956793503,-1.3058209603502227,0
AC00446,192.02,Credit,Indianapolis,M025,Online,154.0,1.0,5169.07,83.80,320.6648611111111,65+,0,16,24,2,549,4,2.3159705560883492,-2.2185923025320333,0
AC00219,291.27,Debit,Detroit,M097,Branch,121.0,1.0,6878.86,184.59,503.59122685185184,65+,1,11,96,1,242,4,2.3343054677249944,0.8477976675938105,0
AC00050,296.46,Debit,Dallas,M046,Branch,136.0,1.0,558.99,54.252,360.66412037037037,18-25,1,9,45,1,463,0,-2.2197573709817666,0.21550930486979,0
AC00449,341.84,Credit,El Paso,M026,Branch,89.0,1.0,1400.04,23.255,499.66493055555554,26-35,0,12,25,1,366,1,-1.3960175646478112,-1.3896112362380577,0
AC00426,98.41,Debit,Sacramento,M052,Online,48.0,1.0,912.71,181.223,510.6243402777778,26-35,1,34,51,2,234,1,-1.540469037220091,-0.5676755241811786,0
AC00354,109.28,Debit,San Diego,M082,Online,112.0,4.0,6338.35,159.37,513.6577430555556,36-50,1,36,81,2,169,2,-0.15494526414082788,-0.5426508575753725,0
AC00313,27.51,Credit,Columbus,M057,Online,103.0,1.0,13645.63,47.82,410.57666666666665,36-50,0,8,56,2,441,2,0.8040485459470621,-1.9916308708821677,0
AC00442,12.18,Debit,New York,M088,Branch,77.0,1.0,4909.24,190.152,563.553449074074,65+,1,27,87,1,262,4,2.088502188486465,0.8196114155334067,0
AC00318,207.71,Credit,Kansas City,M066,Online,63.0,1.0,570.1,79.227,353.5986111111111,18-25,0,18,65,2,527,0,-2.0202547700966855,-2.148609574203226,0
AC00232,25.77,Credit,San Diego,M078,Online,277.0,1.0,11749.77,120.16,475.62166666666667,36-50,0,36,77,2,69,2,0.7892005605397859,-2.0624084033842673,0
AC00424,127.57,Debit,Nashville,M049,ATM,75.0,1.0,6118.2,158.135,615.6206018518518,51-65,1,26,48,0,168,3,0.8335940528426661,1.3470998576370359,0
AC00393,392.05,Debit,Denver,M099,ATM,172.0,1.0,4383.69,32.169,503.6488888888889,51-65,1,10,98,0,392,3,0.9152510535646381,1.7146544170993798,0
AC00175,521.01,Credit,Seattle,M041,Branch,73.0,1.0,4004.55,36.13,387.5917824074074,36-50,0,39,40,1,405,2,-0.21364845976708058,-1.558057561262205,0
AC00108,849.76,Debit,Seattle,M023,ATM,269.0,1.0,373.88,64.89,445.6523148148148,18-25,1,39,22,0,496,0,-2.390140097289611,0.8482182968001497,0
AC00067,172.5,Debit,Columbus,M065,Online,31.0,1.0,6851.16,203.99,355.65839120370373,65+,1,8,64,2,312,4,2.069643654143467,-0.38722655586369925,0
AC00356,265.44,Debit,San Antonio,M090,ATM,169.0,1.0,9700.77,10.223,656.644675925926,26-35,1,35,89,0,6,1,-0.6142771516031095,1.4605036705983607,0
AC00244,152.34,Debit,Omaha,M044,Branch,115.0,1.0,6853.51,110.64,388.62350694444444,51-65,1,29,43,1,35,3,1.1057844253347329,0.06290414499352662,0
AC00244,21.13,Debit,Dallas,M090,Branch,153.0,1.0,948.7,68.254,558.6659143518518,26-35,1,9,89,1,504,1,-1.5465615840034554,0.895260687379264,0
AC00411,111.55,Debit,Denver,M039,ATM,101.0,1.0,12221.17,81.156,311.6534375,36-50,1,10,38,0,539,2,0.7287457157196291,1.0778939077213565,0
AC00294,321.82,Credit,Raleigh,M049,Branch,43.0,1.0,6500.5,100.137,478.6579513888889,26-35,0,33,48,1,8,1,-0.6423389152095832,-1.566475490709071,0
AC00205,1294.81,Credit,Washington,M026,Branch,279.0,1.0,9927.75,76.0,328.6379166666667,36-50,0,42,25,1,519,2,0.32385784299488907,-1.7297620628707406,1
AC00155,148.77,Debit,San Jose,M083,Branch,175.0,1.0,2138.42,140.94,584.5770023148148,65+,1,38,82,1,113,4,1.4623815823786803,0.664380418795328,0
AC00305,14.08,Debit,Dallas,M059,Branch,154.0,1.0,3908.65,101.90,636.576400462963,51-65,1,9,58,1,13,3,0.8904510848928682,0.6614655579576774,0
AC00048,1283.97,Debit,Colorado Springs,M030,ATM,121.0,1.0,11041.9,4.134,452.60819444444445,36-50,1,7,29,0,417,2,0.3124076270068045,1.0577977908624807,0
AC00366,566.33,Credit,Charlotte,M065,ATM,66.0,1.0,379.82,26.105,454.6440509259259,18-25,0,5,64,0,372,0,-2.080834970404875,-0.3906972209959593,0
AC00185,206.51,Debit,Indianapolis,M046,ATM,275.0,1.0,3921.74,101.90,321.6235300925926,51-65,1,16,45,0,13,3,0.6883436349139094,0.8780667631907484,0
AC00215,180.94,Debit,Raleigh,M028,Branch,57.0,1.0,7659.99,45.124,468.6453240740741,65+,1,33,27,1,434,4,2.2489684622618396,0.317969399641028,0
AC00283,77.9,Debit,Washington,M071,Branch,128.0,1.0,664.72,15.176,314.6018634259259,18-25,1,42,70,1,145,0,-2.2206620025520123,-0.02210796043656665,0
AC00197,318.92,Credit,Washington,M037,Branch,60.0,1.0,1167.25,155.140,534.5517476851852,18-25,0,42,36,1,155,0,-2.1335202006444125,-1.5797948781533118,0
AC00390,583.3,Credit,Nashville,M094,Online,142.0,1.0,5896.01,4.101,639.6531481481481,51-65,0,26,93,2,415,3,1.054437328758526,-1.509871455003832,0
AC00320,100.68,Debit,Memphis,M022,Online,139.0,1.0,1123.75,60.153,661.6442245370371,51-65,1,22,21,2,482,3,0.6461425485721646,-0.20075235478712047,0
AC00020,589.64,Debit,Charlotte,M050,Online,210.0,1.0,2039.4,187.52,409.67100694444446,51-65,1,5,49,2,249,3,0.8126711538774641,-0.4699287885357578,0
AC00500,225.93,Credit,Omaha,M097,Branch,199.0,1.0,1864.27,147.114,601.5908796296296,18-25,0,29,96,1,132,0,-1.9107125470189847,-0.9787315285313092,0
AC00289,651.55,Debit,Phoenix,M043,Online,82.0,1.0,2325.78,110.64,604.6077893518518,65+,1,31,42,2,35,4,1.652656902273368,-0.4612236966849761,0
AC00121,80.97,Debit,Seattle,M026,Online,157.0,1.0,5926.31,146.69,664.6118981481482,36-50,1,39,25,2,131,2,-0.2269014317133248,-0.5101064426355205,0
AC00023,191.89,Debit,San Antonio,M041,Branch,14.0,1.0,399.57,42.3,495.6478125,18-25,1,35,40,1,428,0,-2.216503218612142,0.21833810656066088,0
AC00490,304.75,Credit,Austin,M096,Branch,125.0,1.0,1916.34,200.13,615.6660185185185,65+,0,2,95,1,299,4,1.991265358172809,-0.5500311609523617,0
AC00197,201.53,Debit,Tucson,M007,Online,287.0,1.0,2732.86,156.187,363.65321759259257,65+,1,40,6,2,161,4,1.5594941362882238,-0.9682739991226847,0
AC00494,8.45,Debit,Philadelphia,M022,ATM,141.0,1.0,1115.3,152.140,632.598761574074,18-25,1,30,21,0,150,0,-2.214025104215722,1.0531571698718623,0
AC00193,435.98,Debit,Mesa,M099,Branch,105.0,1.0,7334.08,216.151,388.6541203703704,26-35,1,23,98,1,343,1,-0.835541212170414,0.49047800802393565,0
AC00451,743.24,Credit,Indianapolis,M084,Online,109.0,1.0,1024.19,72.192,485.6094791666667,18-25,0,16,83,2,514,0,-2.303898128913376,-1.8831237044548539,0
AC00261,16.27,Debit,Atlanta,M038,ATM,44.0,1.0,10971.32,155.37,629.5904976851851,51-65,1,1,37,0,158,3,1.5663209875230784,1.4491698669071178,0
AC00246,290.86,Debit,Louisville,M068,Online,36.0,1.0,14631.88,173.232,517.6011342592593,36-50,1,21,67,2,219,2,0.9387723638399909,-0.33665918264590006,0
AC00120,85.73,Debit,Virginia Beach,M100,ATM,266.0,1.0,14928.35,134.222,613.6657291666667,36-50,1,41,99,0,94,2,0.7481386414449008,1.5633053117511204,0
AC00189,555.71,Credit,Boston,M018,Branch,73.0,1.0,830.37,139.23,650.6060416666667,18-25,0,4,17,1,109,0,-2.089999862935495,-1.3632191261661166,0
AC00499,40.03,Debit,Omaha,M086,Branch,200.0,1.0,6408.8,34.125,664.6210069444444,18-25,1,29,85,1,397,0,-1.7536837598544457,0.8438522685226205,0
AC00287,73.01,Credit,Milwaukee,M028,Online,62.0,1.0,1997.33,182.84,382.57207175925925,18-25,0,25,27,2,236,0,-1.8088698992535923,-2.5297915988675097,0
AC00087,346.12,Debit,San Francisco,M067,Branch,12.0,1.0,13084.27,92.180,310.5940972222222,36-50,1,37,66,1,568,2,0.6609161367891883,0.2518606514488228,0
AC00333,1.93,Debit,Chicago,M030,Branch,175.0,5.0,5684.09,162.58,381.5850115740741,36-50,1,6,29,1,188,2,0.29524028179458034,-0.10014938099242249,0
AC00423,252.93,Debit,Portland,M001,ATM,222.0,1.0,2760.37,130.29,636.6685763888889,65+,1,32,0,0,86,4,1.7783959739575235,1.0690247209785049,0
AC00108,238.54,Debit,Indianapolis,M006,ATM,12.0,4.0,868.91,83.182,576.6689467592593,18-25,1,16,5,0,547,0,-2.371676735359659,0.9026396205300125,1
AC00099,1011.22,Debit,Tucson,M074,Branch,129.0,1.0,5838.91,45.64,440.5547222222222,51-65,1,40,73,1,438,3,0.9487515200297711,0.41353892443689966,0
AC00387,58.7,Debit,New York,M041,Branch,141.0,1.0,8937.35,124.6,611.6716550925926,65+,1,27,40,1,76,4,2.160800305652194,0.4816265735158839,0
AC00010,7.56,Debit,Milwaukee,M070,ATM,145.0,1.0,8528.72,205.45,636.6448379629629,36-50,1,25,69,0,315,2,0.09585762612738906,1.5814023688263064,0
AC00087,540.4,Debit,Houston,M061,Branch,272.0,1.0,425.77,166.79,620.6420717592592,36-50,1,15,60,1,199,2,-0.5329234494488928,0.6314418546887623,0
AC00294,264.14,Debit,Baltimore,M066,ATM,125.0,1.0,8459.26,195.237,464.60475694444443,51-65,1,3,65,0,282,3,1.5392126396187762,1.4355465389191189,0
AC00408,248.15,Debit,Milwaukee,M018,ATM,202.0,1.0,2649.23,201.113,507.6443634259259,65+,1,25,17,0,303,4,1.7660521561905314,1.1325951609077727,0
AC00495,24.34,Debit,Raleigh,M051,Branch,110.0,1.0,6659.12,16.250,340.62107638888887,51-65,1,33,50,1,172,3,1.0317433472919844,0.09599698065390137,0
AC00304,428.61,Debit,Fort Worth,M052,ATM,62.0,1.0,11937.04,39.163,664.6650694444445,65+,1,13,51,0,414,4,2.2972367301118553,1.6664508947910206,0
AC00053,117.66,Credit,Memphis,M014,Branch,126.0,1.0,6794.17,34.125,458.57502314814815,36-50,0,22,13,1,397,2,0.04195860963581343,-1.485255333390682,0
AC00432,165.8,Debit,Nashville,M063,Online,287.0,1.0,2064.76,218.54,549.5984027777778,51-65,1,26,62,2,350,3,0.6543932450445602,-0.17706390309596973,0
AC00200,289.18,Debit,Baltimore,M067,ATM,64.0,1.0,3139.75,190.164,432.66199074074075,51-65,1,3,66,0,263,3,1.0906921081015526,1.3646607439597875,0
AC00438,125.39,Debit,Los Angeles,M036,ATM,140.0,1.0,202.69,205.45,461.6350115740741,18-25,1,20,35,0,315,0,-2.3247373742314443,1.0101347574193418,0
AC00151,305.18,Debit,Chicago,M065,Online,216.0,1.0,4474.2,93.146,517.5970949074074,51-65,1,6,64,2,572,3,0.8051538029831337,-0.015790663189216594,0
AC00305,506.9,Credit,Houston,M038,Branch,56.0,1.0,11471.87,138.210,368.60096064814815,51-65,0,15,37,1,106,3,1.994608509211324,-1.5569858875826708,0
AC00142,504.12,Credit,Baltimore,M008,Branch,101.0,1.0,1107.28,104.80,569.6075347222222,18-25,0,3,7,1,17,0,-1.9004503180234043,-1.5785259617323573,0
AC00356,42.09,Debit,Denver,M046,Branch,118.0,1.0,5526.28,41.110,653.566261574074,26-35,1,10,45,1,425,1,-1.078344296366098,0.7024729586638491,0
AC00155,607.28,Debit,Baltimore,M098,ATM,84.0,1.0,9679.68,131.41,650.6410300925926,26-35,1,3,97,0,88,1,-0.5074538877730321,1.6740300596191322,0
AC00265,91.9,Debit,Chicago,M036,Online,125.0,1.0,1033.94,111.78,538.6609375,65+,1,6,35,2,37,4,1.8558062005848697,-0.3937442062040729,0
AC00122,303.43,Debit,Virginia Beach,M029,Branch,30.0,1.0,1833.24,200.136,516.607800925926,18-25,1,41,28,1,300,0,-2.19085709135576,0.05842396216768239,0
AC00426,668.78,Debit,Mesa,M094,ATM,141.0,1.0,983.68,11.188,377.61398148148146,18-25,1,23,93,0,29,0,-2.241584764320913,1.0369112801342935,0
AC00111,270.54,Credit,Sacramento,M077,ATM,139.0,1.0,269.78,26.113,580.5747685185186,18-25,0,34,76,0,373,0,-2.3266683925956424,-0.24074437292214954,0
AC00405,247.93,Debit,Indianapolis,M100,Branch,79.0,1.0,9801.48,3.102,447.58399305555554,36-50,1,16,99,1,381,2,0.1625191121601307,0.7010226428217678,0
AC00128,34.67,Debit,Chicago,M077,Online,71.0,1.0,888.6,78.100,558.6504976851852,18-25,1,6,76,2,525,0,-2.345009294378751,-0.051718012724071144,0
AC00050,326.03,Credit,New York,M038,Online,137.0,1.0,290.24,129.108,544.6367708333333,18-25,0,27,37,2,81,0,-2.2840234648974818,-2.3364936194917028,0
AC00141,148.26,Debit,Omaha,M021,ATM,57.0,1.0,958.7,4.105,545.610474537037,18-25,1,29,20,0,416,0,-2.1711137144541004,1.033627202593027,0
AC00010,1086.6,Debit,San Diego,M016,Online,38.0,1.0,1605.67,74.58,531.6041898148148,18-25,1,36,15,2,518,0,-2.4833431108572834,-0.7784459736436834,0
AC00259,373.99,Debit,Sacramento,M097,ATM,140.0,1.0,8590.5,11.3,377.65266203703703,51-65,1,34,96,0,30,3,1.4174330828757973,1.1866232406972237,0
AC00302,254.34,Debit,El Paso,M084,Online,79.0,1.0,5461.08,214.125,416.6298958333333,36-50,1,12,83,2,338,2,0.21609962401181756,-0.2640130578936975,0
AC00124,819.48,Debit,Virginia Beach,M038,ATM,26.0,1.0,1804.5,154.138,395.65358796296294,18-25,1,41,37,0,153,0,-2.0719639359918722,0.6355346447597647,0
AC00464,14.0,Debit,San Antonio,M063,ATM,173.0,1.0,7975.18,106.140,424.6560300925926,36-50,1,35,62,0,21,2,0.49056490144189707,1.0232471915750578,0
AC00473,57.16,Debit,Columbus,M022,ATM,74.0,1.0,222.22,136.104,507.5577314814815,36-50,1,8,21,0,98,2,-0.5524115794363196,1.0199684267655846,0
AC00486,282.26,Debit,Memphis,M028,Online,278.0,1.0,6857.2,210.136,496.6340625,36-50,1,22,27,2,328,2,-0.1954405156610594,-0.5547957540676801,0
AC00348,46.96,Debit,Las Vegas,M070,Online,12.0,1.0,2028.92,217.233,492.6434375,36-50,1,19,69,2,347,2,-0.2265084372745325,-0.27435171185629087,0
AC00398,473.2,Debit,Houston,M054,Online,173.0,1.0,248.52,120.170,454.6724884259259,26-35,1,15,53,2,70,1,-1.3116556625654971,-0.6241377632712772,0
AC00267,192.97,Debit,Sacramento,M098,ATM,140.0,1.0,3019.04,100.198,601.6642708333334,51-65,1,34,97,0,9,3,0.8078111551942333,1.5354394029373772,0
AC00076,168.99,Debit,Baltimore,M078,ATM,203.0,1.0,1523.57,160.74,552.5637268518518,18-25,1,3,77,0,178,0,-2.261912555423518,1.4493974572886994,0
AC00022,1.82,Debit,San Francisco,M009,Online,60.0,1.0,5571.39,146.250,570.606712962963,65+,1,37,8,2,128,4,2.3074104363907235,-0.6369972280020767,0
AC00181,40.9,Debit,Charlotte,M024,ATM,37.0,1.0,1514.34,5.74,521.5721064814815,51-65,1,5,23,0,453,3,0.5104142976757057,1.307286105311576,0
AC00071,78.91,Debit,Sacramento,M063,Online,157.0,1.0,1817.43,141.241,613.6275115740741,51-65,1,34,62,2,117,3,0.741655962844149,-0.2606707558946663,0
AC00369,169.97,Credit,San Diego,M060,ATM,12.0,1.0,6269.12,144.228,332.60828703703703,18-25,0,36,59,0,122,0,-1.489064477182719,-0.8782829910260228,0
AC00358,17.79,Debit,Jacksonville,M091,Branch,162.0,5.0,2281.9,203.245,620.631574074074,51-65,1,17,90,1,311,3,0.8381806832607188,0.7131362725791702,0
AC00021,486.61,Credit,Sacramento,M047,ATM,130.0,1.0,2006.69,152.140,341.65908564814816,36-50,0,34,46,0,150,2,-0.057912986584394886,-0.8398035146296615,0
AC00156,148.13,Debit,Phoenix,M025,Branch,56.0,1.0,2189.38,160.160,597.6473148148148,51-65,1,31,24,1,175,3,0.6667505501030363,0.30991525776291456,0
AC00212,164.52,Debit,Dallas,M099,ATM,162.0,1.0,11036.74,197.187,314.6663310185185,51-65,1,9,98,0,286,3,1.7161730713189771,1.4068439223324327,0
AC00327,720.89,Debit,Indianapolis,M008,ATM,120.0,1.0,447.06,100.198,321.6244560185185,26-35,1,16,7,0,9,1,-1.5284139771496172,0.442865689221082,0
AC00349,268.7,Debit,Milwaukee,M013,ATM,63.0,1.0,2104.74,98.39,397.66017361111113,51-65,1,25,12,0,588,3,0.4005009952549149,0.9847848967950221,0
AC00183,637.34,Debit,Indianapolis,M018,ATM,278.0,1.0,5183.5,150.83,429.6598611111111,51-65,1,16,17,0,148,3,0.6737497988661065,0.8871803466070592,0
AC00478,216.76,Credit,Omaha,M033,Online,138.0,1.0,643.64,205.69,360.613287037037,36-50,0,29,32,2,316,2,-0.22989897321775624,-2.4207449090692506,0
AC00398,418.02,Debit,Los Angeles,M017,ATM,110.0,1.0,11011.86,57.141,516.5901504629629,36-50,1,20,16,0,469,2,0.5005452735507705,1.1230406678101796,0
AC00380,292.03,Credit,Memphis,M050,ATM,154.0,1.0,951.33,167.104,426.65753472222224,36-50,0,22,49,0,200,2,-0.22230987152076223,-0.5777067270152981,0
AC00030,251.4,Debit,Tucson,M023,ATM,178.0,1.0,2561.67,189.20,487.638125,51-65,1,40,22,0,257,3,0.6031809643256761,0.9637479034888504,0
AC00341,184.56,Debit,Virginia Beach,M058,Online,93.0,1.0,1549.27,182.84,339.6660300925926,18-25,1,41,57,2,236,0,-2.1719719522601557,-0.8625818561401287,0
AC00162,33.76,Debit,Seattle,M024,Online,227.0,1.0,3253.51,122.94,657.6037384259259,26-35,1,39,23,2,74,1,-1.3988934436893299,-0.5958111116355852,0
AC00319,253.46,Debit,Memphis,M046,ATM,60.0,1.0,1338.95,8.243,531.6525,36-50,1,22,45,0,530,2,-0.45669249156319947,1.352267161807103,0
AC00338,1612.37,Debit,Los Angeles,M078,ATM,173.0,1.0,3910.59,16.128,468.5987037037037,51-65,1,20,77,0,170,3,0.9416432418445577,1.2320792299301828,0
AC00374,138.68,Credit,Colorado Springs,M002,Branch,44.0,1.0,206.2,49.29,508.66822916666666,18-25,0,7,1,1,449,0,-2.161135164560467,-1.4849381014985592,0
AC00451,42.56,Debit,Fresno,M001,Online,146.0,1.0,4361.44,91.204,461.65386574074074,18-25,1,14,0,2,567,0,-2.084167383660255,-0.7045427442075741,0
AC00005,680.76,Debit,Kansas City,M011,Branch,165.0,1.0,572.97,60.89,615.646099537037,18-25,1,18,10,1,486,0,-2.4615649358554315,0.29956978453785627,0
AC00263,53.83,Debit,Baltimore,M062,Branch,131.0,1.0,4580.59,4.134,522.6184953703704,65+,1,3,61,1,417,4,1.8411062256296344,0.7943611149330682,0
AC00432,11.09,Debit,Charlotte,M094,Branch,95.0,1.0,2990.05,41.110,369.6358912037037,51-65,1,5,93,1,425,3,0.5674471481499054,0.698212911280936,0
AC00274,37.81,Debit,Colorado Springs,M074,Branch,195.0,1.0,5208.98,53.218,468.64342592592595,51-65,1,7,73,1,462,3,1.141570675231208,0.7693144459323901,0
AC00103,449.18,Debit,Denver,M006,Online,50.0,1.0,1025.99,195.164,314.6303125,65+,1,10,5,2,280,4,1.4382459049432184,-0.8986717269256189,0
AC00146,1135.8,Debit,San Diego,M004,ATM,250.0,1.0,13534.3,16.131,424.6694328703704,26-35,1,36,3,0,171,1,-0.37770127256132224,0.5516497194936374,1
AC00359,297.6,Debit,Milwaukee,M099,Online,162.0,1.0,1461.17,192.95,397.63958333333335,36-50,1,25,98,2,270,2,-0.5635015490771543,-0.31393450154278696,0
AC00164,683.75,Debit,Las Vegas,M073,Branch,106.0,1.0,6333.72,190.92,622.5495023148148,26-35,1,19,72,1,265,1,-0.9320230945756595,0.6351141761510202,0
AC00079,21.4,Credit,Kansas City,M009,Online,129.0,1.0,8551.6,115.241,629.6655208333333,36-50,0,18,8,2,52,2,0.6199932450129242,-2.21601881232872,0
AC00209,315.94,Debit,Omaha,M092,ATM,93.0,1.0,4273.99,89.237,401.5716550925926,65+,1,29,91,0,562,4,2.0042105042436957,1.5493853848169197,0
AC00018,331.32,Debit,Sacramento,M078,Branch,137.0,5.0,13054.54,200.164,517.6132638888889,51-65,1,34,77,1,301,3,1.8280443755554106,0.3456829454533727,0
AC00401,223.76,Credit,Boston,M013,Branch,110.0,1.0,4102.23,1.98,450.6725,65+,0,4,12,1,3,4,2.190637372552267,-1.5133023203811482,0
AC00179,216.03,Debit,Boston,M042,ATM,300.0,1.0,10462.77,90.111,373.5705902777778,36-50,1,4,41,0,565,2,0.3413924598719903,1.2573223902911104,0
AC00274,17.42,Debit,Dallas,M006,ATM,150.0,1.0,6851.31,218.238,361.6162037037037,65+,1,9,5,0,349,4,2.2453326771000173,0.9597388338047899,0
AC00354,491.91,Debit,Milwaukee,M036,Online,155.0,1.0,2421.94,193.217,664.6207291666667,65+,1,25,35,2,274,4,1.8067928260170758,-0.21366166177647358,0
AC00025,350.11,Credit,Raleigh,M050,Online,178.0,1.0,4639.04,24.181,601.6233564814814,65+,0,33,49,2,370,4,1.9876241800652454,-1.8351481823109432,0
AC00493,218.07,Debit,Austin,M067,Branch,243.0,1.0,443.62,9.230,363.5580787037037,18-25,1,2,66,1,564,0,-2.2565723607274526,0.47855987860616367,0
AC00339,291.09,Debit,El Paso,M019,Branch,73.0,1.0,6312.79,49.31,349.55202546296294,36-50,1,12,18,1,450,2,0.2279701128932048,0.0898077543269411,0
AC00454,422.14,Credit,Albuquerque,M027,Branch,109.0,1.0,1436.32,104.155,352.60854166666667,26-35,0,0,26,1,15,1,-1.2611817235049763,-1.7331339822501213,0
AC00152,613.21,Debit,Tucson,M098,ATM,157.0,1.0,3279.12,69.160,599.6005902777778,51-65,1,40,97,0,505,3,0.6792870550057629,1.7237532902025443,0
AC00314,73.83,Debit,Las Vegas,M097,Online,69.0,1.0,6020.29,44.67,668.5678356481482,65+,1,19,96,2,432,4,1.8765543519552008,0.3225338183069619,0
AC00054,67.33,Debit,Detroit,M073,Online,36.0,1.0,5925.98,133.63,570.5773032407408,51-65,1,11,72,2,91,3,1.1765041625270418,-0.16996877197330637,0
AC00036,26.92,Debit,Indianapolis,M053,ATM,43.0,1.0,1674.94,49.20,535.5779398148148,51-65,1,16,52,0,448,3,0.7559144522739482,1.4721749723899575,0
AC00397,18.3,Debit,Mesa,M011,Online,155.0,1.0,3733.52,168.55,629.6571412037038,36-50,1,23,10,2,206,2,-0.038549358658228096,-0.5113606637637566,0
AC00355,317.94,Debit,Los Angeles,M091,ATM,124.0,1.0,2996.51,170.54,648.6007060185185,51-65,1,20,90,0,212,3,0.5688449351235727,1.7191513307934738,0
AC00188,179.38,Debit,Mesa,M028,Online,173.0,1.0,11666.18,199.59,601.6205208333333,36-50,1,23,27,2,295,2,0.39169183060283813,-0.41588208596694004,0
AC00222,918.95,Debit,Seattle,M026,Online,139.0,1.0,7006.46,106.244,552.641712962963,65+,1,39,25,2,22,4,1.9045460110016312,-0.7225034224925436,0
AC00094,13.92,Debit,Los Angeles,M024,ATM,209.0,1.0,2735.84,92.214,524.6109259259259,36-50,1,20,23,0,569,2,-0.6272855016981572,1.269376218690862,0
AC00004,365.43,Debit,Portland,M014,ATM,176.0,1.0,1073.51,136.172,346.6377083333333,18-25,1,32,13,0,101,0,-2.069396309598449,0.5018259737516432,0
AC00021,263.59,Debit,Dallas,M052,Branch,16.0,1.0,6996.35,150.25,650.6728703703703,65+,1,9,51,1,147,4,2.1378046685625405,0.7091471264964108,0
AC00102,54.8,Debit,Albuquerque,M093,Branch,140.0,1.0,4943.49,87.50,521.6618981481481,26-35,1,0,92,1,558,1,-0.926276014082024,0.9462416490431553,0
AC00367,141.49,Debit,Baltimore,M007,Online,75.0,1.0,1665.58,150.25,410.635,18-25,1,3,6,2,147,0,-1.9466962837206545,-0.9197078013017204,0
AC00137,31.39,Debit,Tucson,M068,ATM,15.0,1.0,998.49,186.57,664.6228703703704,18-25,1,40,67,0,246,0,-2.3276288132341807,1.3682618128434985,0
AC00289,93.82,Debit,San Diego,M006,Online,176.0,1.0,8422.06,16.250,496.60688657407405,36-50,1,36,5,2,172,2,0.08549562232178949,-0.8528936892984086,0
AC00458,5.71,Debit,Tucson,M071,Branch,106.0,1.0,1285.42,109.42,338.60761574074075,18-25,1,40,70,1,27,0,-2.111929639745755,-0.03260433365136084,0
AC00493,178.39,Debit,Tucson,M080,Online,98.0,1.0,8469.43,65.27,446.5746412037037,26-35,1,40,79,2,500,1,-0.6532871661105811,-0.3514299793840073,0
AC00059,126.91,Debit,Kansas City,M050,ATM,42.0,1.0,692.69,86.103,438.66907407407405,18-25,1,18,49,0,554,0,-2.276770238607638,1.1868109740527502,0
AC00281,36.09,Debit,Columbus,M095,Branch,167.0,1.0,12319.26,94.88,506.6589930555556,51-65,1,8,94,1,581,3,1.421135514226674,1.0056263432115014,0
AC00020,91.77,Debit,Omaha,M042,Branch,174.0,1.0,9240.73,93.160,599.6027893518518,51-65,1,29,41,1,574,3,0.9537968433936378,0.6690589496160544,0
AC00396,198.92,Debit,Milwaukee,M020,Online,100.0,1.0,2854.66,4.101,377.64054398148147,36-50,1,25,19,2,415,2,-0.5636792857601841,-0.7924029880342687,0
AC00402,137.81,Debit,Detroit,M067,Branch,44.0,1.0,2631.47,145.76,374.6357175925926,51-65,1,11,66,1,127,3,0.8540465886249159,0.32850675037263943,0
AC00385,136.88,Credit,Memphis,M029,Branch,71.0,1.0,7465.95,115.241,474.60349537037035,18-25,0,22,28,1,52,0,-1.2969825696592197,-1.634032163711776,0
AC00167,133.07,Debit,Sacramento,M001,Branch,155.0,1.0,1670.99,207.157,417.6568634259259,18-25,1,34,0,1,320,0,-2.2141794739252654,-0.18703631332078047,0
AC00349,1.14,Debit,Indianapolis,M071,Branch,137.0,1.0,13913.92,93.218,377.66422453703706,36-50,1,16,70,1,577,2,0.7511353586045549,0.5607495590224144,0
AC00153,256.34,Debit,Kansas City,M057,Branch,99.0,1.0,7471.63,89.18,440.6423726851852,65+,1,18,56,1,560,4,2.0052380910590903,0.6027677367737281,0
AC00197,56.11,Debit,Boston,M025,Branch,109.0,1.0,11123.65,133.63,587.6121527777777,36-50,1,4,24,1,91,2,0.3359320470442897,0.3619052637692835,0
AC00219,118.1,Debit,Fort Worth,M058,ATM,50.0,1.0,7976.6,62.27,405.66987268518517,36-50,1,13,57,0,490,2,0.4601054514246833,1.29620494694898,0
AC00255,137.86,Credit,Sacramento,M096,Online,120.0,1.0,8046.94,110.64,433.66270833333334,65+,0,34,95,2,35,4,2.2245423494132264,-1.972731072933115,0
AC00035,813.78,Credit,Atlanta,M012,ATM,55.0,1.0,14935.5,101.90,454.60171296296295,51-65,0,1,11,0,13,3,1.952975487694444,-0.7863534250544298,1
AC00003,237.97,Debit,Columbus,M089,ATM,69.0,1.0,13486.15,170.154,664.6110069444444,65+,1,8,88,0,210,4,2.661288608150166,1.8581196868752203,0
AC00136,684.96,Debit,Mesa,M070,ATM,31.0,1.0,526.67,165.114,664.6578472222222,18-25,1,23,69,0,193,0,-2.365610745239554,1.3826362704844606,0
AC00337,878.63,Debit,Columbus,M080,ATM,139.0,1.0,4954.37,61.95,577.6302314814815,51-65,1,8,79,0,487,3,0.8647624340927331,1.7069633638817865,0
AC00265,276.56,Debit,Austin,M002,Branch,15.0,1.0,8942.58,28.120,573.6129976851852,65+,1,2,1,1,378,4,2.175330797632663,0.4183409084899094,0
AC00356,8.75,Debit,Louisville,M043,ATM,199.0,1.0,4044.62,6.44,507.66627314814815,65+,1,21,42,0,481,4,2.0382890756218752,1.446312641737501,0
AC00305,637.48,Debit,Colorado Springs,M016,Online,207.0,1.0,4148.85,72.192,412.65297453703704,51-65,1,7,15,2,514,3,1.0260043371055214,-0.5573160792139872,0
AC00300,103.15,Debit,San Diego,M010,Branch,179.0,1.0,11388.15,161.177,431.5907407407407,51-65,1,36,9,1,181,3,1.305498245688327,-0.04096698464244303,0
AC00301,505.6,Debit,Denver,M021,Branch,183.0,1.0,5347.57,104.155,628.5926273148148,51-65,1,10,20,1,15,3,0.7676692265850551,0.3413599891207401,0
AC00154,371.86,Debit,Miami,M073,ATM,91.0,1.0,1329.45,41.110,622.6106712962963,36-50,1,24,72,0,425,2,-0.43938103158853964,1.597632643574285,0
AC00201,14.26,Debit,Virginia Beach,M094,Branch,37.0,1.0,2475.65,62.152,342.62831018518517,36-50,1,41,93,1,488,2,-0.09428457748490902,0.4535053593425575,0
AC00004,13.16,Debit,Mesa,M084,Branch,98.0,1.0,1019.46,161.177,552.607175925926,36-50,1,23,83,1,181,2,-0.4284389771192633,0.643044739068125,0
AC00237,167.92,Debit,Memphis,M050,ATM,136.0,2.0,14321.73,214.125,496.59305555555557,36-50,1,22,49,0,338,2,0.6893492576704827,1.1890404651066828,0
AC00304,73.01,Debit,Houston,M070,ATM,101.0,1.0,2833.12,193.217,544.6300925925926,51-65,1,15,69,0,274,3,0.6849050246481059,1.5076194825723663,0
AC00086,201.5,Credit,Dallas,M066,Online,196.0,1.0,12148.32,193.83,478.58133101851854,51-65,0,9,65,2,276,3,1.8959880900550679,-1.8577845831552724,0
AC00483,150.3,Debit,Las Vegas,M077,Online,204.0,1.0,14371.08,188.77,454.61292824074076,36-50,1,19,76,2,253,2,0.7608882987027246,-0.3051405058463104,0
AC00288,23.7,Debit,San Francisco,M071,ATM,32.0,1.0,7947.44,200.13,374.5973611111111,36-50,1,37,70,0,299,2,0.33679573253547274,1.1000862453088671,0
AC00134,49.59,Debit,Boston,M089,Branch,147.0,1.0,6037.03,18.92,436.64208333333335,36-50,1,4,88,1,232,2,0.2891876609441237,0.650976464344954,0
AC00130,720.13,Credit,Omaha,M024,ATM,96.0,1.0,387.02,155.140,628.5895833333333,18-25,0,29,23,0,155,0,-2.23478382789864,-0.65424846786483,0
AC00393,134.92,Debit,Los Angeles,M021,Online,101.0,1.0,1081.97,125.225,369.64122685185185,18-25,1,20,20,2,77,0,-2.198041147665989,-1.025361361564665,0
AC00029,116.97,Debit,Oklahoma City,M041,ATM,299.0,1.0,729.7,23.92,480.6357638888889,18-25,1,28,40,0,367,0,-2.4619686014565345,1.0823246668049338,0
AC00228,11.06,Debit,Colorado Springs,M037,ATM,13.0,3.0,2782.21,30.229,368.58893518518516,26-35,1,7,36,0,387,1,-1.0004957559899876,0.8964080427394512,0
AC00131,88.29,Credit,Houston,M039,Online,287.0,1.0,5245.93,194.29,653.641099537037,36-50,0,15,38,2,278,2,0.2643403339988264,-1.8228294418945967,0
AC00233,5.81,Debit,Houston,M064,ATM,222.0,1.0,1290.95,141.121,499.60525462962966,18-25,1,15,63,0,114,0,-2.0098135409207223,1.2111318664620125,0
AC00017,103.48,Debit,Baltimore,M095,ATM,33.0,1.0,6494.25,1.98,643.6703356481481,26-35,1,3,94,0,3,1,-0.7081398141290574,1.6384659213391295,0
AC00071,156.74,Debit,Oklahoma City,M010,ATM,136.0,1.0,4004.35,147.234,618.573599537037,65+,1,28,9,0,136,4,1.7508608081252863,1.1336953739115827,0
AC00128,505.14,Debit,Portland,M058,ATM,179.0,1.0,2525.47,48.89,670.6092824074074,65+,1,32,57,0,444,4,1.3674472589988698,1.6345691473137711,0
AC00073,31.06,Debit,Kansas City,M072,ATM,61.0,1.0,11014.25,41.0,349.6306828703704,36-50,1,18,71,0,424,2,0.6420410042872189,1.2471352259752557,0
AC00353,7.61,Debit,Atlanta,M022,ATM,163.0,1.0,6275.0,40.192,409.579537037037,36-50,1,1,21,0,419,2,0.3287285040560283,1.1265727252074702,0
AC00209,276.16,Credit,Portland,M019,ATM,71.0,1.0,1733.34,64.15,629.6650462962963,51-65,0,32,18,0,494,3,0.4333362397496055,-0.3467464106445091,0
AC00396,145.77,Debit,Memphis,M040,ATM,237.0,1.0,5294.98,158.129,578.6688888888889,65+,1,22,39,0,167,4,1.802429740198605,1.3374188869444736,0
AC00439,369.44,Debit,Detroit,M094,Online,19.0,1.0,5018.67,26.113,349.6232638888889,26-35,1,11,93,2,373,1,-0.8462868914510583,-0.3547246610117815,0
AC00063,558.86,Debit,Austin,M040,ATM,95.0,1.0,9844.32,156.173,599.6136805555556,51-65,1,2,39,0,160,3,1.4902076413298626,1.3693981900860426,0
AC00203,429.15,Debit,Las Vegas,M054,Branch,218.0,1.0,712.13,41.0,605.6599652777778,26-35,1,19,53,1,424,1,-1.732888708101649,0.5994362685510772,0
AC00394,36.74,Debit,Tucson,M094,Branch,133.0,1.0,6217.58,187.52,636.6155092592593,26-35,1,40,93,1,249,1,-0.8780350427133413,0.7458082378360336,0
AC00258,79.14,Credit,Portland,M061,Online,22.0,1.0,2229.56,170.99,571.6162152777778,51-65,0,32,60,2,213,3,0.7847035582135398,-1.948114357449905,0
AC00144,132.48,Debit,Charlotte,M062,Branch,101.0,1.0,9313.05,44.197,452.5613773148148,36-50,1,5,61,1,431,2,0.09346292695264956,0.5601859497138387,0
AC00169,136.48,Debit,Charlotte,M079,Online,138.0,4.0,4618.53,100.137,447.64108796296296,51-65,1,5,78,2,8,3,0.8874909921113561,-0.521909537034922,0
AC00285,203.76,Debit,Colorado Springs,M012,Branch,37.0,1.0,6747.16,221.105,398.6504166666667,51-65,1,7,11,1,359,3,1.055668298296393,0.13905343490954042,0
AC00047,750.95,Debit,Chicago,M100,Branch,27.0,1.0,5134.37,136.105,422.5796064814815,65+,1,6,99,1,99,4,2.2470187209205297,0.6288772437954723,0
AC00460,0.84,Debit,Austin,M036,ATM,31.0,1.0,2207.54,136.172,307.63979166666667,51-65,1,2,35,0,101,3,0.6567114418805897,0.8881500771645606,0
AC00073,257.18,Debit,Los Angeles,M010,Online,28.0,1.0,13336.15,81.67,482.63208333333336,65+,1,20,9,2,542,4,2.4975066246350663,-0.503040094230466,0
AC00253,767.66,Debit,San Jose,M085,ATM,155.0,1.0,1801.69,193.209,545.6024305555555,51-65,1,38,84,0,273,3,0.6807632350557112,1.4302808264307012,0
AC00320,182.29,Debit,San Diego,M032,Online,123.0,1.0,522.39,13.30,543.6336458333334,51-65,1,36,31,2,84,3,0.376743658961415,-0.6319327694767382,0
AC00462,184.51,Credit,Portland,M021,Online,118.0,1.0,9381.64,169.67,426.64903935185185,51-65,0,32,20,2,207,3,1.3649966044414814,-2.4253074343081877,0
AC00071,451.31,Debit,Fort Worth,M046,ATM,166.0,5.0,2963.29,68.254,335.63193287037035,51-65,1,13,45,0,504,3,0.9065813871319109,0.8935747537252383,0
AC00363,144.1,Debit,Chicago,M065,Branch,30.0,1.0,11523.64,49.29,485.6148263888889,51-65,1,6,64,1,449,3,1.5560645315989978,0.6866417946811346,0
AC00448,72.5,Debit,Fort Worth,M053,ATM,30.0,1.0,12723.62,201.113,573.5996527777778,36-50,1,13,52,0,303,2,0.5691802568962124,1.4083894208697019,0
AC00206,74.11,Credit,Virginia Beach,M065,Online,71.0,4.0,3920.11,147.119,422.665775462963,65+,0,41,64,2,133,4,1.9534946587119761,-2.371952200837087,1
AC00181,22.15,Debit,Denver,M065,Branch,73.0,1.0,7451.83,83.182,550.6561921296296,36-50,1,10,64,1,547,2,0.14995933681631562,0.7829075602528712,0
AC00213,777.92,Debit,Austin,M045,Branch,97.0,1.0,7061.58,194.88,510.55039351851855,51-65,1,2,44,1,279,3,1.261541288056492,0.4770448022191679,0
AC00470,790.07,Debit,Miami,M096,Online,197.0,1.0,985.77,82.75,527.6099189814814,26-35,1,24,95,2,545,1,-1.6906051535042232,-0.07587885851386564,0
AC00451,406.33,Credit,Miami,M066,Branch,103.0,1.0,4298.34,150.83,398.64293981481484,51-65,0,24,65,1,148,3,1.0834835539248089,-1.352540593697411,0
AC00192,767.41,Debit,Fort Worth,M021,ATM,27.0,1.0,12799.34,116.175,423.65319444444447,51-65,1,13,20,0,56,3,1.670901760413627,0.8207719912356668,0
AC00378,4.58,Credit,Atlanta,M099,Online,135.0,1.0,811.24,89.6,381.66175925925927,18-25,0,1,98,2,563,0,-2.1037015929557037,-1.7486898600746785,0
AC00143,447.83,Credit,Atlanta,M030,Branch,88.0,1.0,13273.08,162.151,446.6565162037037,51-65,0,1,29,1,185,3,1.7534409673837,-1.378311150329642,0
AC00499,49.67,Debit,Atlanta,M030,Online,146.0,1.0,842.94,184.4,622.5552199074074,18-25,1,1,29,2,240,0,-2.223377961589719,-0.3680283569242774,0
AC00168,77.83,Credit,Kansas City,M067,Branch,146.0,1.0,2471.53,34.86,312.64618055555553,36-50,0,18,66,1,399,2,0.05404643867195181,-1.314907258235148,0
AC00085,702.87,Debit,Washington,M033,ATM,184.0,1.0,1237.5,216.31,515.6283912037037,18-25,1,42,32,0,344,0,-2.466433093754639,0.9123466953781479,0
AC00144,133.56,Debit,Atlanta,M071,Online,177.0,1.0,783.83,162.58,649.5582407407408,18-25,1,1,70,2,188,0,-2.0863598455909593,-0.0802730666790474,0
AC00185,868.05,Credit,San Diego,M024,Online,119.0,1.0,3931.03,197.52,661.6488541666666,36-50,0,36,23,2,288,2,-0.02245063776203036,-2.1378247793840095,0
AC00338,52.87,Debit,Indianapolis,M055,Branch,70.0,1.0,960.96,91.103,583.6155902777778,18-25,1,16,54,1,566,0,-2.2118047024444976,0.6461396866643218,0
AC00384,179.0,Debit,Houston,M053,ATM,121.0,1.0,7310.88,49.10,424.6727199074074,65+,1,15,52,0,445,4,2.3658175107296766,1.3675128409399027,0
AC00336,1168.26,Credit,Philadelphia,M005,Online,37.0,1.0,1385.74,111.78,510.65592592592594,65+,0,30,4,2,37,4,1.6943265233223472,-2.547823234658384,1
AC00003,384.11,Debit,Fort Worth,M032,ATM,12.0,1.0,7902.52,194.88,538.6464467592592,51-65,1,13,31,0,279,3,1.2251450705993236,1.2220221056769207,0
AC00378,227.61,Debit,Houston,M025,Online,61.0,1.0,4405.28,220.179,454.66059027777777,65+,1,15,24,2,358,4,1.8603260867309472,-0.5094164206454228,0
AC00217,40.83,Debit,Indianapolis,M040,ATM,24.0,1.0,3944.12,1.238,445.64667824074075,36-50,1,16,39,0,1,2,0.14297032777669486,0.9598328303501521,0
AC00280,19.76,Debit,Nashville,M037,ATM,240.0,1.0,1523.04,166.41,583.5972106481481,18-25,1,26,36,0,197,0,-2.259865625203113,1.138283848922188,0
AC00184,484.24,Debit,Raleigh,M019,Branch,77.0,1.0,8042.3,73.108,524.6433912037037,65+,1,33,18,1,515,4,1.9060239153195293,0.34410601758520243,0
AC00456,494.66,Debit,Houston,M009,Online,110.0,1.0,5531.93,133.63,503.62974537037036,26-35,1,15,8,2,91,1,-0.8564169039434354,-0.8441656314416429,0
AC00151,301.47,Debit,Colorado Springs,M040,Branch,291.0,1.0,560.73,36.13,647.6640046296296,18-25,1,7,39,1,405,0,-2.394669486741481,0.6213106716228349,0
AC00366,199.09,Debit,Detroit,M078,Online,89.0,1.0,1658.52,157.47,534.6350694444444,65+,1,11,77,2,166,4,1.6112450920602286,-0.11512069087494167,0
AC00383,38.95,Debit,Los Angeles,M100,Online,50.0,1.0,731.52,211.42,382.642037037037,26-35,1,20,99,2,332,1,-1.4978910104400622,-0.3133320934074664,0
AC00076,515.94,Debit,San Francisco,M049,ATM,37.0,1.0,1389.89,27.215,317.6448726851852,26-35,1,37,48,0,376,1,-1.4763322706822355,0.7937996344671775,0
AC00290,41.93,Debit,Fresno,M055,ATM,136.0,1.0,5081.26,211.45,629.6403472222222,36-50,1,14,54,0,333,2,0.07576711467869535,1.5484837482936917,0
AC00347,137.84,Debit,Omaha,M069,ATM,83.0,1.0,1000.35,195.226,356.6711226851852,26-35,1,29,68,0,281,1,-1.506750349240313,1.0232016996057547,0
AC00034,95.35,Debit,Chicago,M032,Online,131.0,1.0,1639.9,39.163,466.6528125,18-25,1,6,31,2,414,0,-2.168309816715424,-0.5358928753122126,0
AC00373,93.14,Debit,Memphis,M092,Online,151.0,1.0,5473.82,83.207,671.639375,65+,1,22,91,2,548,4,1.6835199558395577,0.3486534043197503,0
AC00382,1427.71,Debit,New York,M086,Branch,159.0,1.0,1729.26,59.208,649.6131481481482,51-65,1,27,85,1,478,3,0.5614324742172525,0.8675288187382718,0
AC00463,79.33,Credit,Las Vegas,M026,Online,109.0,1.0,14798.1,64.15,333.6646527777778,51-65,0,19,25,2,494,3,1.7666393579205992,-2.302416736523415,0
AC00030,76.89,Debit,Chicago,M011,ATM,132.0,1.0,7374.26,199.103,543.5976157407407,51-65,1,6,10,0,293,3,1.0846461948052375,1.1872925554428222,0
AC00431,233.71,Debit,Jacksonville,M040,Online,297.0,1.0,1231.98,114.115,601.6123726851852,18-25,1,17,39,2,48,0,-2.2932426996384936,-0.5166813125413473,0
AC00243,14.92,Debit,Las Vegas,M044,Branch,120.0,1.0,6611.26,56.89,531.6361689814814,26-35,1,19,43,1,468,1,-1.0804317104219154,0.474840517721934,0
AC00499,242.17,Debit,Jacksonville,M032,ATM,147.0,1.0,883.72,111.226,514.6543055555555,51-65,1,17,31,0,36,3,0.6803933351879363,1.0729316835142861,0
AC00065,122.98,Debit,Jacksonville,M020,Online,228.0,1.0,5055.99,113.134,468.6624074074074,65+,1,17,19,2,44,4,2.27483073312336,-0.6371648186407723,0
AC00492,129.35,Debit,Las Vegas,M040,ATM,130.0,1.0,7166.88,179.43,433.6513078703704,51-65,1,19,39,0,230,3,0.9729680009354612,1.0928915469149914,0
AC00062,138.33,Debit,Dallas,M011,Online,69.0,1.0,232.56,31.127,485.5908333333333,18-25,1,9,10,2,389,0,-2.3039081171816203,-0.692663067297398,0
AC00026,39.31,Debit,Portland,M053,Online,178.0,1.0,1236.38,203.197,370.61240740740743,18-25,1,32,52,2,310,0,-2.0673887742114117,-0.720216803979313,0
AC00201,91.85,Debit,Seattle,M040,Online,148.0,1.0,802.09,64.89,384.6400810185185,18-25,1,39,39,2,496,0,-2.336552694729094,-0.7442201013540032,0
AC00377,277.7,Debit,Nashville,M011,Branch,107.0,1.0,1423.2,16.131,500.64788194444446,51-65,1,26,10,1,171,3,0.6044767391920958,0.09072839950507419,0
AC00269,114.03,Debit,Portland,M081,ATM,172.0,1.0,13388.56,10.191,345.6537152777778,51-65,1,32,80,0,5,3,1.5967674538228007,1.052234566096939,0
AC00239,302.63,Credit,San Jose,M052,Branch,10.0,1.0,2801.28,182.225,614.6130902777778,26-35,0,38,51,1,235,1,-1.293356232491516,-1.2651705106802702,0
AC00070,31.19,Debit,Charlotte,M023,ATM,74.0,1.0,5545.96,93.160,558.6566435185185,51-65,1,5,22,0,574,3,0.7328240468272766,1.4281269979166322,0
AC00284,112.91,Credit,Tucson,M031,Online,135.0,1.0,4764.48,53.218,354.5869675925926,26-35,0,40,30,2,462,1,-1.1059757757262232,-2.474781809015362,0
AC00337,742.26,Debit,San Diego,M056,Online,36.0,1.0,7868.19,172.111,502.6291550925926,26-35,1,36,55,2,216,1,-0.9488640401529778,-0.6366361610836095,0
AC00051,256.8,Debit,Charlotte,M014,ATM,80.0,1.0,1128.38,173.232,618.6385532407407,26-35,1,5,13,0,219,1,-1.5533966652520355,1.1471426972587788,0
AC00328,378.68,Debit,Fort Worth,M095,ATM,239.0,1.0,7627.04,31.75,667.6133333333333,51-65,1,13,94,0,390,3,1.1560753272728292,1.9396471287813741,0
AC00064,571.93,Debit,Washington,M048,Online,119.0,1.0,4026.03,113.137,410.59866898148147,51-65,1,42,47,2,45,3,0.6303081691787905,-0.8256553587534288,0
AC00231,26.31,Credit,Austin,M028,Online,163.0,1.0,7095.76,187.199,450.64488425925924,65+,0,2,27,2,247,4,2.5384060786362403,-2.0648447656868965,0
AC00362,205.58,Debit,Portland,M005,Online,159.0,1.0,1501.95,221.206,445.5963194444444,18-25,1,32,4,2,361,0,-2.288180660964978,-0.9242672098419445,0
AC00363,533.61,Debit,Mesa,M043,Online,115.0,1.0,3656.93,66.255,319.66287037037034,36-50,1,23,42,2,503,2,-0.09646893218015239,-0.6810420117119313,0
AC00196,428.62,Debit,Raleigh,M028,Branch,72.0,1.0,3473.24,71.93,517.6724537037037,51-65,1,33,27,1,512,3,0.555969026866182,0.34309329845476827,0
AC00360,361.22,Debit,Raleigh,M028,ATM,167.0,1.0,7061.73,173.135,566.5913078703703,51-65,1,33,27,0,218,3,1.2871937893813987,1.139943322986054,0
AC00499,837.29,Debit,Phoenix,M002,Branch,216.0,1.0,6012.67,217.233,342.6616550925926,18-25,1,31,1,1,347,0,-1.7350880782390226,-0.31406964324145403,0
AC00213,117.25,Credit,Atlanta,M091,Online,73.0,1.0,13694.68,98.39,580.6479050925926,26-35,0,1,90,2,588,1,-0.08192011567148036,-1.449875463709799,1
AC00165,135.27,Debit,Atlanta,M050,ATM,131.0,1.0,9410.51,166.79,451.6617013888889,36-50,1,1,49,0,199,2,0.6085892739863193,1.238558374746235,0
AC00299,185.1,Debit,Albuquerque,M005,Branch,23.0,1.0,6115.63,211.97,453.65949074074075,51-65,1,0,4,1,334,3,0.9356406200798789,0.19717121002143725,0
AC00119,113.54,Debit,Columbus,M036,Online,273.0,1.0,5581.21,155.19,408.64304398148147,36-50,1,8,35,2,157,2,-0.1420745760417452,-0.6325750096672904,0
AC00409,354.96,Debit,Fort Worth,M014,Online,96.0,1.0,6712.94,5.50,340.65325231481484,65+,1,13,13,2,452,4,1.9928378856469273,-0.7031472309250446,0
AC00100,224.22,Debit,Fresno,M086,Branch,37.0,1.0,8400.87,148.234,650.560625,51-65,1,14,85,1,140,3,1.1261690307133192,0.8514735739800522,0
AC00244,737.1,Debit,Washington,M032,ATM,92.0,1.0,4644.19,146.250,473.66674768518516,51-65,1,42,31,0,128,3,0.9105593647765378,0.8624832540660787,0
AC00382,223.22,Debit,Fort Worth,M018,ATM,96.0,1.0,1734.22,66.255,475.65819444444446,26-35,1,13,17,0,503,1,-1.5223979384379729,1.0697661637695675,0
AC00389,557.26,Debit,San Jose,M076,ATM,53.0,1.0,5237.12,197.23,396.6269907407407,65+,1,38,75,0,287,4,1.8067109120035878,1.1929062142277076,0
AC00350,1496.57,Debit,Memphis,M092,Online,95.0,1.0,969.06,182.84,615.6584375,26-35,1,22,91,2,236,1,-1.5045923382018767,-0.20422328925124575,0
AC00275,27.44,Debit,Boston,M057,ATM,164.0,1.0,5950.48,177.172,363.6145833333333,51-65,1,4,56,0,227,3,1.289424097054623,1.2136617270648054,0
AC00231,310.09,Debit,Detroit,M068,Branch,166.0,1.0,9962.5,89.18,345.63984953703704,36-50,1,11,67,1,560,2,0.09513095291920641,0.4658768005990916,0
AC00449,80.38,Debit,Kansas City,M064,Online,116.0,1.0,9662.88,1.238,608.6555787037037,51-65,1,18,63,2,1,3,1.2565175311424261,-0.25171909439513324,0
AC00248,26.1,Credit,Detroit,M032,Branch,115.0,1.0,5243.0,170.154,338.6009143518518,65+,0,11,31,1,210,4,1.9884979784057562,-1.4817552810427153,0
AC00301,845.14,Credit,Oklahoma City,M026,Branch,183.0,1.0,1702.65,8.244,664.6594328703703,65+,0,28,25,1,531,4,1.538272224089701,-1.0105710480534038,0
AC00023,59.73,Debit,Fresno,M019,ATM,56.0,1.0,800.93,186.57,531.6468865740741,26-35,1,14,18,0,246,1,-1.5213043809650477,1.0293555141504696,0
AC00272,758.77,Debit,San Antonio,M009,ATM,114.0,1.0,7231.47,163.69,499.6639930555556,51-65,1,35,8,0,191,3,1.138168022890533,0.8279239918392934,0
AC00377,301.51,Debit,Charlotte,M089,ATM,284.0,1.0,1052.31,193.190,618.6511111111112,18-25,1,5,88,0,272,0,-2.2500746135895544,1.6702384789963978,0
AC00276,418.03,Debit,Austin,M051,Online,161.0,1.0,10721.29,47.167,426.5986458333333,51-65,1,2,50,2,440,3,1.480610633887742,-0.31001001724127286,0
AC00427,118.06,Credit,Las Vegas,M082,Branch,31.0,1.0,13560.63,7.146,529.6244560185186,26-35,0,19,81,1,509,1,-0.060914633318360716,-0.9042513943708762,0
AC00220,483.92,Debit,New York,M092,ATM,115.0,1.0,3138.0,145.179,384.5482523148148,65+,1,27,91,0,125,4,1.720429727873942,1.274076059790772,0
AC00370,78.93,Debit,Mesa,M099,ATM,145.0,1.0,9916.24,211.45,625.6463657407407,36-50,1,23,98,0,333,2,0.1551350102653178,1.765469195411794,0
AC00187,36.63,Debit,Miami,M094,ATM,261.0,1.0,7941.73,16.94,549.6282407407407,65+,1,24,93,0,174,4,2.332126964936651,1.6726629606081103,0
AC00293,87.85,Debit,Colorado Springs,M062,Branch,63.0,1.0,3753.24,184.146,326.61206018518516,36-50,1,7,61,1,238,2,0.13971239951690168,0.2711992098401646,0
AC00203,1001.83,Debit,Philadelphia,M051,Online,55.0,1.0,9733.83,89.18,475.6011226851852,26-35,1,30,50,2,560,1,-0.745120689204446,-0.5103822997141519,0
AC00016,705.34,Debit,Washington,M026,Online,124.0,1.0,5003.22,63.67,418.55511574074075,51-65,1,42,25,2,492,3,0.8172541814565693,-0.7208352636706983,0
AC00189,146.55,Debit,Virginia Beach,M002,Online,124.0,5.0,4087.44,82.75,458.5637037037037,51-65,1,41,1,2,545,3,0.652344982600415,-0.9894499188541567,1
AC00005,116.89,Debit,Columbus,M064,Online,226.0,1.0,4880.31,146.250,349.6495601851852,65+,1,8,63,2,128,4,2.008069007496479,-0.4520797339705867,0
AC00190,106.41,Debit,Los Angeles,M063,Branch,87.0,1.0,1310.38,84.237,657.6454513888889,51-65,1,20,62,1,550,3,0.4452478007815983,0.9164902204789306,0
AC00480,1087.9,Debit,Boston,M053,ATM,103.0,1.0,2513.51,112.86,587.5873495370371,65+,1,4,52,0,42,4,1.892857781934809,1.360002097295278,0
AC00407,584.41,Debit,Las Vegas,M051,ATM,41.0,1.0,4475.22,124.180,671.6386805555555,18-25,1,19,50,0,75,0,-1.8607029636769032,1.2493215415853245,0
AC00195,584.98,Credit,Chicago,M093,Branch,121.0,1.0,6521.05,201.95,510.6545949074074,51-65,0,6,92,1,305,3,1.0928583087572161,-0.8431121457932806,0
AC00260,79.21,Debit,Colorado Springs,M055,Branch,140.0,1.0,1615.04,165.143,345.5933680555556,51-65,1,7,54,1,194,3,0.6640614465391221,0.2827463286700242,0
AC00006,173.13,Credit,Atlanta,M044,Online,288.0,1.0,1490.34,5.50,395.6395023148148,18-25,0,1,43,2,452,0,-2.1134639185008988,-2.1354617009872356,0
AC00294,335.7,Debit,El Paso,M012,ATM,57.0,1.0,6601.44,184.57,643.5989583333334,65+,1,12,11,0,241,4,2.3629214061324126,1.3161446767905376,0
AC00327,1225.5,Credit,Las Vegas,M066,Online,109.0,1.0,8611.17,156.187,342.67329861111114,36-50,0,19,65,2,161,2,0.6060380279686814,-2.3557391307937676,0
AC00013,422.81,Debit,Los Angeles,M036,Branch,193.0,1.0,1929.28,77.92,349.66884259259257,26-35,1,20,35,1,524,1,-1.4956598736626223,0.13826450499917828,0
AC00386,135.43,Debit,San Jose,M031,ATM,92.0,1.0,5315.83,120.170,394.66256944444444,51-65,1,38,30,0,70,3,0.9961298715909417,0.7850052896573804,0
AC00256,584.88,Debit,Philadelphia,M042,ATM,121.0,1.0,548.45,91.204,320.6189351851852,26-35,1,30,41,0,567,1,-1.7389465896278176,0.8940390100682417,0
AC00439,308.94,Debit,Los Angeles,M092,Online,167.0,1.0,1931.66,49.20,580.6474305555555,18-25,1,20,91,2,448,0,-2.100850317186141,-0.03451976075106286,0
AC00088,295.93,Debit,Boston,M021,Branch,117.0,1.0,1050.63,145.179,622.6133912037037,36-50,1,4,20,1,125,2,-0.6885874675668283,0.37215499842598326,0
AC00303,1512.99,Debit,Philadelphia,M071,Online,50.0,1.0,9963.39,195.164,453.62077546296297,18-25,1,30,70,2,280,0,-1.6157692891093416,-0.6624993633932293,0
AC00245,77.44,Debit,Washington,M011,Branch,268.0,1.0,1950.63,195.164,496.65416666666664,51-65,1,42,10,1,280,3,0.5692976783289736,0.10742806954490727,0
AC00188,92.5,Credit,Seattle,M080,Online,70.0,1.0,6295.45,113.137,405.65711805555554,36-50,0,39,79,2,45,2,0.1438325728010617,-2.248817027157819,0
AC00225,97.74,Credit,Los Angeles,M046,Online,137.0,1.0,4113.63,218.238,426.6394212962963,36-50,0,20,45,2,349,2,-0.10356803593334031,-2.1630685692023457,0
AC00278,291.68,Debit,Columbus,M058,ATM,90.0,1.0,1451.02,72.128,454.58613425925927,18-25,1,8,57,0,513,0,-2.238423469218623,1.287982551195559,0
AC00311,56.96,Debit,Albuquerque,M011,ATM,135.0,1.0,1597.85,70.130,496.60333333333335,18-25,1,0,10,0,511,0,-2.167689600525561,1.1224951518025448,0
AC00206,436.8,Debit,Seattle,M082,Online,92.0,1.0,1256.33,19.228,489.6630671296296,26-35,1,39,81,2,261,1,-1.5717963324776645,-0.4428178029545284,0
AC00329,259.49,Debit,Austin,M045,Online,292.0,1.0,7320.61,162.151,513.6497106481481,65+,1,2,44,2,185,4,2.190200453497599,-0.2604737746343013,0
AC00338,726.26,Debit,Omaha,M035,Online,147.0,1.0,2150.38,69.160,629.6201388888888,51-65,1,29,34,2,505,3,0.4290858561074359,-0.26561467154047974,0
AC00409,568.68,Debit,Houston,M075,ATM,101.0,1.0,2940.04,189.248,558.5565162037037,65+,1,15,74,0,258,4,1.7012909978904593,1.5564838514908064,0
AC00114,77.57,Debit,Atlanta,M091,Online,225.0,1.0,12801.93,136.104,326.62885416666666,36-50,1,1,90,2,98,2,1.0410611011270734,-0.36607185631776445,0
AC00460,999.28,Debit,Boston,M050,Online,40.0,1.0,4272.41,125.89,531.6016782407407,26-35,1,4,49,2,78,1,-1.141671102521687,-0.5549123685591176,0
AC00373,14.16,Credit,Oklahoma City,M076,Branch,290.0,1.0,5399.76,12.240,664.6397337962962,65+,0,28,75,1,66,4,2.165639014594389,-0.8128412352752775,0
AC00021,1142.83,Credit,Omaha,M028,Branch,48.0,1.0,2467.39,219.98,478.60211805555554,51-65,0,29,27,1,356,3,0.7894702684094069,-1.484184345024928,0
AC00235,61.33,Debit,Raleigh,M018,ATM,129.0,1.0,7537.4,167.95,410.5753125,26-35,1,33,17,0,203,1,-0.8900958920052728,0.7323217400131291,0
AC00261,27.64,Debit,New York,M065,Online,23.0,1.0,7498.51,208.142,513.6207870370371,51-65,1,27,64,2,321,3,1.0575173464363552,-0.28259825043876013,0
AC00456,3.85,Debit,San Jose,M025,ATM,32.0,1.0,10506.41,72.192,566.65375,26-35,1,38,24,0,514,1,-0.6546516022688866,1.1472576920421165,0
AC00332,431.22,Credit,Austin,M051,Branch,129.0,1.0,6505.98,111.226,562.6539467592593,65+,0,2,50,1,36,4,2.3219237111916717,-1.0818905952292355,0
AC00245,178.55,Debit,Houston,M076,Branch,67.0,1.0,7568.4,16.250,324.6637847222222,51-65,1,15,75,1,172,3,1.2013674314149954,0.31280827529853417,0
AC00388,248.76,Debit,Denver,M091,ATM,56.0,1.0,546.46,80.75,529.6626736111111,18-25,1,10,90,0,535,0,-2.449737111793075,1.6108367399608194,0
AC00008,76.16,Debit,San Francisco,M060,ATM,99.0,1.0,1072.25,100.128,348.64346064814816,18-25,1,37,59,0,7,0,-2.0624723246072154,0.741141607617849,0
AC00066,347.25,Debit,Indianapolis,M062,ATM,250.0,1.0,7273.55,33.28,643.5542708333334,65+,1,16,61,0,396,4,1.929233475249438,1.7199674083603516,0
AC00227,28.04,Debit,Los Angeles,M008,ATM,146.0,5.0,11197.54,114.223,627.6493981481482,51-65,1,20,7,0,49,3,1.604592845564944,0.8526192646877123,0
AC00352,325.98,Debit,Washington,M086,ATM,277.0,1.0,782.35,141.241,472.63175925925924,18-25,1,42,85,0,117,0,-2.391099676746993,1.1322642878273215,0
AC00481,249.56,Debit,New York,M083,Branch,246.0,1.0,4444.95,49.10,349.67086805555556,65+,1,27,82,1,445,4,1.9790751581403994,0.5640150366480999,0
AC00341,17.43,Debit,Albuquerque,M042,ATM,33.0,1.0,10658.88,155.19,619.6576157407408,51-65,1,0,41,0,157,3,1.5088187262146573,1.460636580690584,0
AC00065,198.01,Credit,Austin,M005,Branch,40.0,1.0,250.93,83.80,559.5996296296296,26-35,0,2,4,1,549,1,-1.5648541132039826,-1.282079286044466,0
AC00248,585.58,Debit,Raleigh,M091,Branch,55.0,1.0,1729.02,175.166,426.6636111111111,18-25,1,33,90,1,222,0,-2.1247864376246812,0.3075718371460468,0
AC00177,434.67,Credit,Virginia Beach,M024,Online,124.0,1.0,1298.13,13.149,334.5674421296296,26-35,0,41,23,2,82,1,-1.3599280016527453,-2.796900524347815,0
AC00139,510.7,Credit,Nashville,M040,Online,294.0,1.0,5828.48,156.96,515.6475694444445,26-35,0,26,39,2,163,1,-1.012587211683499,-2.2596001465858193,0
AC00252,331.98,Debit,Denver,M047,ATM,12.0,1.0,7600.99,60.153,433.6454282407407,65+,1,10,46,0,482,4,2.2516665582852355,1.3438793380809322,0
AC00286,199.54,Debit,Portland,M070,Online,268.0,1.0,9603.73,16.250,390.61546296296297,51-65,1,32,69,2,172,3,1.3225343690660116,-0.5075058294423006,0
AC00001,212.97,Debit,Atlanta,M003,Online,178.0,1.0,4180.4,45.241,355.63481481481483,51-65,1,1,2,2,436,3,0.9268513084721309,-0.7103392782214948,0
AC00453,270.56,Debit,Philadelphia,M038,Online,139.0,1.0,1268.44,57.166,625.6323263888889,18-25,1,30,37,2,470,0,-2.2814502689431335,-0.3694680977246712,0
AC00291,306.37,Debit,Colorado Springs,M015,ATM,120.0,1.0,9609.67,21.122,495.5705439814815,26-35,1,7,14,0,323,1,-0.7532166018831443,1.0214724800394235,0
AC00113,643.02,Credit,Detroit,M065,ATM,85.0,1.0,11989.39,34.125,398.5970138888889,36-50,0,11,64,0,397,2,0.4975561376547154,-0.4116925256328838,0
AC00390,98.48,Debit,Miami,M090,Branch,12.0,1.0,9538.92,202.194,626.6227777777777,36-50,1,24,89,1,306,2,0.48484879084911503,0.847164421798172,0
AC00345,889.01,Debit,Virginia Beach,M030,Online,169.0,1.0,4826.88,198.166,432.59462962962965,36-50,1,41,29,2,289,2,-0.4977812760674732,-0.8541482333219726,0
AC00011,537.86,Debit,Kansas City,M001,Online,134.0,1.0,293.06,144.228,411.64243055555556,26-35,1,18,0,2,122,1,-1.5820887512263195,-1.0546488902086253,0
AC00106,241.18,Debit,Mesa,M025,ATM,162.0,1.0,1445.53,12.240,523.5678356481482,18-25,1,23,24,0,66,0,-2.031202415750139,0.8862000146792653,0
AC00087,130.54,Debit,Atlanta,M074,ATM,94.0,1.0,11204.62,173.135,578.6175231481482,51-65,1,1,73,0,218,3,1.8204421853878519,1.6506017951766427,0
AC00441,800.29,Credit,San Diego,M033,Branch,84.0,1.0,693.4,115.196,335.65711805555554,18-25,0,36,32,1,50,0,-2.1776952865080377,-1.9808173536030882,0
AC00069,8.81,Debit,Dallas,M046,Online,165.0,1.0,13523.65,35.67,531.6334490740741,51-65,1,9,45,2,403,3,1.7274521231563198,-0.195146717249802,0
AC00020,28.52,Debit,Detroit,M021,ATM,163.0,1.0,662.51,40.10,520.6349074074074,18-25,1,11,20,0,418,0,-2.338769117497986,1.1189574360698469,0
AC00172,431.31,Credit,Atlanta,M021,Online,99.0,1.0,342.73,223.189,552.6605671296296,18-25,0,1,20,2,363,0,-2.126606042744247,-2.1531122179644613,0
AC00237,885.33,Credit,Raleigh,M025,ATM,59.0,1.0,7764.16,40.226,439.5612615740741,36-50,0,33,24,0,421,2,0.310528388470357,-0.7377803906739696,0
AC00186,199.23,Debit,Tucson,M052,ATM,54.0,1.0,9834.0,24.148,426.6689699074074,26-35,1,40,51,0,369,1,-0.663947386255757,1.006044737596963,0
AC00165,42.26,Debit,Raleigh,M080,ATM,171.0,1.0,268.77,59.132,374.65983796296297,36-50,1,33,79,0,476,2,-0.5537292255376024,1.287423494392795,0
AC00438,166.06,Debit,Indianapolis,M020,ATM,172.0,1.0,5397.68,85.239,478.66733796296296,26-35,1,16,19,0,552,1,-1.094445627598108,1.1276415178221424,0
AC00435,357.72,Debit,Miami,M082,ATM,25.0,1.0,7659.5,3.70,454.61216435185185,51-65,1,24,81,0,385,3,0.9928485212843079,1.4123610005172944,0
AC00472,588.37,Debit,Dallas,M100,Online,284.0,1.0,1926.08,49.20,668.5966435185185,26-35,1,9,99,2,448,1,-1.567824301025471,0.2366306247039386,0
AC00446,72.82,Debit,Houston,M063,Online,127.0,1.0,6911.62,25.188,359.6362731481481,65+,1,15,62,2,371,4,2.0277413073255377,-0.37222259515035294,0
AC00427,162.36,Debit,Tucson,M069,Online,147.0,1.0,7527.04,125.89,347.665625,36-50,1,40,68,2,78,2,-0.03758749726000137,-0.7584627478830563,0
AC00230,584.82,Credit,Nashville,M057,Online,109.0,1.0,12071.1,201.114,383.66552083333335,36-50,0,26,56,2,304,2,0.691593475247555,-2.2574227187748477,0
AC00172,38.15,Credit,Oklahoma City,M065,Online,129.0,1.0,1425.47,110.235,394.6493865740741,65+,0,28,64,2,32,4,1.8395759361100523,-2.187801404808423,0
AC00103,477.54,Credit,San Francisco,M063,ATM,52.0,1.0,1598.63,29.168,440.615775462963,18-25,0,37,62,0,380,0,-2.065828889734971,-0.5909533376357289,0
AC00467,639.57,Debit,Philadelphia,M013,Branch,43.0,1.0,11726.47,189.183,321.6574537037037,51-65,1,30,12,1,255,3,1.6551071687258077,-0.18286640434268422,0
AC00094,58.23,Debit,Phoenix,M068,Online,34.0,1.0,9189.76,200.22,466.6143055555556,26-35,1,31,67,2,302,1,-0.6958628697087844,-0.46504255689408297,0
AC00231,776.21,Credit,Raleigh,M036,Online,99.0,1.0,4895.87,213.15,620.6189583333334,65+,0,33,35,2,336,4,2.1238083074122898,-1.9683125256092502,0
AC00032,248.76,Debit,Portland,M070,Branch,117.0,1.0,6178.77,149.46,594.5536342592593,18-25,1,32,69,1,143,0,-1.7675140481778047,0.43907100639063007,0
AC00241,188.61,Debit,Boston,M083,Online,26.0,1.0,7167.57,107.248,307.61805555555554,65+,1,4,82,2,24,4,2.1792266260253847,-0.4765372544362121,0
AC00263,675.37,Credit,Jacksonville,M001,Online,31.0,1.0,4704.91,10.223,310.64311342592595,51-65,0,17,0,2,6,3,1.0761570567523255,-2.827401900327518,0
AC00012,94.82,Credit,Columbus,M011,Branch,56.0,1.0,1267.72,175.230,593.6498495370371,65+,0,8,10,1,224,4,1.5707033716299723,-1.2271886543590016,0
AC00009,425.18,Credit,Fresno,M057,Online,135.0,1.0,5790.55,27.93,622.6630439814815,51-65,0,14,56,2,377,3,1.1077088181986918,-1.717423290509641,0
AC00041,50.28,Debit,Oklahoma City,M057,Branch,65.0,1.0,5729.1,196.244,640.6571527777778,51-65,1,28,56,1,284,3,1.0580068842065775,0.6793666915791108,0
AC00317,864.72,Credit,Detroit,M018,Branch,58.0,1.0,7379.38,161.71,436.64966435185187,26-35,0,11,17,1,184,1,-0.5499865456907035,-1.6698193074898215,0
AC00475,70.68,Debit,El Paso,M016,Online,105.0,1.0,1478.41,13.88,347.6317939814815,18-25,1,12,15,2,85,0,-1.909702385784663,-1.0240095154407214,0
AC00181,261.77,Debit,Chicago,M004,Online,46.0,1.0,824.71,82.75,661.5864236111111,26-35,1,6,3,2,545,1,-1.6109625315717893,-0.349857335292349,0
AC00120,183.22,Debit,Milwaukee,M099,ATM,63.0,1.0,1024.42,64.15,395.56055555555554,26-35,1,25,98,0,494,1,-1.5671878881492947,1.4049393994173283,0
AC00331,58.32,Credit,Louisville,M011,Branch,275.0,4.0,6027.49,87.50,461.65674768518517,26-35,0,21,10,1,558,1,-0.9118077986533341,-1.6094503034339414,1
AC00500,156.86,Debit,Charlotte,M099,ATM,102.0,1.0,14453.35,11.167,643.6476157407408,51-65,1,5,98,0,28,3,1.686542299896543,1.769215332361604,0
AC00292,120.67,Debit,Colorado Springs,M040,ATM,233.0,1.0,5374.54,214.247,314.58019675925925,36-50,1,7,39,0,339,2,-0.04057008578427397,1.0097270086839332,0
AC00436,308.62,Credit,Sacramento,M047,Branch,101.0,1.0,9148.08,61.95,394.5470023148148,51-65,0,34,46,1,487,3,1.4313751911330859,-1.3445560713134364,0
AC00476,506.81,Debit,Milwaukee,M091,ATM,41.0,1.0,2757.23,138.220,319.66013888888887,51-65,1,25,90,0,107,3,0.8416576934827872,1.1067855699841107,0
AC00391,328.39,Debit,New York,M013,ATM,108.0,1.0,2523.83,110.150,360.6423148148148,36-50,1,27,12,0,31,2,-0.32376323495678316,0.5792188068614852,0
AC00267,796.3,Debit,Austin,M062,Branch,64.0,1.0,1498.79,93.160,592.6704976851852,65+,1,2,61,1,574,4,1.2871838728412297,0.8889462516027036,0
AC00034,72.47,Debit,Boston,M083,Online,72.0,1.0,1305.56,89.18,383.5892013888889,26-35,1,4,82,2,560,1,-1.4117167465224225,-0.21004322761016633,0
AC00425,279.6,Debit,Fort Worth,M097,ATM,131.0,1.0,1910.9,182.84,522.6519328703704,18-25,1,13,96,0,236,0,-1.9975636571801403,1.492027239808345,0
AC00048,304.2,Debit,Indianapolis,M083,Online,102.0,1.0,423.64,11.188,514.6695138888889,18-25,1,16,82,2,29,0,-2.072320924276864,-0.4070688441562704,0
AC00110,351.38,Debit,New York,M026,Branch,21.0,1.0,7606.63,47.82,496.5587615740741,51-65,1,27,25,1,441,3,1.3478242020668165,0.31339115844327126,0
AC00427,86.07,Debit,Dallas,M078,Branch,23.0,1.0,842.56,192.163,349.56358796296297,26-35,1,9,77,1,269,1,-1.2916240009635953,0.34644649124099075,0
AC00483,604.5,Debit,Portland,M073,ATM,80.0,1.0,709.42,31.127,453.5605092592593,26-35,1,32,72,0,389,1,-1.6279187483912678,1.1897334759113427,0
AC00310,258.7,Debit,Charlotte,M035,ATM,123.0,1.0,1358.37,161.71,620.6210763888889,26-35,1,5,34,0,184,1,-1.4914511492021392,1.2799414444621762,0
AC00179,994.63,Debit,Austin,M030,Online,158.0,1.0,13538.14,147.119,501.673125,51-65,1,2,29,2,133,3,1.8546981591152614,-0.5471971657223293,0
AC00363,11.46,Credit,Austin,M027,Branch,64.0,1.0,7258.33,179.43,642.6205787037037,65+,0,2,26,1,230,4,2.449915304639438,-0.9787574989781109,0
AC00080,63.76,Debit,San Antonio,M002,ATM,100.0,1.0,4980.26,134.222,495.60136574074073,65+,1,35,1,0,94,4,1.859547308520733,0.8345403993047107,0
AC00158,446.83,Credit,Miami,M051,Branch,143.0,1.0,1623.5,77.92,496.55418981481483,51-65,0,24,50,1,524,3,0.5173921105987603,-1.1103516226643335,0
AC00033,63.54,Debit,Dallas,M045,ATM,136.0,1.0,4401.78,51.250,531.5723726851852,26-35,1,9,44,0,456,1,-1.2780928420271056,1.3553142764294923,0
AC00492,81.11,Debit,Charlotte,M044,Online,110.0,1.0,2051.37,51.250,384.5835648148148,36-50,1,5,43,2,456,2,-0.14918422657485475,-0.45611520427515245,0
AC00228,441.26,Credit,Tucson,M074,Branch,87.0,5.0,13704.92,92.180,615.6693865740741,51-65,0,40,73,1,568,3,1.780163400924915,-1.0873803591127202,1
AC00058,170.96,Debit,Washington,M083,Branch,69.0,1.0,13374.89,96.24,311.6389699074074,51-65,1,42,82,1,584,3,1.8981544438326319,0.43242748939994474,0
AC00427,48.51,Debit,Austin,M009,Branch,69.0,1.0,3363.23,81.67,664.6170717592593,18-25,1,2,8,1,542,0,-2.0418747903856453,0.5315746957395587,0
AC00236,325.03,Debit,Jacksonville,M098,Branch,106.0,1.0,13521.76,111.226,662.6290393518518,51-65,1,17,97,1,36,3,1.8675130442588541,0.8995199861937727,0
AC00144,125.83,Debit,Los Angeles,M001,ATM,138.0,1.0,6109.86,113.137,524.6232291666666,51-65,1,20,0,0,45,3,1.07236428777384,0.8835626712130404,0
AC00256,506.83,Debit,Indianapolis,M064,Branch,45.0,1.0,9975.79,116.43,559.6113310185185,36-50,1,16,63,1,58,2,0.21299852228762656,0.43214621336655223,0
AC00054,738.94,Debit,Philadelphia,M085,Branch,173.0,1.0,13856.18,44.67,391.5517361111111,36-50,1,30,84,1,432,2,0.5743758660237034,0.44583013785030345,0
AC00492,180.36,Credit,Oklahoma City,M021,Online,55.0,1.0,9905.23,184.185,523.6628472222222,26-35,0,28,20,2,239,1,-0.3348792826067214,-2.3390028486035117,0
AC00498,225.1,Debit,Boston,M082,ATM,35.0,1.0,1547.71,217.82,328.61,26-35,1,4,81,0,348,1,-1.3631381565451723,1.2222451955402593,0
AC00005,359.51,Debit,Charlotte,M010,Online,157.0,1.0,7153.72,32.169,339.58578703703705,65+,1,5,9,2,392,4,2.4235179253743153,-0.6873155855045899,0
AC00204,720.46,Debit,Tucson,M068,Branch,44.0,1.0,3101.54,19.20,332.6652199074074,51-65,1,40,67,1,260,3,0.5744299726372722,0.11290137145071122,0
AC00428,1116.57,Debit,Tucson,M005,ATM,104.0,1.0,1393.14,135.73,619.6340856481481,51-65,1,40,4,0,97,3,0.36523235385793745,0.8541232244257603,0
AC00019,291.46,Debit,Miami,M046,ATM,135.0,1.0,7142.53,149.84,634.6528587962963,51-65,1,24,45,0,144,3,1.0850394645762085,1.3601791228949873,0
AC00029,1192.95,Debit,Las Vegas,M068,Branch,73.0,1.0,325.15,71.93,335.56806712962964,18-25,1,19,67,1,512,0,-2.373774532518441,0.18514259526831053,0
AC00449,98.24,Debit,Mesa,M031,Online,148.0,1.0,580.66,193.190,573.5904166666667,26-35,1,23,30,2,272,1,-1.5660202914159373,-0.507464493433249,0
AC00213,100.48,Credit,Milwaukee,M100,Branch,104.0,1.0,6149.81,136.172,625.6380439814815,18-25,0,25,99,1,101,0,-1.7012591307423952,-0.9308473550992095,0
AC00076,45.9,Debit,Columbus,M002,Branch,264.0,1.0,5698.25,221.169,488.5498611111111,51-65,1,8,1,1,360,3,0.9256614836215492,0.2679218141911983,0
AC00442,258.21,Debit,San Antonio,M014,Online,225.0,1.0,9562.41,68.254,342.6185185185185,36-50,1,35,13,2,504,2,0.10996640621821178,-0.8618056069061969,0
AC00228,1079.11,Debit,Las Vegas,M042,Online,211.0,1.0,2038.31,209.214,548.6425462962962,51-65,1,19,41,2,322,3,0.318325316427985,-0.4173324410828683,0
AC00081,287.51,Debit,El Paso,M016,Online,255.0,1.0,187.65,189.20,531.6325,18-25,1,12,15,2,257,0,-2.3159860443715865,-0.6527915745921944,0
AC00072,501.3,Credit,San Antonio,M020,Online,146.0,1.0,8520.08,197.187,531.5697916666667,26-35,0,35,19,2,286,1,-0.8224985486990655,-2.37821244959407,0
AC00261,26.1,Debit,Mesa,M001,ATM,32.0,1.0,1435.72,77.92,625.6568055555556,26-35,1,23,0,0,524,1,-1.5901145034756854,1.1514344801767271,0
AC00082,436.77,Debit,Jacksonville,M075,ATM,176.0,1.0,825.69,48.31,402.6627546296296,18-25,1,17,74,0,443,0,-2.357740430108551,1.2327807712063594,0
AC00334,292.38,Debit,Baltimore,M001,ATM,224.0,1.0,5803.89,3.11,538.6392129629629,65+,1,3,0,0,382,4,1.8230656288115359,1.2206656420417246,0
AC00251,1026.46,Debit,Philadelphia,M009,Branch,165.0,1.0,3134.47,131.41,501.64383101851854,51-65,1,30,8,1,88,3,0.4894250829319359,-0.061872187619668215,0
AC00481,25.29,Debit,Miami,M005,Online,125.0,1.0,5374.69,41.82,465.5641782407407,36-50,1,24,4,2,426,2,0.17657536411200875,-0.6920691511239246,0
AC00239,123.35,Credit,Baltimore,M070,Online,10.0,1.0,6852.16,172.111,450.6312731481481,26-35,0,3,69,2,216,1,-0.5815342677277335,-2.0139311005160376,0
AC00394,139.52,Debit,Portland,M025,Branch,31.0,1.0,1570.22,216.79,408.58701388888886,18-25,1,32,24,1,346,0,-2.1178163109227577,-0.040076110574980645,0
AC00374,51.2,Debit,Tucson,M066,Online,83.0,1.0,730.6,21.97,601.5562152777778,18-25,1,40,65,2,327,0,-2.44296993434985,-0.35102986305542944,0
AC00054,122.85,Credit,Seattle,M069,Online,127.0,3.0,13185.39,210.98,340.6028587962963,36-50,0,39,68,2,331,2,1.005560582935762,-2.3675435938804563,1
AC00281,161.38,Credit,Colorado Springs,M019,Online,101.0,1.0,3900.34,71.93,360.6698842592593,18-25,0,7,18,2,512,0,-1.7168743739910886,-2.3794197877262073,0
AC00140,2.51,Debit,Baltimore,M099,Online,32.0,1.0,4891.56,46.150,566.6715393518518,51-65,1,3,98,2,439,3,1.1515707588667425,0.23454142164197436,0
AC00058,22.62,Debit,Virginia Beach,M075,ATM,102.0,1.0,7682.0,197.187,543.6501736111111,51-65,1,41,74,0,286,3,1.3805855928369866,1.42864566297178,0
AC00066,126.83,Debit,Austin,M007,Branch,39.0,1.0,6100.98,21.122,622.6459027777778,51-65,1,2,6,1,323,3,1.0318706221084448,0.4687657800651965,0
AC00190,46.6,Debit,Detroit,M060,Online,68.0,1.0,1562.9,147.227,431.5912962962963,51-65,1,11,59,2,135,3,0.6314661583333875,-0.44858875645312646,0
AC00452,243.8,Debit,San Francisco,M016,Branch,48.0,1.0,13732.81,64.15,670.6440740740741,51-65,1,37,15,1,494,3,1.5936361297550914,0.49672542693287774,0
AC00099,231.51,Credit,Oklahoma City,M008,Branch,96.0,1.0,5790.7,205.69,433.617974537037,51-65,0,28,7,1,316,3,1.2054024740499232,-1.5924273101176474,0
AC00126,175.05,Debit,San Francisco,M068,Online,34.0,1.0,1447.35,24.129,671.6270023148148,36-50,1,37,67,2,368,2,-0.6667108492134091,-0.1251805441406287,0
AC00021,762.74,Debit,Los Angeles,M053,ATM,244.0,1.0,207.1,8.136,551.6123263888888,51-65,1,20,52,0,529,3,0.5029764526036331,1.4815352255052303,0
AC00353,34.03,Debit,Los Angeles,M016,Branch,38.0,1.0,3077.2,141.241,531.6253356481482,51-65,1,20,15,1,117,3,0.7992895415898575,0.18744579423101634,0
AC00482,15.95,Debit,Raleigh,M048,Branch,52.0,1.0,1983.0,190.92,600.6261458333333,18-25,1,33,47,1,265,0,-2.025154493935996,0.37761793050927767,0
AC00427,926.53,Debit,Milwaukee,M064,ATM,107.0,1.0,3120.1,147.125,345.6125,51-65,1,25,63,0,134,3,0.7119194063687648,0.9488170852678716,0
AC00430,101.51,Credit,Tucson,M042,Online,199.0,1.0,3052.47,28.149,591.6625347222222,36-50,0,40,41,2,379,2,-0.1494835520432892,-2.0109896484359737,0
AC00043,309.42,Debit,Fresno,M089,Branch,42.0,1.0,8564.46,214.32,382.6380787037037,26-35,1,14,88,1,340,1,-0.7708047403111212,0.4601134492491652,0
AC00186,257.6,Credit,Fort Worth,M004,Online,293.0,1.0,7950.74,40.244,321.6522106481481,51-65,0,13,3,2,422,3,1.369191232460641,-2.4448076321328256,0
AC00248,746.78,Credit,Mesa,M001,Branch,64.0,1.0,1699.81,112.66,342.65171296296296,18-25,0,23,0,1,41,0,-2.004146722810675,-2.108555550356431,0
AC00069,82.01,Credit,Sacramento,M097,Branch,156.0,1.0,287.46,210.98,314.6106134259259,18-25,0,34,96,1,331,0,-2.094278628547112,-1.3388963715371536,0
AC00002,476.99,Debit,San Diego,M022,Online,187.0,1.0,1154.48,113.137,663.6733564814815,18-25,1,36,21,2,45,0,-2.229833477395633,-0.6855983313694861,0
AC00090,320.11,Debit,El Paso,M025,Branch,130.0,1.0,4076.48,85.240,430.6534837962963,18-25,1,12,24,1,553,0,-1.942981716469506,0.2158642003369878,0
AC00210,333.39,Debit,Philadelphia,M015,ATM,35.0,1.0,10628.59,10.144,419.6469675925926,65+,1,30,14,0,4,4,2.4126925864998987,0.7469645118801622,0
AC00014,10.3,Debit,Fresno,M022,ATM,197.0,1.0,7801.32,150.231,332.6327083333333,36-50,1,14,21,0,146,2,0.43136279938991395,0.7960000130998465,0
AC00039,737.46,Credit,Albuquerque,M037,Branch,75.0,4.0,634.16,202.194,670.6524768518518,51-65,0,0,36,1,306,3,0.44844437142527427,-1.1584419193276048,1
AC00021,416.55,Debit,Oklahoma City,M038,Online,73.0,1.0,922.96,188.205,548.6079513888889,26-35,1,28,37,2,251,1,-1.3718966012965177,-0.576545032894482,0
AC00242,84.91,Debit,Raleigh,M034,Online,68.0,1.0,1671.86,141.201,384.56162037037035,18-25,1,33,33,2,116,0,-2.210836966530134,-0.9707027221247914,0
AC00413,98.95,Debit,Mesa,M084,Branch,73.0,1.0,5670.82,112.196,310.6043402777778,65+,1,23,83,1,38,4,2.2693173442196835,0.2997668265976641,0
AC00082,18.14,Credit,Milwaukee,M097,ATM,48.0,1.0,6020.85,99.205,625.5584375,51-65,0,25,96,0,589,3,1.0715762274282836,0.28429948874464167,0
AC00304,1154.79,Debit,Columbus,M006,ATM,108.0,1.0,6180.3,97.4,459.5965277777778,51-65,1,8,5,0,586,3,0.6174720248669778,1.0420380065099235,0
AC00098,215.13,Debit,Charlotte,M016,Online,114.0,1.0,3956.69,161.168,668.6705324074074,36-50,1,5,15,2,180,2,-0.06253046988293771,-0.36609229119734504,0
AC00372,218.57,Credit,Memphis,M004,Branch,102.0,1.0,13869.86,110.64,384.6511689814815,51-65,0,22,3,1,35,3,2.1721340116174233,-1.7931390697881398,0
AC00274,341.88,Debit,Austin,M053,ATM,89.0,1.0,4159.52,3.11,508.65019675925925,36-50,1,2,52,0,382,2,-0.17166614359900262,1.3906922526641596,0
AC00080,691.92,Debit,Boston,M010,Online,61.0,1.0,1084.65,163.58,482.6492476851852,18-25,1,4,9,2,190,0,-2.2906018556809875,-0.8439028279164698,0
AC00064,50.43,Debit,San Jose,M057,Branch,51.0,1.0,9794.26,161.195,482.66854166666667,26-35,1,38,56,1,182,1,-0.4869685822181633,0.2279868031727233,0
AC00241,440.43,Debit,Colorado Springs,M015,Branch,23.0,1.0,5123.24,111.226,409.6015972222222,65+,1,7,14,1,36,4,2.2931700384535683,0.044689227659593045,0
AC00055,299.03,Debit,Columbus,M018,Branch,52.0,1.0,1381.28,193.221,654.6132060185186,36-50,1,8,17,1,275,2,-0.5986482876003711,0.45145397153719113,0
AC00215,1.98,Debit,Seattle,M074,ATM,170.0,1.0,11619.1,45.241,314.60363425925925,65+,1,39,73,0,436,4,2.3318813570996886,1.2102661449779686,0
AC00037,173.45,Debit,Philadelphia,M066,ATM,161.0,1.0,9077.62,136.250,314.6537962962963,26-35,1,30,65,0,102,1,-0.5421668800312489,0.8678130110237813,0
AC00325,438.76,Debit,San Antonio,M072,Branch,73.0,1.0,1824.19,182.84,629.6405439814815,18-25,1,35,71,1,236,0,-2.21094436812965,0.5067136772890476,0
AC00394,519.62,Credit,Washington,M026,Online,40.0,1.0,4159.33,51.250,346.6003009259259,65+,0,42,25,2,456,4,1.865641677900135,-2.437866518211899,0
AC00164,738.68,Debit,Chicago,M096,Online,124.0,1.0,14352.33,197.23,607.649675925926,36-50,1,6,95,2,287,2,1.0101021631041107,0.0823777056039117,0
AC00096,151.14,Debit,Memphis,M004,Online,38.0,1.0,2156.54,143.212,521.6617013888889,51-65,1,22,3,2,121,3,0.9496256532819151,-0.7450278001526424,0
AC00402,75.77,Debit,Charlotte,M090,Branch,148.0,1.0,8361.7,218.83,454.5981018518519,51-65,1,5,89,1,351,3,1.0598407842919984,0.7724191727034473,0
AC00077,444.52,Debit,Louisville,M026,Online,17.0,1.0,5424.6,214.67,579.6634722222223,26-35,1,21,25,2,341,1,-1.1689104013045863,-0.5424540980614262,0
AC00116,5.29,Debit,Indianapolis,M062,Online,276.0,1.0,11263.89,23.92,606.5536689814815,51-65,1,16,61,2,367,3,1.2747423392220218,-0.023106416582919977,0
AC00145,97.63,Credit,Milwaukee,M023,Online,127.0,1.0,12467.31,101.90,538.6708796296297,36-50,0,25,22,2,13,2,1.0111968450617732,-2.326351930429521,0
AC00457,256.95,Debit,San Diego,M047,Branch,71.0,1.0,2531.24,49.172,549.646400462963,26-35,1,36,46,1,446,1,-1.5347957619514154,0.37729940060005335,0
AC00021,734.86,Credit,Boston,M075,Branch,290.0,1.0,6242.03,134.140,331.6474421296296,36-50,0,4,74,1,93,2,0.3857247230180577,-1.356287167841367,0
AC00110,1250.94,Debit,Columbus,M054,ATM,107.0,2.0,11565.97,35.67,614.5996180555555,36-50,1,8,53,0,403,2,0.12464538456165435,1.376171580033971,0
AC00284,84.28,Debit,Memphis,M087,Branch,142.0,1.0,13586.06,66.23,510.6238773148148,36-50,1,22,86,1,502,2,0.5321627625037484,0.7805472404442024,0
AC00012,927.45,Debit,Austin,M027,ATM,95.0,1.0,1161.84,176.96,454.5517476851852,18-25,1,2,26,0,225,0,-2.1426385333496567,0.9052823886981779,0
AC00065,202.49,Credit,Virginia Beach,M050,ATM,69.0,1.0,7447.1,93.52,311.6513425925926,36-50,0,41,49,0,578,2,0.3774045958256651,-0.6550156753597154,0
AC00439,154.99,Debit,Mesa,M025,Branch,53.0,1.0,1419.31,82.51,433.6256712962963,18-25,1,23,24,1,544,0,-2.112012562362836,0.1583610450820986,0
AC00157,481.53,Debit,Atlanta,M087,Branch,277.0,1.0,6142.54,221.169,418.618125,51-65,1,1,86,1,360,3,1.0353188444139034,0.7181264230264238,0
AC00013,172.92,Debit,Miami,M052,Online,212.0,1.0,416.37,214.67,433.6334375,18-25,1,24,51,2,341,0,-2.362497854492427,-0.5881169076195013,0
AC00355,275.59,Credit,Philadelphia,M063,Branch,238.0,1.0,6313.22,132.127,390.6396875,51-65,0,30,62,1,89,3,1.0477536413764752,-1.4175387431008681,0
AC00155,207.2,Debit,Columbus,M028,Online,133.0,1.0,8092.94,214.247,307.66239583333333,51-65,1,8,27,2,339,3,1.3822048965725646,-0.711193385502135,0
AC00105,136.82,Debit,Chicago,M091,Branch,14.0,1.0,6229.13,49.31,436.5721875,26-35,1,6,90,1,450,1,-0.849439278634286,0.6754101332225739,0
AC00216,624.0,Debit,Houston,M097,Branch,132.0,5.0,4976.18,113.137,626.6091203703704,26-35,1,15,96,1,45,1,-1.136464257481921,0.4492131732584863,1
AC00297,179.38,Debit,Chicago,M074,Online,28.0,1.0,8741.51,112.56,451.56775462962963,26-35,1,6,73,2,40,1,-0.5300104429055084,-0.4598182364971661,0
AC00139,10.15,Debit,Austin,M004,ATM,58.0,5.0,7155.04,55.139,619.6384953703704,51-65,1,2,3,0,464,3,1.232173637112884,1.115651962672817,0
AC00205,26.3,Debit,Virginia Beach,M029,ATM,33.0,1.0,7473.73,42.219,327.6333217592593,26-35,1,41,28,0,427,1,-0.7487688531520605,0.7461299816307781,0
AC00148,319.5,Credit,Virginia Beach,M081,Branch,69.0,1.0,2366.3,54.252,513.6717708333333,26-35,0,41,80,1,463,1,-1.321083444509565,-1.1123912972152301,0
AC00064,182.42,Debit,Kansas City,M080,Branch,137.0,1.0,3051.29,3.77,592.6324652777778,51-65,1,18,79,1,386,3,0.45004573554665767,0.8454258445722478,0
AC00344,716.62,Debit,Atlanta,M084,ATM,241.0,1.0,6987.4,57.141,573.6705671296296,36-50,1,1,83,0,469,2,0.013211659267161509,1.740210689653131,0
AC00448,222.96,Credit,Fresno,M073,ATM,150.0,1.0,7370.41,203.245,591.6151620370371,51-65,0,14,72,0,311,3,1.5253071102420046,0.002512284797479033,0
AC00446,79.77,Debit,San Francisco,M066,ATM,167.0,1.0,5010.31,51.250,650.6373726851851,65+,1,37,65,0,456,4,1.65604474482543,1.680605727234099,0
AC00460,431.08,Debit,Albuquerque,M013,Branch,25.0,1.0,6760.22,145.179,475.5712615740741,51-65,1,0,12,1,125,3,1.2431168178519016,0.1598176134235628,0
AC00020,592.24,Debit,Tucson,M034,ATM,140.0,1.0,9817.05,159.37,384.63765046296294,51-65,1,40,33,0,169,3,1.143540259526282,0.787141609458316,0
AC00202,200.19,Credit,San Antonio,M030,Branch,108.0,1.0,4389.96,177.172,474.58376157407406,51-65,0,35,29,1,227,3,0.7809105018596272,-1.4822137184389028,0
AC00458,297.5,Credit,Kansas City,M071,Branch,80.0,1.0,6768.14,211.42,587.6188425925926,65+,0,18,70,1,332,4,2.240298964182311,-0.8398345789537333,0
AC00139,345.86,Debit,Omaha,M069,ATM,145.0,1.0,1504.64,96.162,349.6442361111111,51-65,1,29,68,0,583,3,0.25556466059369254,1.257599723376768,0
AC00210,343.88,Debit,Nashville,M068,Online,97.0,1.0,6486.18,211.97,328.6490856481482,51-65,1,26,67,2,334,3,1.2838986024710513,-0.5357966207341928,0
AC00399,16.52,Credit,Boston,M093,Online,135.0,1.0,835.53,165.35,669.6295138888889,18-25,0,4,92,2,195,0,-1.938873718967741,-1.5517864197649824,0
AC00267,162.1,Debit,Milwaukee,M078,Branch,151.0,1.0,8576.65,83.80,333.60703703703706,36-50,1,25,77,1,549,2,0.13997243593466696,0.45108903503241105,0
AC00414,36.12,Debit,Houston,M085,Online,234.0,1.0,1593.03,62.152,340.5924074074074,18-25,1,15,84,2,488,0,-2.152004737562101,-0.3629939580718648,0
AC00272,354.91,Debit,Boston,M086,ATM,191.0,1.0,3872.55,172.111,321.6500115740741,65+,1,4,85,0,216,4,1.9845728914168037,1.3500687645309373,0
AC00220,38.41,Debit,Denver,M068,ATM,117.0,1.0,9129.68,158.135,572.6674421296296,36-50,1,10,67,0,168,2,0.25900552312336816,1.4674553110146953,0
AC00276,53.52,Debit,San Diego,M066,Branch,55.0,1.0,2227.49,163.69,583.6597106481481,36-50,1,36,65,1,191,2,-0.13715661989360037,0.506435124239132,0
AC00084,498.59,Debit,Philadelphia,M060,Online,138.0,1.0,2619.46,143.212,377.5622222222222,51-65,1,30,59,2,121,3,0.7018736863272719,-0.6718508453639627,0
AC00189,13.3,Debit,San Antonio,M009,ATM,63.0,1.0,213.0,144.228,516.6477662037037,18-25,1,35,8,0,122,0,-2.2180114783532474,0.7335049623952473,0
AC00209,189.65,Debit,Charlotte,M100,ATM,60.0,1.0,8457.09,145.76,405.65157407407406,18-25,1,5,99,0,127,0,-1.3948722700896294,1.3145384450912856,0
AC00324,255.32,Debit,Baltimore,M018,ATM,27.0,1.0,6290.62,47.167,417.6620949074074,65+,1,3,17,0,440,4,2.381455701706502,1.1667374584668349,0
AC00159,230.51,Credit,Memphis,M062,Branch,56.0,1.0,9522.37,42.219,625.5899421296297,51-65,0,22,61,1,427,3,1.1791654012603991,-0.874325678166416,0
AC00497,237.74,Debit,Tucson,M022,ATM,152.0,1.0,11795.12,93.115,510.5548263888889,51-65,1,40,21,0,571,3,1.5422055606060203,1.1719324996471057,0
AC00257,512.76,Debit,Fresno,M080,ATM,26.0,1.0,5121.36,210.228,572.6452777777778,51-65,1,14,79,0,330,3,0.6983773316355391,1.5847405583090903,0
AC00353,151.37,Debit,Baltimore,M044,ATM,53.0,1.0,8356.08,104.155,580.6342592592592,51-65,1,3,43,0,15,3,1.2399193348100719,1.3062118902833815,0
AC00115,85.01,Credit,Portland,M014,ATM,157.0,1.0,1299.4,218.54,650.5647569444444,18-25,0,32,13,0,350,0,-2.045136897593418,-0.5142796160582389,0
AC00478,444.47,Debit,San Jose,M005,Online,61.0,1.0,6062.94,40.45,657.6630208333333,51-65,1,38,4,2,423,3,0.8516069942692943,-0.4950880602929264,0
AC00497,184.19,Debit,Indianapolis,M035,ATM,58.0,1.0,7588.67,80.75,559.6543287037038,65+,1,16,34,0,535,4,1.9316810386349572,1.4637591614856487,0
AC00131,879.25,Credit,Memphis,M086,Online,137.0,1.0,125.85,190.164,362.5998842592593,18-25,0,22,85,2,263,0,-2.1333487572812233,-2.223377165294754,0
AC00059,55.98,Credit,Kansas City,M013,Branch,87.0,1.0,7047.04,70.130,405.6465277777778,18-25,0,18,12,1,511,0,-1.443711214799439,-1.5694032339508683,0
AC00101,54.91,Credit,Columbus,M010,ATM,275.0,1.0,7927.27,147.125,629.6655902777778,36-50,0,8,9,0,134,2,0.25689110568615436,-0.44074893329816917,0
AC00418,1047.69,Debit,Austin,M037,Online,139.0,1.0,1889.78,51.196,384.6515162037037,18-25,1,2,36,2,455,0,-2.2841601166399492,-0.6853102504965781,0
AC00384,393.74,Debit,Charlotte,M099,Online,90.0,1.0,1769.06,62.27,335.5798148148148,26-35,1,5,98,2,490,1,-1.4867234527361788,-0.25643629242993554,0
AC00496,58.94,Debit,Miami,M046,Online,26.0,1.0,4575.98,56.116,657.6610648148148,26-35,1,24,45,2,466,1,-1.1588535057145755,-0.19542647481395312,0
AC00145,515.57,Debit,Columbus,M027,ATM,56.0,1.0,9269.67,147.227,671.6113425925926,26-35,1,8,26,0,135,1,-0.7568353350950037,1.2316265423146175,0
AC00131,332.15,Debit,Dallas,M030,ATM,105.0,1.0,9749.46,37.213,384.6213425925926,51-65,1,9,29,0,408,3,1.440270767645338,1.0911970543058624,0
AC00224,177.94,Debit,Milwaukee,M088,Online,173.0,1.0,123.24,27.93,404.6687962962963,18-25,1,25,87,2,377,0,-2.417048360974792,-0.393211754570773,0
AC00219,68.68,Debit,Sacramento,M094,Online,141.0,1.0,4718.51,195.226,412.66050925925924,36-50,1,34,93,2,281,2,0.11802067852948438,-0.3245233442623529,0
AC00385,1431.54,Debit,Portland,M075,Online,84.0,1.0,1171.98,68.254,328.6560416666667,18-25,1,32,74,2,504,0,-2.45885180524715,-0.7128219431039157,0
AC00133,240.03,Debit,Atlanta,M079,Online,31.0,1.0,7807.73,211.45,615.6142592592593,26-35,1,1,78,2,333,1,-0.6447445632294154,0.004477377098988907,0
AC00056,168.34,Debit,Phoenix,M068,ATM,240.0,1.0,7483.01,81.222,495.58101851851853,51-65,1,31,67,0,540,3,1.269873391202674,1.509587947652872,0
AC00358,474.77,Debit,Boston,M038,Online,284.0,1.0,8494.53,65.124,394.56920138888887,36-50,1,4,37,2,497,2,0.2905341155886305,-0.45710461998526297,0
AC00419,451.7,Debit,Chicago,M017,Online,103.0,1.0,8994.67,191.91,613.6353009259259,26-35,1,6,16,2,268,1,-0.7247199470419528,-0.48156713901613674,0
AC00464,243.85,Debit,Omaha,M082,Branch,43.0,1.0,4576.78,197.162,319.64385416666664,36-50,1,29,81,1,285,2,-0.22685098863319147,0.2567679318191841,0
AC00430,5.76,Debit,Houston,M070,Branch,164.0,1.0,5859.79,145.246,433.62186342592594,36-50,1,15,69,1,126,2,-0.08920971816832961,0.3938532182664091,0
AC00071,435.08,Debit,San Francisco,M038,Online,78.0,1.0,2103.41,109.211,468.67347222222224,51-65,1,37,37,2,26,3,0.5819798754293963,-0.7749945157481893,0
AC00404,127.78,Debit,Miami,M050,ATM,170.0,1.0,1046.66,112.196,558.6450694444444,18-25,1,24,49,0,38,0,-2.2391570567019974,1.0869910896179609,0
AC00349,23.14,Credit,Mesa,M064,Online,93.0,1.0,10536.54,122.30,354.6150578703704,36-50,0,23,63,2,73,2,0.8559626548554992,-2.298993789694406,0
AC00235,545.87,Debit,Miami,M026,Branch,41.0,1.0,4860.01,162.207,671.6515740740741,26-35,1,24,25,1,187,1,-1.2345550281707216,0.3237129621459178,0
AC00228,21.21,Debit,Nashville,M063,Online,37.0,1.0,9575.42,105.87,335.657662037037,51-65,1,26,62,2,20,3,1.4396331058667564,-0.7130827174987178,0
AC00024,423.53,Credit,Kansas City,M025,Branch,81.0,1.0,5453.4,32.71,451.6239699074074,36-50,0,18,24,1,394,2,0.30031279213461254,-1.4246433106211012,0
AC00330,142.1,Credit,San Francisco,M056,Online,109.0,1.0,1545.64,158.129,514.627662037037,18-25,0,37,55,2,167,0,-2.1723428461253222,-2.258675581718255,0
AC00290,1413.24,Debit,New York,M016,ATM,199.0,1.0,7272.01,166.41,363.55002314814817,51-65,1,27,15,0,197,3,1.0237867752062864,0.6568626846804189,0
AC00042,114.15,Debit,Atlanta,M001,ATM,52.0,1.0,1612.4,49.29,621.6393981481482,18-25,1,1,0,0,449,0,-2.2860612952711516,1.1817027888057905,0
AC00203,275.98,Credit,Washington,M053,Online,67.0,1.0,6151.05,89.18,324.6687037037037,65+,0,42,52,2,560,4,2.098594288453178,-2.2043383658124234,0
AC00248,590.68,Debit,Washington,M037,Branch,23.0,1.0,852.2,179.43,405.63395833333334,26-35,1,42,36,1,230,1,-1.5995516288888498,-0.09972312860576454,0
AC00140,152.42,Debit,San Jose,M057,ATM,176.0,1.0,9141.79,38.166,377.6435300925926,36-50,1,38,56,0,411,2,0.2138920230906902,1.074745084087478,0
AC00095,395.77,Credit,El Paso,M095,Branch,118.0,1.0,6425.99,113.201,615.655625,36-50,0,12,94,1,46,2,0.21897501150777124,-0.867300295182077,0
AC00225,615.16,Debit,Boston,M080,Online,140.0,1.0,214.61,62.27,636.6431712962963,26-35,1,4,79,2,490,1,-1.7684677149132668,0.06930012957602263,0
AC00445,207.82,Credit,Las Vegas,M078,Online,30.0,1.0,229.02,32.71,614.6474189814815,18-25,0,19,77,2,394,0,-2.3019212029893983,-1.7649487283479561,0
AC00385,220.52,Debit,Seattle,M054,ATM,152.0,1.0,1793.09,47.82,515.6666319444445,51-65,1,39,53,0,441,3,0.48252903628171306,1.3096551252676878,0
AC00143,281.47,Debit,Philadelphia,M029,ATM,142.0,1.0,4437.48,100.198,443.63122685185186,26-35,1,30,28,0,9,1,-0.9055269371393984,0.7587308602241182,0
AC00448,57.91,Credit,Sacramento,M079,Branch,97.0,1.0,3641.06,73.156,341.6402199074074,51-65,0,34,78,1,516,3,0.9112333590493843,-1.182626331404287,0
AC00273,30.48,Credit,Seattle,M073,Branch,78.0,1.0,11481.85,49.20,335.6530902777778,26-35,0,39,72,1,448,1,-0.2368358588879068,-1.3856734360831888,0
AC00291,1152.58,Debit,Austin,M020,Branch,180.0,1.0,7567.17,197.162,417.59269675925924,51-65,1,2,19,1,285,3,1.3722885791517738,0.15731328842815676,0
AC00337,453.09,Debit,San Jose,M088,Branch,97.0,1.0,6708.65,81.222,517.6554398148148,36-50,1,38,87,1,540,2,0.10643612005338794,0.6919050042114286,0
AC00332,424.47,Debit,Oklahoma City,M050,Online,116.0,1.0,5491.55,151.247,615.6688425925926,18-25,1,28,49,2,149,0,-1.8170208559847507,-0.482047817982508,0
AC00040,228.4,Debit,Omaha,M060,ATM,116.0,1.0,9598.43,149.46,668.6579166666667,65+,1,29,59,0,143,4,2.164386458917249,1.5253722778863748,0
AC00089,67.17,Debit,Seattle,M034,Online,48.0,1.0,14410.44,101.223,489.5868865740741,51-65,1,39,33,2,12,3,2.1060003423507467,-0.7256151145431258,0
AC00231,284.89,Debit,Atlanta,M042,Online,115.0,1.0,9738.6,43.98,321.59291666666667,51-65,1,1,41,2,430,3,1.2676160087779587,-0.5350626479455178,0
AC00277,118.69,Debit,Omaha,M029,Online,296.0,1.0,749.34,152.140,629.5650347222222,26-35,1,29,28,2,150,1,-1.4006076424234633,-0.4954965212742253,0
AC00465,221.33,Debit,Louisville,M015,ATM,276.0,1.0,1185.43,77.7,382.57831018518516,26-35,1,21,14,0,523,1,-1.6175572314475897,0.9093644424572435,0
AC00205,252.31,Credit,Seattle,M037,ATM,172.0,1.0,1584.6,47.167,585.6677546296296,26-35,0,39,36,0,440,1,-1.5433185424541835,-0.4416614258294726,0
AC00036,58.85,Credit,Milwaukee,M041,Online,115.0,1.0,1789.8,221.169,538.6188541666667,65+,0,25,40,2,360,4,1.698109966383559,-1.9424074329840384,0
AC00227,194.68,Debit,Memphis,M002,Online,165.0,1.0,14494.18,1.7,559.6521527777778,26-35,1,22,1,2,2,1,-0.012885269743322117,-0.8393577144799144,0
AC00251,433.53,Debit,Philadelphia,M098,Branch,231.0,1.0,6368.32,166.79,381.6265162037037,36-50,1,30,97,1,199,2,-0.15277870783469494,0.42269243509671073,0
AC00298,178.26,Debit,Oklahoma City,M003,ATM,59.0,1.0,1137.13,92.90,384.6339351851852,51-65,1,28,2,0,570,3,0.5390665303994051,0.8925621593919137,0
AC00315,207.65,Debit,San Francisco,M066,Online,98.0,1.0,5143.8,152.234,419.63689814814813,26-35,1,37,65,2,151,1,-0.8564939920190336,-0.6585637736308411,0
AC00292,237.0,Debit,Tucson,M076,Online,115.0,1.0,14021.4,203.170,632.6375347222222,36-50,1,40,75,2,308,2,0.9047383238470242,-0.13769023122970356,0
AC00252,1169.59,Debit,New York,M067,Online,114.0,1.0,5946.45,142.184,314.62444444444446,26-35,1,27,66,2,120,1,-1.0609996510590674,-0.882809327751568,0
AC00400,347.63,Credit,Chicago,M025,Online,272.0,1.0,1400.04,166.79,326.6440509259259,18-25,0,6,24,2,199,0,-1.87634903171929,-2.538293441028019,0
AC00384,517.68,Debit,Omaha,M066,ATM,24.0,1.0,11305.81,59.145,578.5942361111111,26-35,1,29,65,0,477,1,-0.5318508318744893,1.4134723331021934,0
AC00329,36.25,Debit,Tucson,M059,Branch,76.0,1.0,193.06,188.205,342.5702777777778,51-65,1,40,58,1,251,3,0.3015593171385428,0.13558688557463602,0
AC00033,46.53,Debit,San Francisco,M082,ATM,34.0,1.0,4468.12,133.67,500.610787037037,36-50,1,37,81,0,92,2,-0.1196585995703609,1.242189743248493,0
AC00003,207.47,Debit,Miami,M045,ATM,12.0,1.0,1688.9,147.234,398.54840277777777,51-65,1,24,44,0,136,3,0.5278505337315986,0.9594386465530705,0
AC00429,199.7,Debit,Indianapolis,M084,ATM,285.0,1.0,7574.45,60.197,580.5604282407407,36-50,1,16,83,0,484,2,0.04508650986423798,1.7380398938456854,0
AC00488,307.89,Credit,Nashville,M032,Online,90.0,1.0,2637.55,136.250,482.6505902777778,51-65,0,26,31,2,102,3,1.031249940784535,-2.300437219178397,0
AC00325,403.63,Debit,Las Vegas,M042,Branch,167.0,3.0,3304.02,96.162,514.633125,26-35,1,19,41,1,583,1,-1.2778499980541165,0.34356815326683715,0
AC00359,20.06,Debit,Memphis,M017,ATM,144.0,1.0,445.21,206.168,564.6448379629629,26-35,1,22,16,0,317,1,-1.6241630388221704,1.0811714758971822,0
AC00478,236.57,Debit,Sacramento,M023,ATM,112.0,1.0,3488.77,173.135,429.5937152777778,65+,1,34,22,0,218,4,2.0433157800818957,0.9440358976095011,0
AC00236,0.32,Debit,Boston,M033,ATM,136.0,1.0,7158.58,173.135,457.6009375,36-50,1,4,32,0,218,2,0.06154359028410441,1.1249482654241898,0
AC00085,14.28,Debit,Phoenix,M059,ATM,81.0,1.0,1597.51,200.136,415.6275347222222,18-25,1,31,58,0,300,0,-2.0945319806047165,1.027848503677572,0
AC00349,232.35,Credit,Atlanta,M048,Branch,153.0,1.0,4186.25,141.121,541.6625,26-35,0,1,47,1,114,1,-0.8128455465023888,-1.2145463578328097,0
AC00314,317.53,Debit,Miami,M070,Online,104.0,1.0,6237.68,137.33,618.5701967592593,36-50,1,24,69,2,104,2,0.07224920477861517,-0.24700316011677023,0
AC00056,74.67,Debit,Indianapolis,M074,ATM,283.0,1.0,3449.35,16.131,538.6065856481481,36-50,1,16,73,0,171,2,-0.22796725892194608,1.4516494683368961,0
AC00399,65.01,Credit,Austin,M004,Online,67.0,1.0,10235.19,93.115,376.61189814814816,26-35,0,2,3,2,571,1,-0.43116665464780496,-2.3502718357232117,0
AC00324,0.45,Debit,Kansas City,M078,Branch,172.0,1.0,8670.23,5.50,466.61163194444447,26-35,1,18,77,1,452,1,-0.5679116201887662,0.6250704215264806,0
AC00095,364.13,Debit,Fort Worth,M070,ATM,61.0,1.0,8198.0,13.149,639.6697106481481,51-65,1,13,69,0,82,3,1.4639358752898803,1.543661655919194,0
AC00086,340.13,Debit,Mesa,M029,Branch,32.0,3.0,1149.74,165.35,636.6166203703704,18-25,1,23,28,1,195,0,-2.1151247235158834,0.15813763474086753,0
AC00279,15.81,Debit,Oklahoma City,M018,Branch,11.0,4.0,8384.85,96.24,612.5660995370371,65+,1,28,17,1,584,4,2.101113274545582,0.3859309193252112,0
AC00431,222.66,Debit,Detroit,M038,Online,88.0,1.0,14466.38,35.67,494.6704976851852,36-50,1,11,37,2,403,2,0.6709396819153065,-0.41096315142713047,0
AC00369,638.24,Debit,Phoenix,M047,Branch,64.0,1.0,5695.78,29.168,605.5883912037037,36-50,1,31,46,1,380,2,0.0262127209212984,0.48440275965236673,0
AC00089,241.21,Debit,Omaha,M037,ATM,108.0,1.0,1220.86,116.237,405.64736111111114,26-35,1,29,36,0,57,1,-1.3105415165370684,0.772128690279321,0
AC00035,171.16,Debit,New York,M058,Online,42.0,1.0,6126.5,147.119,402.6513194444444,51-65,1,27,57,2,133,3,0.8825553150879851,-0.6158593672676664,0
AC00416,1360.67,Debit,Raleigh,M092,Branch,118.0,1.0,2861.65,164.75,564.6442824074074,26-35,1,33,91,1,192,1,-1.459899089519065,0.4771692222728109,0
AC00056,37.65,Credit,San Jose,M062,Online,109.0,1.0,411.78,219.219,405.61251157407406,26-35,0,38,61,2,353,1,-1.4799452321863988,-2.2418731535696015,0
AC00197,25.77,Debit,Memphis,M054,Online,18.0,1.0,4331.54,93.170,398.6487152777778,65+,1,22,53,2,576,4,1.7173923034549716,-0.32148737682657597,0
AC00396,789.8,Debit,Jacksonville,M038,ATM,94.0,1.0,13948.09,63.82,482.66866898148146,36-50,1,17,37,0,493,2,0.533641254486149,1.1874294709240882,0
AC00295,308.85,Credit,Los Angeles,M030,Branch,33.0,2.0,333.19,116.43,340.5864467592593,18-25,0,20,29,1,58,0,-2.083526648363481,-1.9228895736712275,1
AC00268,1454.52,Debit,Miami,M088,ATM,20.0,1.0,1189.03,34.169,408.66263888888886,26-35,1,24,87,0,398,1,-1.6811515860695874,1.1654308288226185,0
AC00357,806.97,Debit,Seattle,M028,Online,11.0,1.0,102.2,193.221,607.5977777777778,18-25,1,39,27,2,275,0,-2.319616330865529,-0.6939867463455298,0
AC00490,364.81,Debit,Charlotte,M027,Online,53.0,1.0,1145.23,142.148,496.6064699074074,18-25,1,5,26,2,118,0,-2.002681676504615,-0.7099031806899317,0
AC00367,490.82,Debit,Kansas City,M029,ATM,114.0,1.0,8704.27,17.36,521.586875,26-35,1,18,28,0,208,1,-0.8612375962567843,1.0103865553868259,0
AC00093,1021.38,Debit,Detroit,M013,Branch,125.0,1.0,6223.26,62.152,646.5479513888889,51-65,1,11,12,1,488,3,0.9718437170233158,0.5125500267239762,0
AC00177,311.28,Debit,Atlanta,M045,Branch,198.0,1.0,135.96,188.205,531.6444560185186,36-50,1,1,44,1,251,2,-0.3232710776523291,0.5118374064882225,0
AC00118,85.03,Debit,San Diego,M020,ATM,48.0,1.0,4597.57,160.65,573.6348148148148,51-65,1,36,19,0,177,3,0.6417936174514396,1.0380009872987905,0
AC00183,307.75,Debit,Detroit,M085,Branch,63.0,1.0,1061.58,39.129,571.5939351851852,51-65,1,11,84,1,413,3,0.751149878848343,0.8939169813047919,0
AC00137,333.67,Debit,Fort Worth,M037,Online,68.0,1.0,9238.08,129.108,486.5830787037037,36-50,1,13,36,2,81,2,0.1447421258510752,-0.6377376577010035,0
AC00225,589.89,Debit,Jacksonville,M028,Branch,213.0,3.0,9404.63,88.55,380.65438657407407,51-65,1,17,27,1,559,3,1.207373051145351,0.13868214794839834,0
AC00191,372.08,Debit,Houston,M032,Branch,63.0,1.0,13330.74,102.203,608.6492129629629,65+,1,15,31,1,14,4,2.574131373137665,0.40586341775367524,0
AC00373,502.9,Credit,Fresno,M001,Online,141.0,1.0,341.24,135.73,412.62162037037035,26-35,0,14,0,2,97,1,-1.4643021179410367,-2.678985422177544,0
AC00167,103.81,Debit,Oklahoma City,M098,ATM,34.0,1.0,7044.63,214.32,403.6474074074074,36-50,1,28,97,0,340,2,-0.11937892760635986,1.3643133291521112,0
AC00149,69.43,Debit,Las Vegas,M003,ATM,162.0,1.0,9281.85,134.247,636.603912037037,26-35,1,19,2,0,95,1,-0.6229941069350722,1.012819922141791,0
AC00453,110.4,Credit,San Diego,M033,ATM,62.0,1.0,8639.36,60.43,409.63628472222223,51-65,0,36,32,0,485,3,1.2923633820597933,-0.5887313264940679,0
AC00253,275.65,Credit,Atlanta,M013,Branch,14.0,1.0,4957.57,6.44,447.63594907407406,26-35,0,1,12,1,481,1,-0.9842598934596524,-1.4352356507175759,0
AC00149,336.01,Debit,Colorado Springs,M043,Online,121.0,4.0,9938.2,16.250,360.5581134259259,51-65,1,7,42,2,172,3,1.7429876812229275,-0.8129878092676179,0
AC00359,251.8,Debit,Mesa,M020,ATM,102.0,1.0,11796.66,59.208,580.6636689814815,51-65,1,23,19,0,478,3,1.6399230974377457,1.3010615083809483,0
AC00050,334.07,Debit,New York,M054,Branch,200.0,1.0,7306.79,100.4,450.61333333333334,51-65,1,27,53,1,10,3,1.2471598362165681,0.22685928031095975,0
AC00054,52.44,Debit,Raleigh,M046,Online,87.0,1.0,3157.75,101.223,424.550775462963,26-35,1,33,45,2,12,1,-1.2320885804468609,-0.8350111196018563,0
AC00388,1030.85,Debit,San Diego,M060,ATM,39.0,1.0,1941.8,121.67,426.6170949074074,18-25,1,36,59,0,72,0,-2.05714681661905,0.7924283110329653,0
AC00322,141.37,Debit,Denver,M026,Online,77.0,1.0,1019.77,52.196,471.6371643518519,36-50,1,10,25,2,459,2,-0.3644868282060023,-0.48491505044058997,0
AC00140,211.7,Credit,Chicago,M064,Online,205.0,1.0,12272.78,59.127,356.6311226851852,36-50,0,6,63,2,475,2,1.0002738169742158,-1.9808209899323412,0
AC00138,61.4,Debit,San Jose,M073,Branch,20.0,2.0,7892.87,63.191,643.6411574074074,36-50,1,38,72,1,491,2,0.025027415741950824,0.7106951844611091,0
AC00408,308.23,Debit,Las Vegas,M058,ATM,23.0,1.0,4150.63,198.73,566.6661226851852,51-65,1,19,57,0,292,3,0.9210848443657761,1.4191202787618995,0
AC00219,111.41,Debit,Chicago,M079,Branch,181.0,1.0,1204.11,18.72,312.6197569444444,18-25,1,6,78,1,231,0,-2.1178590205967387,0.2780672868413039,0
AC00339,675.49,Debit,Charlotte,M065,ATM,159.0,1.0,1893.0,205.45,599.6624305555556,51-65,1,5,64,0,315,3,0.6797397315243906,1.592004857558991,0
AC00446,29.72,Debit,San Antonio,M084,ATM,38.0,1.0,1059.62,203.99,473.61912037037035,26-35,1,35,83,0,312,1,-1.5699417217072107,1.2843609684455315,0
AC00038,301.73,Debit,Tucson,M044,Online,163.0,1.0,990.74,165.143,495.6431944444444,65+,1,40,43,2,194,4,1.3288363422270704,-0.5452616497995558,0
AC00387,294.61,Debit,Omaha,M046,Branch,74.0,1.0,7375.59,216.32,402.5517476851852,51-65,1,29,45,1,345,3,1.23048271171898,0.24778005869353537,0
AC00126,106.43,Credit,Phoenix,M063,ATM,164.0,1.0,9403.12,147.114,566.609988425926,51-65,0,31,62,0,132,3,1.2756379555822879,-0.29687448541594336,0
AC00155,381.52,Debit,Seattle,M052,Online,79.0,1.0,5798.92,188.124,349.6450810185185,36-50,1,39,51,2,250,2,-0.27023576952674233,-0.8092596404774406,0
AC00494,1142.76,Credit,Houston,M058,Online,71.0,1.0,1498.93,145.246,599.6248958333333,18-25,0,15,57,2,126,0,-1.999256194067684,-2.1157884102843436,0
AC00202,5.66,Debit,Fresno,M029,Branch,33.0,1.0,5434.64,173.135,335.56118055555555,36-50,1,14,28,1,218,2,-0.029252675660681217,0.006620983176033657,0
AC00489,209.09,Debit,Virginia Beach,M091,ATM,203.0,1.0,9100.81,7.105,362.55677083333336,36-50,1,41,90,0,508,2,0.3879771700519818,1.3202104884282388,0
AC00378,521.81,Debit,Virginia Beach,M058,ATM,34.0,1.0,4750.96,210.98,353.61168981481484,36-50,1,41,57,0,331,2,-0.016183006266609776,0.9238512983293676,0
AC00255,588.36,Debit,Charlotte,M068,Online,134.0,1.0,8434.99,82.51,664.6678009259259,26-35,1,5,67,2,544,1,-0.7466048643309898,0.08066468119039386,0
AC00331,146.67,Debit,Albuquerque,M025,Online,273.0,1.0,1569.75,184.185,369.67090277777777,18-25,1,0,24,2,239,0,-2.155279672749162,-0.7687211395252868,0
AC00243,176.52,Credit,San Diego,M022,Online,94.0,5.0,7132.08,223.32,600.6266550925926,65+,0,36,21,2,364,4,2.2860321580343315,-2.2913539798071403,1
AC00066,57.34,Debit,Atlanta,M089,Online,81.0,1.0,1100.64,18.92,377.6712152777778,26-35,1,1,88,2,232,1,-1.3931040024655754,-0.3367317641031276,0
AC00166,294.77,Debit,Philadelphia,M087,Online,101.0,1.0,2272.17,27.93,390.6201736111111,65+,1,30,86,2,377,4,1.8413869296088814,-0.2630254210671101,0
AC00288,881.32,Debit,El Paso,M015,Online,59.0,1.0,2287.93,190.152,430.6095949074074,26-35,1,12,14,2,262,1,-1.3019257490348377,-0.8680990689118058,0
AC00005,162.59,Debit,Indianapolis,M098,Branch,19.0,1.0,7104.83,201.95,620.6598842592592,51-65,1,16,97,1,305,3,1.3703772353478325,0.9831791421064079,0
AC00191,56.15,Debit,Nashville,M089,Branch,77.0,1.0,13265.92,216.79,311.55247685185185,26-35,1,26,88,1,346,1,-0.15894094034701012,0.33519359665588916,0
AC00443,524.55,Debit,El Paso,M039,ATM,175.0,1.0,8292.75,76.0,411.64930555555554,36-50,1,12,38,0,519,2,-0.005612786971580623,1.162307589610277,0
AC00096,535.4,Debit,San Diego,M023,Branch,110.0,1.0,651.84,49.29,541.5629513888889,18-25,1,36,22,1,449,0,-2.3592385298875986,0.15507223537268436,0
AC00225,56.84,Debit,Raleigh,M088,ATM,185.0,1.0,7977.78,155.140,447.61137731481483,36-50,1,33,87,0,155,2,0.29781421800546687,1.2940323893286378,0
AC00042,135.94,Debit,Houston,M020,Branch,258.0,1.0,4710.21,58.1,655.6399305555556,65+,1,15,19,1,472,4,1.753676522297823,0.7035215816390202,0
AC00460,47.1,Credit,Washington,M021,Branch,178.0,1.0,6308.07,21.190,489.61309027777776,36-50,0,42,20,1,325,2,0.06409122012946074,-1.516869014106277,0
AC00378,124.05,Credit,Albuquerque,M031,Branch,220.0,1.0,7009.54,193.217,375.6403587962963,51-65,0,0,30,1,274,3,1.4497820307536673,-1.3593273787802058,0
AC00322,802.89,Debit,Chicago,M037,ATM,175.0,1.0,1973.63,139.23,433.56894675925923,18-25,1,6,36,0,109,0,-2.216380921631454,0.8758274139052632,0
AC00328,193.16,Debit,Charlotte,M100,ATM,109.0,1.0,2304.56,137.135,577.6428472222223,51-65,1,5,99,0,103,3,0.9820334268618137,1.723556661578889,0
AC00337,541.52,Credit,Indianapolis,M094,Branch,161.0,1.0,6087.24,160.65,494.59815972222225,36-50,0,16,93,1,177,2,0.32495147266383007,-1.009492127872938,0
AC00003,20.17,Debit,San Antonio,M088,ATM,86.0,1.0,3869.37,221.23,671.6413657407408,65+,1,35,87,0,362,4,1.9335759915603543,1.8249829129864337,0
AC00146,35.98,Credit,Nashville,M004,Branch,133.0,1.0,11147.34,216.31,444.66125,36-50,0,26,3,1,344,2,0.5148867780920106,-1.6052707756474427,0
AC00004,273.24,Debit,Fresno,M011,Branch,173.0,1.0,2202.21,211.45,327.63457175925925,51-65,1,14,10,1,333,3,0.4416196233689783,-0.021586815469457604,0
AC00386,663.45,Debit,Albuquerque,M076,ATM,147.0,1.0,5897.29,156.187,327.61868055555556,65+,1,0,75,0,161,4,1.9178672630945248,1.234160341625689,0
AC00187,343.86,Debit,Charlotte,M058,Branch,70.0,1.0,3278.65,201.95,629.6423263888889,51-65,1,5,57,1,305,3,0.7291544673852042,0.7681241956739396,0
AC00415,69.38,Debit,Detroit,M042,Branch,280.0,2.0,12072.11,22.196,662.6677777777778,65+,1,11,41,1,357,4,2.455814432512327,0.7721762477694413,0
AC00315,75.43,Debit,Fresno,M096,ATM,266.0,1.0,1441.86,5.50,447.6731712962963,65+,1,14,95,0,452,4,1.7442744478367436,1.7249084879412286,0
AC00297,414.64,Debit,Mesa,M060,Branch,74.0,1.0,7253.22,158.129,580.6540856481481,26-35,1,23,59,1,167,1,-0.7704593421943028,0.4352909972326085,0
AC00304,86.79,Debit,Fort Worth,M100,Branch,166.0,1.0,8795.37,204.120,650.6502083333334,26-35,1,13,99,1,313,1,-0.5978972337322405,0.9928602051196039,0
AC00016,1105.88,Debit,Omaha,M047,ATM,36.0,1.0,2636.32,41.82,608.6068287037037,26-35,1,29,46,0,426,1,-1.3333726099599064,1.2443366909663698,0
AC00048,14.1,Debit,Louisville,M027,Branch,73.0,1.0,6949.21,164.75,314.62118055555555,36-50,1,21,26,1,192,2,0.28419944144260023,-0.07236609190547459,0
AC00485,63.33,Credit,Louisville,M014,Branch,124.0,1.0,792.33,7.28,313.626400462963,18-25,0,21,13,1,510,0,-2.0716901013017246,-1.722886813001357,0
AC00064,606.27,Debit,Louisville,M018,Branch,42.0,1.0,9668.78,12.71,500.6276736111111,26-35,1,21,17,1,68,1,-0.6126536339439846,-0.03329497046993554,0
AC00081,4.47,Debit,Baltimore,M033,Branch,132.0,1.0,1381.75,147.234,447.6594328703704,26-35,1,3,32,1,136,1,-1.3822831272669223,0.18700508488183254,0
AC00228,289.01,Debit,Miami,M044,Online,96.0,1.0,4226.26,191.91,433.6436458333333,65+,1,24,43,2,268,4,1.6584625813939382,-0.5232341849064969,0
AC00204,338.69,Debit,Virginia Beach,M026,Branch,169.0,1.0,1137.89,48.89,377.5553356481482,18-25,1,41,25,1,444,0,-2.4449076193876618,-0.08280529015460836,0
AC00144,97.73,Debit,Sacramento,M018,Branch,156.0,1.0,7885.21,135.29,524.5924074074074,65+,1,34,17,1,96,4,2.121701132648262,0.1712353725350154,0
AC00420,1021.16,Debit,Albuquerque,M046,ATM,104.0,1.0,9427.06,175.230,384.6080324074074,18-25,1,0,45,0,224,0,-1.4776864606928184,0.9268525473985092,0
AC00448,27.61,Credit,Fort Worth,M015,ATM,26.0,1.0,3679.64,116.43,604.6535763888888,51-65,0,13,14,0,58,3,0.8902922966299396,-0.5149570417690391,0
AC00363,284.17,Debit,Memphis,M074,ATM,189.0,1.0,3479.56,40.192,529.6704398148148,51-65,1,22,73,0,419,3,0.4584797676176192,1.5349906289148632,0
AC00396,76.21,Debit,Los Angeles,M055,Branch,69.0,1.0,664.93,40.198,663.645162037037,18-25,1,20,54,1,420,0,-2.3054385951343566,0.6627026775083339,0
AC00456,334.79,Credit,Denver,M097,Branch,292.0,1.0,624.09,6.44,349.59538194444445,65+,0,10,96,1,481,4,1.497843257749705,-0.8873791777248972,0
AC00363,584.51,Debit,Denver,M010,ATM,76.0,1.0,3254.56,113.201,436.5984027777778,65+,1,10,9,0,46,4,1.9116206503558595,0.8571354961898859,0
AC00326,432.18,Debit,Las Vegas,M008,Branch,162.0,1.0,678.83,76.136,534.6509143518518,18-25,1,19,7,1,520,0,-2.51685542216138,0.188454074258187,0
AC00500,134.55,Debit,San Jose,M026,Online,165.0,1.0,14852.42,100.137,391.6413773148148,51-65,1,38,25,2,8,3,1.9974033736445198,-0.9157283277608128,0
AC00076,61.66,Debit,Sacramento,M085,ATM,86.0,1.0,5705.4,112.222,632.6477777777778,26-35,1,34,84,0,39,1,-1.099443580965655,1.4069017334372207,0
AC00063,12.35,Debit,Fresno,M092,Branch,22.0,1.0,1846.85,144.228,636.5634490740741,18-25,1,14,91,1,122,0,-1.9407300351560004,0.7446555733333478,0
AC00376,213.25,Debit,San Francisco,M076,Branch,63.0,1.0,677.79,71.93,619.6096759259259,18-25,1,37,75,1,512,0,-2.2662667138197454,0.6783380075028195,0
AC00392,34.93,Debit,Columbus,M056,Branch,72.0,1.0,2810.37,172.111,384.66620370370373,26-35,1,8,55,1,216,1,-1.1028652158763568,0.2505682156866966,0
AC00282,959.48,Debit,Miami,M004,Branch,36.0,1.0,10631.43,90.111,663.6527199074075,65+,1,24,3,1,565,4,2.066250428079945,0.47868950118026377,0
AC00238,335.68,Debit,Tucson,M062,Online,142.0,1.0,1188.95,86.83,363.6185185185185,18-25,1,40,61,2,556,0,-2.2311401849113732,-0.6265797300183599,0
AC00130,423.96,Debit,San Diego,M086,ATM,75.0,1.0,8374.38,138.181,643.5544791666666,36-50,1,36,85,0,105,2,0.1899509910856393,1.4737860512584262,0
AC00194,361.38,Credit,Milwaukee,M095,Online,71.0,3.0,4972.92,60.89,612.6314814814815,65+,0,25,94,2,486,4,1.9918445123177981,-1.5707370405695387,1
AC00132,220.82,Debit,Louisville,M089,Branch,31.0,1.0,4298.13,37.143,310.65105324074074,36-50,1,21,88,1,407,2,-0.15136511331763972,0.40274678248004664,0
AC00071,717.36,Credit,San Diego,M020,Online,138.0,1.0,514.88,51.196,671.6313194444444,18-25,0,36,19,2,455,0,-2.3474228725943065,-2.1460515763056165,0
AC00457,406.12,Debit,Houston,M004,ATM,106.0,1.0,10501.53,181.223,458.6103009259259,36-50,1,15,3,0,234,2,0.4082461971944117,0.8450269664159805,0
AC00153,427.83,Debit,Phoenix,M066,ATM,29.0,1.0,3293.06,16.128,543.6298379629629,36-50,1,31,65,0,170,2,-0.12335589793683828,1.2442193767762009,0
AC00003,416.62,Credit,Baltimore,M091,Online,67.0,1.0,9700.9,161.195,608.6141666666666,26-35,0,3,90,2,182,1,-0.5750747076871483,-1.6788308917643626,0
AC00327,21.9,Debit,Phoenix,M084,ATM,30.0,1.0,1052.27,136.172,573.6297106481481,26-35,1,31,83,0,101,1,-1.449513726547561,1.3511647224901735,0
AC00362,717.74,Credit,Sacramento,M020,Online,168.0,1.0,8375.16,161.168,331.63836805555553,36-50,0,34,19,2,180,2,0.2944437227679473,-2.6974156977907633,0
AC00195,393.68,Debit,San Diego,M087,ATM,141.0,1.0,10135.88,145.179,412.64311342592595,51-65,1,36,86,0,125,3,1.3342651727465635,1.2037240547248202,0
AC00010,281.91,Debit,Denver,M069,Branch,269.0,1.0,225.53,24.148,661.6231597222222,18-25,1,10,68,1,369,0,-2.2687921428376874,0.8025203083361266,0
AC00032,239.85,Debit,Tucson,M047,ATM,50.0,1.0,1477.63,121.67,647.6597106481481,65+,1,40,46,0,72,4,1.5041796880557599,1.2926987884451009,0
AC00202,237.84,Debit,Nashville,M047,Branch,16.0,1.0,8932.39,193.108,408.6035416666667,26-35,1,26,46,1,271,1,-0.7810950144111889,0.12286022172524978,0
AC00262,459.29,Credit,Kansas City,M016,Online,109.0,1.0,1006.12,113.201,647.5862037037037,51-65,0,18,15,2,46,3,0.9082795180660026,-2.149013508947151,0
AC00158,196.49,Debit,Oklahoma City,M016,Branch,65.0,1.0,7516.56,139.23,317.60938657407405,36-50,1,28,15,1,109,2,0.17562112710513225,-0.2500653853801547,0
AC00465,21.23,Debit,Virginia Beach,M094,ATM,103.0,4.0,319.18,63.191,419.6491203703704,18-25,1,41,93,0,491,0,-2.2563146662573663,1.1209205022049589,1
AC00260,95.23,Debit,Denver,M077,Online,60.0,3.0,966.88,5.252,384.55857638888887,18-25,1,10,76,2,451,0,-2.210255126065828,-0.5122708613496882,0
AC00130,344.87,Debit,Houston,M090,Branch,25.0,1.0,7447.44,124.6,433.59153935185185,51-65,1,15,89,1,76,3,1.286875203177502,0.5004252022283003,0
AC00500,129.62,Credit,San Jose,M070,ATM,124.0,1.0,620.28,37.143,486.6387847222222,18-25,0,38,69,0,407,0,-2.155216076972342,-0.4162203721576629,0
AC00384,16.53,Debit,Houston,M017,ATM,220.0,1.0,707.95,52.1,468.6257175925926,18-25,1,15,16,0,457,0,-2.317424962795576,1.0262358233972122,0
AC00027,277.02,Credit,Denver,M042,ATM,227.0,1.0,8586.38,65.149,356.66189814814817,36-50,0,10,41,0,498,2,0.45566685691389835,-0.4897865186280215,0
AC00176,13.02,Debit,Charlotte,M014,Branch,42.0,1.0,6076.45,121.67,508.65804398148146,51-65,1,5,13,1,72,3,0.9297369416196074,0.19274011403902874,0
AC00150,199.02,Debit,Memphis,M081,ATM,185.0,1.0,793.63,98.255,643.6051851851852,18-25,1,22,80,0,587,0,-2.3872817712459518,1.7194012687213098,0
AC00443,684.5,Debit,Fort Worth,M035,Branch,76.0,1.0,6258.63,190.251,461.5541666666667,26-35,1,13,34,1,264,1,-0.9843301355791123,0.16038371198331827,0
AC00098,1173.74,Credit,Virginia Beach,M086,Online,61.0,1.0,10456.24,193.190,405.6407291666667,51-65,0,41,85,2,272,3,1.582813952971532,-2.1470367275585174,0
AC00452,45.92,Debit,Nashville,M087,ATM,23.0,1.0,544.56,120.170,503.6117708333333,26-35,1,26,86,0,70,1,-1.5288966811286133,1.2666602850228712,0
AC00119,761.73,Debit,Columbus,M075,ATM,27.0,1.0,151.28,89.6,419.62105324074076,18-25,1,8,74,0,563,0,-2.4847527676291574,1.3051504794177793,0
AC00342,331.38,Debit,Miami,M051,ATM,122.0,1.0,844.55,19.20,523.6215277777778,36-50,1,24,50,0,260,2,-0.5575883691760388,1.217208032351987,0
AC00190,602.8,Debit,Baltimore,M003,Branch,173.0,1.0,7417.69,170.225,594.6150694444444,51-65,1,3,2,1,211,3,1.2131681059669623,0.3186210044259496,0
AC00075,64.12,Credit,Indianapolis,M097,Branch,222.0,1.0,1029.09,218.238,451.6227314814815,51-65,0,16,96,1,349,3,0.660308533294724,-0.8663663867624319,0
AC00450,57.38,Debit,Kansas City,M062,Online,86.0,1.0,899.52,48.19,629.5701041666666,26-35,1,18,61,2,442,1,-1.5658472042686904,-0.10903840359022096,0
AC00300,94.64,Credit,New York,M036,ATM,144.0,1.0,586.76,216.32,538.5679976851852,26-35,0,27,35,0,345,1,-1.465002529033105,-0.49039715630492525,0
AC00183,155.56,Credit,Austin,M014,Branch,64.0,1.0,129.79,53.218,559.6665856481482,18-25,0,2,13,1,462,0,-2.2893021880233353,-1.29766346165542,0
AC00079,301.39,Credit,Denver,M050,Online,104.0,1.0,10548.58,82.75,488.6570601851852,36-50,0,10,49,2,545,2,0.6634805537735012,-1.8930346261116606,0
AC00004,136.31,Debit,Nashville,M055,Online,65.0,1.0,4384.95,6.234,370.6461458333333,65+,1,26,54,2,480,4,1.9435527074750842,-0.42104648540958123,0
AC00063,4.39,Debit,Philadelphia,M084,ATM,63.0,1.0,1429.61,188.225,510.6722916666667,26-35,1,30,83,0,252,1,-1.5168323891635915,1.3448741068852959,0
AC00345,429.25,Debit,Seattle,M090,Online,107.0,1.0,5019.68,199.6,510.65416666666664,26-35,1,39,89,2,296,1,-1.1548609445532318,-0.32802569890622285,0
AC00177,138.54,Credit,Austin,M028,Branch,93.0,1.0,8274.77,195.237,670.5919907407407,51-65,0,2,27,1,282,3,1.4670856885227224,-0.9620363788719795,0
AC00165,33.03,Debit,Washington,M019,Branch,28.0,1.0,935.88,109.42,451.6331828703704,18-25,1,42,18,1,27,0,-2.178676053120024,-0.2305941631075778,0
AC00097,76.39,Debit,Sacramento,M005,Online,80.0,1.0,11584.32,23.255,615.6545833333333,26-35,1,34,4,2,366,1,-0.4891467062681639,-0.6196735509402974,0
AC00241,25.32,Debit,Oklahoma City,M090,ATM,25.0,1.0,1642.34,9.230,607.5974074074074,18-25,1,28,89,0,564,0,-2.3497929711496988,1.6603051353211071,0
AC00308,330.91,Debit,Kansas City,M041,ATM,28.0,1.0,6481.35,184.185,608.6151620370371,36-50,1,18,40,0,239,2,-0.21671690439289332,1.2796750081807686,0
AC00308,153.55,Debit,Denver,M099,Online,16.0,1.0,5619.91,168.55,361.5928935185185,36-50,1,10,98,2,206,2,-0.11320519387005785,-0.3330260538321106,0
AC00088,217.61,Debit,Omaha,M039,Online,120.0,1.0,1661.1,19.228,614.6090625,26-35,1,29,38,2,261,1,-1.5303183202708457,-0.44989850541869186,0
AC00370,131.69,Credit,Denver,M067,Branch,59.0,1.0,2958.43,30.229,384.65591435185183,51-65,0,10,66,1,387,3,0.7488771088895887,-1.1572683472859235,0
AC00073,953.17,Debit,Raleigh,M024,Online,84.0,1.0,3506.11,115.96,388.6039351851852,51-65,1,33,23,2,54,3,0.8533830069817193,-0.9946884482551492,0
AC00452,68.49,Debit,Nashville,M051,Online,49.0,1.0,6683.31,38.210,375.6064930555556,65+,1,26,50,2,412,4,1.940801165182574,-0.4824869033465933,0
AC00111,1493.0,Debit,Colorado Springs,M096,ATM,151.0,1.0,1619.16,136.162,515.6259953703703,65+,1,7,95,0,100,4,1.4174869251291051,1.4945137610489463,0
AC00150,470.62,Debit,Tucson,M002,Branch,127.0,1.0,12470.62,180.224,615.5930439814815,51-65,1,40,1,1,233,3,1.5101279360410624,0.15699146057498511,0
AC00103,385.35,Debit,Miami,M045,Branch,269.0,1.0,5184.13,194.174,397.6231828703704,36-50,1,24,44,1,277,2,-0.2923934294924107,0.18476535276096911,0
AC00176,74.72,Debit,Phoenix,M031,Online,132.0,1.0,165.75,77.21,467.55,26-35,1,31,30,2,522,1,-1.7376882126629012,-0.5868182845590096,0
AC00194,352.03,Credit,Phoenix,M001,Online,219.0,1.0,4846.68,13.30,514.6402083333334,26-35,0,31,0,2,84,1,-1.063440531095488,-2.5851994293482177,0
AC00225,275.87,Debit,Seattle,M096,ATM,112.0,1.0,1697.58,111.78,433.56886574074076,18-25,1,39,95,0,37,0,-1.9920250115562619,1.0979645673699399,0
AC00267,90.94,Credit,Colorado Springs,M084,ATM,56.0,1.0,3896.08,45.241,345.5952546296296,51-65,0,7,83,0,436,3,1.2130696122349673,-0.2092855966632736,0
AC00129,206.25,Debit,Baltimore,M074,ATM,56.0,1.0,3651.07,157.47,397.65636574074074,65+,1,3,73,0,166,4,2.008189860724516,1.3555499521534728,0
AC00362,116.76,Debit,Philadelphia,M067,ATM,212.0,1.0,4480.43,60.153,657.633287037037,51-65,1,30,66,0,482,3,0.49162143308333567,1.697122696308232,0
AC00155,91.5,Debit,Omaha,M033,ATM,77.0,1.0,667.66,168.128,587.6536342592592,36-50,1,29,32,0,204,2,-0.3679709861493885,1.165901669077618,0
AC00019,489.31,Debit,Louisville,M089,Branch,36.0,1.0,5595.22,156.235,580.6515277777778,36-50,1,21,88,1,162,2,-0.0319688887777074,0.6623916189971791,0
AC00028,1664.33,Debit,San Antonio,M064,Branch,65.0,1.0,1588.31,116.106,405.6220833333333,18-25,1,35,63,1,55,0,-2.416575595606831,-0.12225014391113262,0
AC00459,414.49,Credit,Phoenix,M051,Online,108.0,1.0,12709.58,109.42,629.6705439814815,51-65,0,31,50,2,27,3,1.805961053843215,-2.022324086662747,0
AC00069,315.13,Debit,Omaha,M045,Branch,143.0,1.0,6570.94,107.248,334.66859953703704,26-35,1,29,44,1,24,1,-0.8129349968759124,-0.12793091437299808,0
AC00046,28.38,Debit,Tucson,M042,Branch,260.0,1.0,8892.62,30.92,397.64622685185185,36-50,1,40,41,1,388,2,0.29305536675364335,0.1891287789556528,0
AC00067,456.05,Debit,Detroit,M073,Branch,20.0,1.0,11729.51,90.111,597.6302546296296,65+,1,11,72,1,565,4,2.343611908648433,0.9549913173023988,0
AC00257,277.22,Debit,Kansas City,M035,Branch,41.0,1.0,12104.51,148.42,444.6229398148148,26-35,1,18,34,1,142,1,-0.1112244660370545,0.09690060690999001,0
AC00215,54.84,Debit,Kansas City,M002,Online,124.0,1.0,3495.51,186.54,545.6411226851852,51-65,1,18,1,2,245,3,0.5971218784709573,-0.6288181556224371,0
AC00152,29.92,Credit,Denver,M010,Online,63.0,1.0,7855.01,167.95,307.65627314814816,65+,0,10,9,2,203,4,2.3393490243088797,-2.505206777606378,0
AC00306,133.06,Debit,Las Vegas,M072,Online,143.0,1.0,8843.44,106.244,639.6314120370371,26-35,1,19,71,2,22,1,-0.44396850569171914,-0.22920604370049288,0
AC00340,332.06,Debit,Seattle,M086,ATM,221.0,4.0,11826.52,94.37,501.6440856481481,26-35,1,39,85,0,580,1,-0.5616088558267577,1.2908905071844672,1
AC00116,14.34,Credit,Memphis,M004,Online,24.0,1.0,7932.51,80.92,383.5942939814815,65+,0,22,3,2,537,4,2.164265606687058,-2.326427007492597,0
AC00306,468.32,Debit,Fresno,M095,Online,152.0,1.0,4710.04,203.245,514.6571527777778,65+,1,14,94,2,311,4,1.774765064149916,0.011218201444259031,0
AC00032,582.17,Debit,Tucson,M093,Branch,135.0,1.0,7310.83,147.114,332.67034722222223,51-65,1,40,92,1,132,3,1.1290978377278225,0.25243839444380817,0
AC00374,245.62,Debit,San Antonio,M021,Branch,127.0,1.0,1879.82,167.164,324.62953703703704,18-25,1,35,20,1,201,0,-2.0635812783616925,-0.2794667116518955,0
AC00303,981.9,Credit,Baltimore,M029,Online,112.0,1.0,9018.33,160.65,341.6591087962963,36-50,0,3,28,2,177,2,0.4508702305670226,-2.490411241204866,0
AC00464,83.6,Debit,San Jose,M090,ATM,192.0,1.0,13899.24,79.227,310.56939814814814,36-50,1,38,89,0,527,2,0.8496852272582365,1.2751713302333172,0
AC00245,331.22,Credit,Oklahoma City,M035,Branch,161.0,1.0,12613.25,101.90,528.6562962962963,51-65,0,28,34,1,13,3,1.9394285967707496,-1.41787146965328,0
AC00373,57.49,Credit,Detroit,M014,Online,177.0,1.0,765.15,60.166,353.58471064814813,18-25,0,11,13,2,483,0,-2.02342432887858,-2.4379058793640302,0
AC00386,85.58,Debit,Fort Worth,M029,ATM,60.0,1.0,7794.84,38.210,346.6179398148148,51-65,1,13,28,0,412,3,1.1489875236688625,1.0139157009760298,0
AC00078,157.56,Debit,Indianapolis,M056,Branch,159.0,1.0,7541.16,63.82,572.6256712962963,36-50,1,16,55,1,493,2,0.07669124543859092,0.6968126453039605,0
AC00424,230.3,Debit,Colorado Springs,M032,Online,24.0,1.0,8356.88,145.1,618.6326041666666,36-50,1,7,31,2,124,2,0.4105942901639082,-0.3925025605919276,0
AC00033,305.92,Debit,El Paso,M057,ATM,88.0,1.0,1445.47,136.172,333.6431712962963,65+,1,12,56,0,101,4,1.7152595700696454,1.0519420977428129,0
AC00046,942.7,Debit,Boston,M048,Online,29.0,1.0,5141.32,1.198,363.6572337962963,26-35,1,4,47,2,0,1,-0.7550166956136211,-0.8494326386731099,0
AC00298,116.33,Debit,Fresno,M090,Branch,144.0,1.0,1696.15,173.135,625.6469444444444,26-35,1,14,89,1,218,1,-1.466316569750528,0.8065817136991579,0
AC00432,537.71,Credit,Mesa,M078,Online,175.0,1.0,1806.08,146.69,579.666875,18-25,0,23,77,2,131,0,-2.146994452116303,-1.983449395453282,0
AC00439,538.17,Credit,Washington,M055,Branch,252.0,1.0,5908.04,116.44,404.613287037037,26-35,0,42,54,1,59,1,-0.975902424812628,-1.6549263839391413,0
AC00407,219.44,Debit,Washington,M003,Online,23.0,1.0,4207.27,60.89,472.58091435185185,36-50,1,42,2,2,486,2,-0.29574911803187176,-0.8191062305624639,0
AC00004,61.62,Debit,Miami,M066,Online,19.0,1.0,8365.37,93.218,391.67403935185183,51-65,1,24,65,2,577,3,1.2126127160898794,-0.3086797877063497,0
AC00079,58.77,Debit,Memphis,M036,Online,191.0,1.0,7261.7,137.135,479.6465509259259,26-35,1,22,35,2,103,1,-0.8809711143004681,-0.6836470530186189,0
AC00356,538.13,Debit,Charlotte,M045,ATM,165.0,1.0,5008.59,32.169,423.6026273148148,51-65,1,5,44,0,392,3,1.0582112244382216,1.253344807566169,0
AC00269,177.05,Debit,Philadelphia,M060,Branch,235.0,1.0,4287.82,40.45,432.6557291666667,18-25,1,30,59,1,423,0,-1.8932806012343928,0.3189802200871899,0
AC00439,403.01,Debit,Washington,M029,Online,286.0,3.0,10513.52,223.32,426.6089930555556,51-65,1,42,28,2,364,3,1.5629915616463173,-0.8056692180996812,1
AC00014,719.76,Debit,San Francisco,M038,Branch,190.0,1.0,690.52,161.25,584.5979398148148,18-25,1,37,37,1,183,0,-2.4757791416648653,0.1622432917101168,0
AC00140,163.22,Debit,Miami,M029,Online,217.0,1.0,1788.27,186.54,577.5845370370371,26-35,1,24,28,2,245,1,-1.5436694242979128,-0.5300035100620417,0
AC00460,242.85,Debit,San Antonio,M036,Online,93.0,1.0,4672.8,124.6,377.6602199074074,36-50,1,35,35,2,76,2,-0.09232752021315206,-0.9133558113466947,0
AC00494,291.22,Credit,Baltimore,M095,Online,100.0,1.0,3677.63,174.61,366.6417939814815,36-50,0,3,94,2,221,2,-0.05219740889918802,-1.9354321462437707,0
AC00325,56.52,Debit,Omaha,M077,ATM,152.0,1.0,6911.2,156.134,335.6665625,36-50,1,29,76,0,159,2,0.13433892519002738,1.0614470690816808,0
AC00150,195.8,Debit,Raleigh,M052,Online,186.0,1.0,12027.68,82.75,614.603599537037,36-50,1,33,51,2,545,2,0.2824591353983741,-0.16259712591087502,0
AC00242,66.76,Credit,Austin,M004,Branch,44.0,1.0,184.72,97.106,559.5705092592592,36-50,0,2,3,1,585,2,-0.7158649127682533,-1.2114150409972495,0
AC00222,190.9,Debit,Jacksonville,M002,Online,40.0,1.0,101.25,42.61,391.662037037037,26-35,1,17,1,2,429,1,-1.5818034221047965,-0.8916029606433883,0
AC00170,106.99,Debit,Omaha,M078,Branch,152.0,1.0,5771.4,193.190,345.6321296296296,36-50,1,29,77,1,272,2,-0.1611569496959337,0.29865779036423623,0
AC00043,655.81,Debit,Omaha,M044,ATM,164.0,2.0,4539.99,86.83,548.6384722222223,51-65,1,29,43,0,556,3,0.6083530025257567,1.3021706715204036,0
AC00487,107.1,Credit,Philadelphia,M052,Online,175.0,1.0,193.8,163.129,506.6460648148148,18-25,0,30,51,2,189,0,-2.045428924171124,-2.2183516975169466,0
AC00315,79.92,Debit,Miami,M003,ATM,274.0,2.0,9138.76,42.3,636.6090625,36-50,1,24,2,0,428,2,0.23159108080792673,1.1694927570843514,0
AC00312,430.83,Debit,Los Angeles,M079,Branch,292.0,1.0,941.49,87.50,447.6656018518519,18-25,1,20,78,1,558,0,-2.4982116117884066,0.5617962862550722,0
AC00483,235.34,Debit,Washington,M085,Branch,68.0,1.0,566.83,198.166,384.6653240740741,26-35,1,42,84,1,289,1,-1.6311677266614586,0.2582553927197711,0
AC00430,86.35,Credit,Indianapolis,M026,Branch,24.0,1.0,1550.48,111.226,426.6197916666667,51-65,0,16,25,1,36,3,0.6639696195886695,-1.5855752226255777,0
AC00320,337.99,Debit,Colorado Springs,M069,ATM,115.0,1.0,9038.63,113.115,612.6421180555556,65+,1,7,68,0,43,4,2.3115602252487495,1.560510829714413,0
AC00464,577.13,Credit,San Jose,M065,Branch,66.0,1.0,6640.51,194.88,403.63797453703705,36-50,0,38,64,1,279,2,0.038709824770674306,-1.4432567164812413,0
AC00436,213.33,Debit,Omaha,M088,ATM,161.0,1.0,5400.44,60.197,433.6460416666667,51-65,1,29,87,0,484,3,0.6891665681058903,1.481857831003037,0
AC00279,54.52,Debit,Indianapolis,M047,Branch,164.0,1.0,6980.98,110.247,612.6088773148148,26-35,1,16,46,1,34,1,-0.7241511574686846,0.4226383292355395,0
AC00436,100.13,Debit,Denver,M068,Branch,168.0,1.0,5209.16,27.93,328.64601851851853,51-65,1,10,67,1,377,3,0.980381065582177,0.4312557753783463,0
AC00251,883.92,Credit,Tucson,M006,Online,129.0,1.0,2342.64,117.67,366.66884259259257,51-65,0,40,5,2,60,3,0.5968488444659342,-2.818128112571144,0
AC00412,69.8,Credit,New York,M004,Branch,138.0,1.0,136.77,125.225,551.6721875,26-35,0,27,3,1,77,1,-1.4628754146750012,-1.652241131753261,0
AC00284,768.94,Debit,Indianapolis,M051,Branch,53.0,1.0,6860.18,47.82,389.60510416666665,51-65,1,16,50,1,441,3,1.2784189631044343,0.33585485961775247,0
AC00054,179.62,Debit,Tucson,M082,Online,119.0,1.0,409.26,93.52,354.67435185185184,18-25,1,40,81,2,578,0,-2.280769214882314,-0.4863957036725068,0
AC00128,425.91,Debit,Jacksonville,M038,ATM,47.0,1.0,383.58,177.116,590.6477662037037,18-25,1,17,37,0,226,0,-2.2545726101476173,1.1441353358959603,0
AC00236,263.34,Debit,Denver,M084,ATM,55.0,1.0,2411.02,209.214,606.6024884259259,51-65,1,10,83,0,322,3,0.9043022888322626,1.7328218460748424,0
AC00275,113.03,Credit,Tucson,M001,Online,12.0,1.0,6756.13,11.3,599.5942013888889,36-50,0,40,0,2,30,2,-0.016688981386132527,-2.5048512410496757,0
AC00122,11.02,Debit,Austin,M070,Online,42.0,1.0,7879.66,77.208,461.59582175925925,36-50,1,2,69,2,521,2,0.18759078599271312,-0.12821153044074715,0
AC00302,865.17,Debit,Houston,M009,Branch,161.0,1.0,9297.5,77.21,332.62288194444443,18-25,1,15,8,1,522,0,-1.454345980454933,-0.11537335008999137,0
AC00058,152.0,Debit,Albuquerque,M060,ATM,63.0,1.0,7531.43,203.174,321.5805671296296,51-65,1,0,59,0,309,3,1.0463726347175777,1.1818029829220817,0
AC00058,270.39,Debit,Jacksonville,M006,ATM,104.0,1.0,899.15,111.226,510.6088657407407,18-25,1,17,5,0,36,0,-2.0485117329249434,0.7438469438241474,0
AC00042,246.41,Debit,Detroit,M071,ATM,23.0,1.0,1431.6,56.89,527.6260648148149,51-65,1,11,70,0,468,3,0.42893287951316844,1.5733322811729298,0
AC00276,336.84,Debit,Washington,M073,ATM,100.0,1.0,4500.26,161.195,607.6147337962963,18-25,1,42,72,0,182,0,-1.945460719337712,1.261497214626644,0
AC00275,261.45,Credit,Oklahoma City,M071,Online,96.0,1.0,6735.74,73.156,373.62991898148147,36-50,0,28,70,2,516,2,0.4140401297642108,-2.0411207358868353,0
AC00070,99.98,Credit,Washington,M093,Online,152.0,1.0,3037.97,22.196,584.6360416666666,65+,0,42,92,2,357,4,1.8296323409471167,-1.6178115806609548,0
AC00317,400.69,Debit,Las Vegas,M066,Online,26.0,1.0,9040.33,155.140,580.6583101851852,26-35,1,19,65,2,155,1,-0.5656886334034489,-0.3454379095720364,0
AC00347,411.47,Debit,Fort Worth,M080,ATM,120.0,1.0,796.63,33.28,314.65658564814817,26-35,1,13,79,0,396,1,-1.5872928057347795,1.1559674603026149,0
AC00179,204.63,Debit,Las Vegas,M090,Online,92.0,1.0,9199.52,147.227,501.59835648148146,51-65,1,19,89,2,135,3,1.194352505192418,-0.19802211410826884,0
AC00172,421.56,Debit,San Jose,M047,Online,144.0,1.0,8037.87,86.220,474.5930902777778,51-65,1,38,46,2,555,3,0.9005380235747735,-0.41661615409003266,0
AC00051,193.38,Debit,Memphis,M069,ATM,285.0,1.0,1081.79,91.204,472.67065972222224,18-25,1,22,68,0,567,0,-2.4734971253483327,1.3817554569665622,0
AC00202,377.04,Debit,Chicago,M054,ATM,64.0,1.0,3812.87,203.170,598.6373842592593,26-35,1,6,53,0,308,1,-1.0318478485183404,1.422976982112019,0
AC00125,54.1,Credit,Boston,M085,Branch,17.0,1.0,940.91,110.64,534.5967361111111,26-35,0,4,84,1,35,1,-1.226334503183561,-1.0619474458171203,0
AC00311,18.1,Debit,Louisville,M020,ATM,66.0,1.0,6474.34,147.119,569.6482407407408,51-65,1,21,19,0,133,3,1.0990663590628644,1.1154772758393168,0
AC00116,408.62,Credit,Fort Worth,M021,Online,159.0,1.0,2498.48,58.1,531.6009259259259,36-50,0,13,20,2,472,2,-0.10538479523388875,-2.08010281312825,0
AC00265,162.1,Debit,Baltimore,M018,Branch,221.0,1.0,9578.74,193.190,335.6649074074074,51-65,1,3,17,1,272,3,1.674840219049871,0.11942669250418934,0
AC00493,165.31,Debit,Boston,M059,ATM,28.0,1.0,7346.66,72.192,580.6699305555555,36-50,1,4,58,0,514,2,0.32549961884893414,1.6204105991958573,0
AC00057,267.48,Debit,Albuquerque,M002,ATM,159.0,2.0,811.86,170.225,643.6276157407408,18-25,1,0,1,0,211,0,-2.2508858553069944,1.0463571753596541,0
AC00279,856.9,Debit,New York,M088,Branch,150.0,1.0,8579.69,191.25,597.6661689814815,36-50,1,27,87,1,266,2,-0.12835125280967014,0.6770880796111554,0
AC00322,433.9,Debit,Albuquerque,M013,Online,37.0,1.0,9013.1,38.210,604.6033101851851,51-65,1,0,12,2,412,3,1.5529567240418118,-0.30543329164007216,0
AC00182,271.22,Credit,Louisville,M056,ATM,87.0,1.0,6863.02,4.105,580.6659606481481,36-50,0,21,55,0,416,2,0.21998467227713459,-0.19003571442875586,0
AC00432,307.68,Credit,Detroit,M068,Online,162.0,1.0,2052.84,5.74,655.6184722222222,65+,0,11,67,2,453,4,1.802548002842328,-1.4694821026247105,0
AC00030,348.17,Debit,El Paso,M072,ATM,181.0,1.0,1887.84,82.51,543.5934606481482,18-25,1,12,71,0,544,0,-2.269682951538338,1.5226165173461206,0
AC00407,43.1,Debit,Denver,M092,Branch,102.0,1.0,6944.9,65.124,396.57060185185185,18-25,1,10,91,1,497,0,-1.5064376066224587,0.615551763840205,0
AC00089,557.78,Credit,Phoenix,M072,Branch,102.0,1.0,1289.48,142.160,523.6362152777778,26-35,0,31,71,1,119,1,-1.4463387473729405,-1.3080468146180484,0
AC00375,325.6,Debit,Dallas,M026,ATM,88.0,1.0,13777.1,145.76,404.6633449074074,65+,1,9,25,0,127,4,2.7630364887317036,0.9931538698143991,0
AC00216,235.83,Credit,Memphis,M012,Online,169.0,1.0,4120.75,157.47,429.6542013888889,51-65,0,22,11,2,166,3,0.8389708129593556,-2.449534164071895,0
AC00069,603.54,Debit,Albuquerque,M029,Online,26.0,1.0,10517.47,112.86,562.6565972222222,36-50,1,0,28,2,42,2,0.5557261056643457,-0.5428549390117474,0
AC00427,270.25,Debit,Tucson,M065,ATM,42.0,1.0,5414.97,147.114,363.6348032407407,26-35,1,40,64,0,132,1,-0.9285502171925486,0.8592530448638921,0
AC00047,123.38,Debit,Sacramento,M049,Online,40.0,1.0,13542.41,163.129,307.6173263888889,51-65,1,34,48,2,189,3,1.8866860029569423,-0.8007872079207717,0
AC00377,577.12,Debit,Virginia Beach,M075,ATM,69.0,1.0,5265.88,120.16,646.6060532407407,36-50,1,41,74,0,69,2,-0.2784333745429689,1.331324180360112,0
AC00258,92.24,Debit,Philadelphia,M076,Branch,93.0,1.0,6937.48,189.183,570.5996875,51-65,1,30,75,1,255,3,1.190271932677362,0.6730926527165394,0
AC00297,856.21,Credit,Colorado Springs,M072,Branch,109.0,1.0,12690.79,21.157,557.6263078703704,26-35,0,7,71,1,324,1,-0.14591799406237807,-1.0200450704247577,0
AC00322,251.54,Debit,Tucson,M029,Branch,177.0,1.0,254.75,49.174,592.6075694444445,36-50,1,40,28,1,447,2,-0.5170884259457692,0.3892290625920986,0
AC00095,28.63,Debit,San Diego,M087,Branch,146.0,1.0,3382.91,58.1,440.6248726851852,51-65,1,36,86,1,472,3,0.6565174452220105,0.6333743854814462,0
AC00118,185.97,Debit,Denver,M041,Online,19.0,1.0,1776.91,21.190,618.6580555555555,18-25,1,10,40,2,325,0,-2.093965872470228,-0.340974886510582,0
AC00009,243.08,Credit,Jacksonville,M041,Online,93.0,1.0,131.25,59.127,628.6572453703703,18-25,0,17,40,2,475,0,-2.1792129056954384,-1.9143772526230156,0
